customer_id,customer_name,gender,age,city,state,signup_date,acquisition_channel
CUST00001,Yash Kumar,Male,31.0,Bengaluru,Karnataka,2025-04-10,Direct
CUST00002,Aarav Shah,Male,35.0,Mumbai,Maharashtra,2024-06-18,Social Media
CUST00003,Naveen Chauhan,Male,26.0,Bhopal,Madhya Pradesh,2025-06-16,Social Media
CUST00004,Ishita Tiwari,Female,37.0,Pune,Maharashtra,2025-02-06,Social Media
CUST00005,Krishna Banerjee,Male,39.0,Delhi,Delhi,2023-05-20,Paid Search
CUST00006,Deepak Singh,Male,38.0,Coimbatore,Tamil Nadu,2025-09-13,Social Media
CUST00007,Rahul Reddy,Male,31.0,Gurugram,Haryana,2025-03-31,Social Media
CUST00008,Sneha Nair,Female,44.0,Rajkot,Gujarat,2025-04-20,Direct
CUST00009,Meera Desai,Female,30.0,Pune,Maharashtra,2023-07-05,Direct
CUST00010,Vihaan Chopra,Male,30.0,Ahmedabad,Gujarat,2024-06-29,Paid Search
CUST00011,Saanvi Desai,Female,47.0,Delhi,Delhi,2024-04-11,Social Media
CUST00012,Reyansh Pandey,Male,22.0,Ahmedabad,Gujarat,2025-08-07,Organic Search
CUST00013,Pooja Sharma,Female,18.0,Surat,Gujarat,2024-12-23,Referral
CUST00014,Vihaan Iyer,Male,24.0,Bengaluru,Karnataka,2025-05-19,Social Media
CUST00015,Abhishek Reddy,Male,37.0,Chennai,Tamil Nadu,2024-06-22,Direct
CUST00016,Gaurav Agarwal,Male,46.0,Pune,Maharashtra,2023-11-05,Social Media
CUST00017,Riya Malhotra,Female,26.0,Thane,Maharashtra,2024-10-05,Social Media
CUST00018,Divya Pandey,Female,51.0,Mumbai,Maharashtra,2023-04-07,Organic Search
CUST00019,Swati Rao,Female,33.0,Nashik,Maharashtra,2025-05-23,Social Media
CUST00020,Manish Chauhan,Male,32.0,Chennai,Tamil Nadu,2024-12-12,Paid Search
CUST00021,Rahul Das,Male,25.0,Jaipur,Rajasthan,2025-03-29,Paid Search
CUST00022,Yash Kumar,Male,53.0,Gurugram,Haryana,2024-03-25,Organic Search
CUST00023,Yash Yadav,Male,31.0,Delhi,Delhi,2025-09-09,Organic Search
CUST00024,Vikram Mehta,Male,20.0,Rajkot,Gujarat,2025-07-13,Referral
CUST00025,Aadhya Agarwal,Female,58.0,Vadodara,Gujarat,2025-04-14,Social Media
CUST00026,Anjali Das,Female,37.0,Guwahati,Assam,2023-09-27,Organic Search
CUST00027,Ishita Mukherjee,Female,41.0,Ahmedabad,Gujarat,2024-07-15,Email
CUST00028,Aditya Das,Male,50.0,Delhi,Delhi,2023-03-09,Organic Search
CUST00029,Yash Saxena,Male,39.0,Mumbai,Maharashtra,2023-08-08,
CUST00030,Yash Joshi,Male,43.0,Patna,Bihar,2025-01-25,Organic Search
CUST00031,Varun Verma,Male,34.0,Delhi,Delhi,2025-03-18,Organic Search
CUST00032,Swati Tiwari,Female,40.0,Hyderabad,Telangana,2025-09-07,Referral
CUST00033,Aadhya Reddy,Female,33.0,Kochi,Kerala,2024-02-23,Social Media
CUST00034,Tarun Banerjee,Male,33.0,Chennai,Tamil Nadu,2024-04-10,Social Media
CUST00035,Ankit Yadav,Male,34.0,Bengaluru,Karnataka,2024-07-18,Social Media
CUST00036,Radhika Gupta,Female,29.0,Bhopal,Madhya Pradesh,2023-09-21,Paid Search
CUST00037,Aman Shah,Male,38.0,Bengaluru,Karnataka,2023-07-07,Social Media
CUST00038,Preeti Pandey,Female,38.0,Pune,Maharashtra,2024-07-24,Social Media
CUST00039,Juhi Singh,Female,41.0,Delhi,Delhi,2023-11-04,Paid Search
CUST00040,Swati Mukherjee,Female,39.0,Chennai,Tamil Nadu,2025-01-14,Paid Search
CUST00041,Ankit Patel,Male,53.0,Delhi,Delhi,2024-06-16,Organic Search
CUST00042,Saanvi Nair,Female,44.0,Visakhapatnam,Andhra Pradesh,2025-05-27,Organic Search
CUST00043,Sneha Bansal,Female,31.0,Ahmedabad,Gujarat,2025-02-09,Organic Search
CUST00044,Reyansh Tiwari,Male,38.0,Hyderabad,Telangana,2024-02-09,Social Media
CUST00045,Aarav Joshi,Male,47.0,Guwahati,Assam,2025-05-27,Paid Search
CUST00046,Kiran Nair,Female,24.0,Ghaziabad,Uttar Pradesh,2025-05-05,Social Media
CUST00047,Saanvi Gupta,Female,53.0,Pune,Maharashtra,2024-04-28,Paid Search
CUST00048,Rohan Menon,Male,25.0,Gurugram,Haryana,2024-01-13,Paid Search
CUST00049,Kavya Yadav,Female,42.0,Bengaluru,Karnataka,2025-01-25,Social Media
CUST00050,Tanvi Agarwal,Female,33.0,Pune,Maharashtra,2023-07-20,Organic Search
CUST00051,Kunal Nair,Male,32.0,Gurugram,Haryana,2023-10-03,Direct
CUST00052,Yash Patel,Male,20.0,Pune,Maharashtra,2023-01-12,Organic Search
CUST00053,Deepak Das,Male,42.0,Hyderabad,Telangana,2025-04-21,Email
CUST00054,Gaurav Yadav,Male,20.0,Vadodara,Gujarat,2025-01-10,Organic Search
CUST00055,Sneha Das,Female,19.0,Delhi,Delhi,2025-02-13,Paid Search
CUST00056,Meera Das,Female,45.0,Delhi,Delhi,2025-04-16,Paid Search
CUST00057,Aman Chopra,Male,51.0,Thane,Maharashtra,2024-07-07,Organic Search
CUST00058,Anita Singh,Female,26.0,Mumbai,Maharashtra,2024-10-18,Paid Search
CUST00059,Manish Desai,Male,43.0,Mumbai,Maharashtra,2023-07-20,Paid Search
CUST00060,Aditya Gupta,Male,41.0,Ahmedabad,Gujarat,2023-06-17,Referral
CUST00061,Vikram Kumar,Male,32.0,Ahmedabad,Gujarat,2025-01-13,Paid Search
CUST00062,Anita Verma,Female,46.0,Kolkata,West Bengal,2024-07-19,Organic Search
CUST00063,Komal Desai,Female,31.0,Thane,Maharashtra,2024-10-15,Organic Search
CUST00064,Nisha Tiwari,Female,38.0,Pune,Maharashtra,2025-04-03,Direct
CUST00065,Deepak Kumar,Male,20.0,Indore,Madhya Pradesh,2024-12-15,Organic Search
CUST00066,Naveen Banerjee,Male,21.0,Mumbai,Maharashtra,2024-10-04,Social Media
CUST00067,Suresh Pandey,Male,45.0,Hyderabad,Telangana,2024-10-09,Organic Search
CUST00068,Shreya Chauhan,Female,39.0,Noida,Uttar Pradesh,2024-01-31,Paid Search
CUST00069,Abhishek Menon,Male,32.0,Chennai,Tamil Nadu,2023-02-18,Paid Search
CUST00070,Ananya Agarwal,Female,52.0,Bengaluru,Karnataka,2024-06-16,Direct
CUST00071,Preeti Verma,Female,52.0,Guwahati,Assam,2023-10-21,Social Media
CUST00072,Abhishek Agarwal,Male,37.0,Chennai,Tamil Nadu,2024-05-19,Organic Search
CUST00073,Reyansh Chopra,Male,18.0,Kolkata,West Bengal,2025-06-12,Social Media
CUST00074,Suresh Joshi,Male,32.0,Bengaluru,Karnataka,2023-11-13,Organic Search
CUST00075,Anita Singh,Female,25.0,Lucknow,Uttar Pradesh,2023-03-30,Direct
CUST00076,Radhika Reddy,Female,34.0,Delhi,Delhi,2024-01-06,Paid Search
CUST00077,Rohan Patel,Male,24.0,Surat,Gujarat,2024-01-19,Direct
CUST00078,Riya Verma,Female,21.0,Bhopal,Madhya Pradesh,2025-01-07,Referral
CUST00079,Kunal Pandey,Male,18.0,Lucknow,Uttar Pradesh,2024-10-07,Organic Search
CUST00080,Vivaan Patel,Male,35.0,Mumbai,Maharashtra,2025-04-18,Direct
CUST00081,Meera Shah,Female,18.0,Mumbai,Maharashtra,2025-01-10,Direct
CUST00082,Kavya Chopra,Female,30.0,Ludhiana,Punjab,2024-05-17,Referral
CUST00083,Naveen Rao,Male,40.0,Chandigarh,Chandigarh,2025-05-12,Paid Search
CUST00084,Kiran Menon,Female,26.0,Delhi,Delhi,2023-08-24,Social Media
CUST00085,Anjali Verma,Female,22.0,Ahmedabad,Gujarat,2023-02-05,Organic Search
CUST00086,Simran Mishra,Female,32.0,Lucknow,Uttar Pradesh,2023-05-14,Direct
CUST00087,Payal Saxena,Female,25.0,Ludhiana,Punjab,2025-02-27,Organic Search
CUST00088,Kunal Iyer,Male,35.0,Chandigarh,Chandigarh,2024-07-10,Social Media
CUST00089,Kunal Shah,Male,23.0,Nagpur,Maharashtra,2023-08-17,Referral
CUST00090,Anjali Chopra,Female,32.0,Delhi,Delhi,2024-08-17,Direct
CUST00091,Rohan Agarwal,Male,30.0,Visakhapatnam,Andhra Pradesh,2023-08-05,Referral
CUST00092,Reyansh Kumar,Male,33.0,Agra,Uttar Pradesh,2025-02-06,Referral
CUST00093,Varun Banerjee,Male,49.0,Hyderabad,Telangana,2024-06-25,Social Media
CUST00094,Abhishek Patel,Male,35.0,Kolkata,West Bengal,2024-04-21,Social Media
CUST00095,Ankit Mehta,Male,38.0,Delhi,Delhi,2024-01-28,Organic Search
CUST00096,Gaurav Banerjee,Male,27.0,Hyderabad,Telangana,2024-12-11,Direct
CUST00097,Yash Iyer,Male,35.0,Nashik,Maharashtra,2024-04-01,Paid Search
CUST00098,Aman Banerjee,Male,30.0,Mumbai,Maharashtra,2023-05-11,Email
CUST00099,Tanvi Iyer,Female,33.0,Bhopal,Madhya Pradesh,2023-06-21,Paid Search
CUST00100,Sunita Gupta,Female,39.0,Mumbai,Maharashtra,2025-09-02,Paid Search
CUST00101,Deepak Gupta,Male,28.0,Bengaluru,Karnataka,2025-07-25,Paid Search
CUST00102,Aarav Mehta,Male,29.0,Jaipur,Rajasthan,2025-02-08,Direct
CUST00103,Reyansh Mukherjee,Male,28.0,Mumbai,Maharashtra,2023-12-19,Organic Search
CUST00104,Riya Shah,Female,28.0,Kanpur,Uttar Pradesh,2025-09-08,Paid Search
CUST00105,Juhi Desai,Female,35.0,Hyderabad,Telangana,2025-04-14,Organic Search
CUST00106,Ananya Agarwal,Female,29.0,Bhopal,Madhya Pradesh,2025-02-23,Paid Search
CUST00107,Simran Pandey,Female,48.0,Kochi,Kerala,2024-06-28,Social Media
CUST00108,Vikram Tiwari,Male,60.0,Chennai,Tamil Nadu,2023-12-27,Organic Search
CUST00109,Abhishek Nair,Male,27.0,Mumbai,Maharashtra,2023-05-23,Social Media
CUST00110,Aditya Tiwari,Male,36.0,Ludhiana,Punjab,2025-07-20,Referral
CUST00111,Rajesh Pandey,Male,43.0,Bengaluru,Karnataka,2024-07-04,Referral
CUST00112,Aditya Rao,Male,30.0,Delhi,Delhi,2023-10-06,Social Media
CUST00113,Ananya Iyer,Female,23.0,Rajkot,Gujarat,2024-02-02,Organic Search
CUST00114,Varun Patel,Male,50.0,Bengaluru,Karnataka,2024-10-27,Social Media
CUST00115,Anjali Pandey,Female,40.0,Jaipur,Rajasthan,2023-09-05,Social Media
CUST00116,Karthik Mukherjee,Male,36.0,Bengaluru,Karnataka,2025-06-15,Email
CUST00117,Manish Shah,Male,48.0,Indore,Madhya Pradesh,2025-03-29,Social Media
CUST00118,Aditi Yadav,Female,41.0,Lucknow,Uttar Pradesh,2025-02-25,Social Media
CUST00119,Rahul Chauhan,Male,,Kolkata,West Bengal,2024-06-11,Social Media
CUST00120,Gaurav Kapoor,Male,23.0,Pune,Maharashtra,2024-12-09,Referral
CUST00121,Rohan Iyer,,28.0,Bengaluru,Karnataka,2024-11-01,Social Media
CUST00122,Aditi Shah,Female,45.0,Mumbai,Maharashtra,2024-12-28,Organic Search
CUST00123,Siddharth Agarwal,Male,40.0,Vadodara,Gujarat,2023-05-07,Referral
CUST00124,Pooja Bansal,Female,31.0,Coimbatore,Tamil Nadu,2024-05-26,Social Media
CUST00125,Anjali Mukherjee,Female,51.0,Visakhapatnam,Andhra Pradesh,2023-03-06,Social Media
CUST00126,Tanvi Agarwal,Female,31.0,Indore,Madhya Pradesh,2024-08-10,Organic Search
CUST00127,Pranav Patel,Male,43.0,Kolkata,West Bengal,2024-02-28,Organic Search
CUST00128,Komal Mukherjee,Female,35.0,Jaipur,Rajasthan,2023-07-26,Email
CUST00129,Varun Rao,Male,52.0,Nagpur,Maharashtra,2023-06-02,Organic Search
CUST00130,Simran Saxena,Female,41.0,Mumbai,Maharashtra,2024-11-04,Paid Search
CUST00131,Gaurav Menon,Male,33.0,Chennai,Tamil Nadu,2023-08-28,Paid Search
CUST00132,Sanjay Shah,Male,31.0,Bengaluru,Karnataka,2025-08-06,Organic Search
CUST00133,Vikram Patel,Male,33.0,Ahmedabad,Gujarat,2024-10-29,
CUST00134,Swati Saxena,Female,26.0,Bhopal,Madhya Pradesh,2024-03-17,Organic Search
CUST00135,Payal Saxena,Female,19.0,Ahmedabad,Gujarat,2024-11-07,Organic Search
CUST00136,Manish Bansal,Male,36.0,Thane,Maharashtra,2023-02-05,Direct
CUST00137,Vikram Banerjee,Male,28.0,Noida,Uttar Pradesh,2025-08-31,Social Media
CUST00138,Rekha Kapoor,Female,28.0,Gurugram,Haryana,2024-07-30,
CUST00139,Diya Chopra,Female,32.0,Ghaziabad,Uttar Pradesh,2025-04-17,Paid Search
CUST00140,Kiran Singh,Female,34.0,Agra,Uttar Pradesh,2023-05-04,Referral
CUST00141,Reyansh Kumar,Male,33.0,Ahmedabad,Gujarat,2024-08-03,Organic Search
CUST00142,Preeti Iyer,Female,50.0,Thane,Maharashtra,2024-08-07,Organic Search
CUST00143,Divya Iyer,Female,40.0,Lucknow,Uttar Pradesh,2025-08-16,Organic Search
CUST00144,Ankit Banerjee,Male,54.0,Kochi,Kerala,2024-10-21,Organic Search
CUST00145,Tarun Rao,Male,29.0,Jaipur,Rajasthan,2024-07-21,Direct
CUST00146,Abhishek Desai,Male,41.0,Chennai,Tamil Nadu,2023-12-21,Paid Search
CUST00147,Rajesh Agarwal,Male,29.0,Ludhiana,Punjab,2024-02-29,Social Media
CUST00148,Juhi Pandey,Female,27.0,Bhopal,Madhya Pradesh,2024-09-04,Paid Search
CUST00149,Naveen Menon,Male,54.0,Delhi,Delhi,2024-06-18,Organic Search
CUST00150,Ritu Reddy,Female,25.0,Jaipur,Rajasthan,2023-02-04,Direct
CUST00151,Gaurav Kumar,Male,18.0,Jaipur,Rajasthan,2025-05-22,Social Media
CUST00152,Divya Das,Female,26.0,Surat,Gujarat,2025-07-15,Organic Search
CUST00153,Komal Verma,Female,18.0,Gurugram,Haryana,2023-07-21,Paid Search
CUST00154,Anita Chauhan,Female,23.0,Jaipur,Rajasthan,2024-10-05,Organic Search
CUST00155,Ritu Banerjee,Female,24.0,Nashik,Maharashtra,2023-06-09,Social Media
CUST00156,Siddharth Desai,Male,,Ahmedabad,Gujarat,2025-01-16,Paid Search
CUST00157,Simran Menon,Female,18.0,Mumbai,Maharashtra,2024-01-06,Direct
CUST00158,Sunita Sharma,Female,45.0,Ahmedabad,Gujarat,2025-01-05,Direct
CUST00159,Karthik Bansal,Male,,Pune,Maharashtra,2025-03-03,Organic Search
CUST00160,Divya Banerjee,Female,32.0,Ghaziabad,Uttar Pradesh,2025-04-06,Organic Search
CUST00161,Abhishek Menon,Male,30.0,Surat,Gujarat,2023-06-08,Direct
CUST00162,Meera Agarwal,Female,41.0,Chennai,Tamil Nadu,2025-07-30,Paid Search
CUST00163,Yash Nair,Male,37.0,Chennai,Tamil Nadu,2023-11-08,Paid Search
CUST00164,Kavya Kapoor,Female,45.0,Guwahati,Assam,2023-02-28,Social Media
CUST00165,Vihaan Chopra,Male,29.0,Delhi,Delhi,2024-10-05,Paid Search
CUST00166,Gaurav Saxena,Male,28.0,Delhi,Delhi,2024-04-11,Social Media
CUST00167,Karthik Bansal,Male,,Surat,Gujarat,2025-05-25,Direct
CUST00168,Ananya Sharma,Female,43.0,Nagpur,Maharashtra,2025-05-08,Social Media
CUST00169,Manish Desai,Male,41.0,Ahmedabad,Gujarat,2024-02-14,Organic Search
CUST00170,Kavya Desai,Female,36.0,Mumbai,Maharashtra,2025-08-27,Organic Search
CUST00171,Rajesh Singh,Male,35.0,Pune,Maharashtra,2024-01-16,Direct
CUST00172,Komal Agarwal,Female,33.0,Delhi,Delhi,2024-08-30,Social Media
CUST00173,Karthik Iyer,Male,37.0,Mumbai,Maharashtra,2023-12-08,Social Media
CUST00174,Neha Desai,Female,53.0,Hyderabad,Telangana,2025-08-14,Organic Search
CUST00175,Swati Reddy,Female,31.0,Delhi,Delhi,2023-08-21,Direct
CUST00176,Vikram Patel,Male,29.0,Chennai,Tamil Nadu,2023-03-11,Paid Search
CUST00177,Siddharth Iyer,Male,29.0,Bhopal,Madhya Pradesh,2024-06-14,Direct
CUST00178,Anjali Shah,Female,37.0,Mumbai,Maharashtra,2025-09-25,Organic Search
CUST00179,Aarav Saxena,Male,18.0,Kolkata,West Bengal,2025-07-12,Organic Search
CUST00180,Siddharth Chopra,Male,32.0,Kolkata,West Bengal,2025-03-21,Organic Search
CUST00181,Yash Verma,Male,42.0,Mumbai,Maharashtra,2025-07-11,Paid Search
CUST00182,Anjali Iyer,Female,28.0,Thane,Maharashtra,2025-07-13,Direct
CUST00183,Nisha Mishra,Female,35.0,Mumbai,Maharashtra,2024-09-02,Paid Search
CUST00184,Swati Joshi,Female,54.0,Gurugram,Haryana,2024-02-13,Referral
CUST00185,Riya Banerjee,Female,36.0,Lucknow,Uttar Pradesh,2025-04-09,Email
CUST00186,Varun Das,Male,18.0,Bengaluru,Karnataka,2025-01-07,Organic Search
CUST00187,Deepak Rao,Male,19.0,Gurugram,Haryana,2024-04-13,Social Media
CUST00188,Gaurav Iyer,Male,30.0,Ahmedabad,Gujarat,2023-05-21,Referral
CUST00189,Gaurav Patel,Male,25.0,Bengaluru,Karnataka,2025-03-19,Social Media
CUST00190,Rajesh Chopra,Male,34.0,Ahmedabad,Gujarat,2023-12-15,Organic Search
CUST00191,Payal Mehta,Female,30.0,Surat,Gujarat,2025-08-15,Referral
CUST00192,Siddharth Menon,Male,45.0,Indore,Madhya Pradesh,2023-11-21,Social Media
CUST00193,Naveen Mishra,Male,22.0,Lucknow,Uttar Pradesh,2023-06-28,Direct
CUST00194,Gaurav Menon,Male,31.0,Chandigarh,Chandigarh,2025-05-26,Social Media
CUST00195,Aarav Nair,Male,35.0,Noida,Uttar Pradesh,2023-08-06,Paid Search
CUST00196,Aditya Menon,Male,36.0,Delhi,Delhi,2023-09-08,Paid Search
CUST00197,Rahul Mehta,Male,34.0,Chandigarh,Chandigarh,2024-11-14,Direct
CUST00198,Tarun Chopra,Male,18.0,Delhi,Delhi,2025-06-29,Direct
CUST00199,Nisha Malhotra,Female,34.0,Noida,Uttar Pradesh,2023-09-29,Paid Search
CUST00200,Sneha Mehta,Female,31.0,Bengaluru,Karnataka,2024-02-07,Organic Search
CUST00201,Komal Menon,Female,42.0,Bengaluru,Karnataka,2025-04-13,Organic Search
CUST00202,Simran Mukherjee,Female,40.0,Chennai,Tamil Nadu,2025-09-10,Organic Search
CUST00203,Ananya Pandey,Female,35.0,Delhi,Delhi,2024-08-16,Paid Search
CUST00204,Ananya Nair,Female,36.0,Ghaziabad,Uttar Pradesh,2023-07-25,Paid Search
CUST00205,Varun Joshi,Male,47.0,Delhi,Delhi,2023-01-23,Organic Search
CUST00206,Preeti Tiwari,Female,45.0,Chennai,Tamil Nadu,2023-11-08,Paid Search
CUST00207,Ankit Mehta,Male,36.0,Chandigarh,Chandigarh,2023-07-10,Direct
CUST00208,Aarav Chopra,Male,54.0,Lucknow,Uttar Pradesh,2025-01-21,
CUST00209,Karthik Kapoor,Male,27.0,Jaipur,Rajasthan,2023-06-27,Social Media
CUST00210,Sanjay Kumar,Male,21.0,Guwahati,Assam,2024-08-22,Organic Search
CUST00211,Sneha Saxena,Female,33.0,Mumbai,Maharashtra,2025-02-04,Social Media
CUST00212,Karthik Bansal,Male,29.0,Hyderabad,Telangana,2024-10-29,Direct
CUST00213,Swati Menon,Female,18.0,Delhi,Delhi,2023-10-03,Organic Search
CUST00214,Payal Das,Female,26.0,Delhi,Delhi,2025-05-04,Referral
CUST00215,Deepak Nair,Male,36.0,Bengaluru,Karnataka,2025-02-21,Organic Search
CUST00216,Abhishek Mehta,Male,32.0,Surat,Gujarat,2025-03-13,Paid Search
CUST00217,Vikram Pandey,Male,25.0,Bengaluru,Karnataka,2023-07-09,Organic Search
CUST00218,Ankit Joshi,Male,33.0,Lucknow,Uttar Pradesh,2023-06-29,Paid Search
CUST00219,Ishita Iyer,Female,34.0,Thane,Maharashtra,2025-08-08,Organic Search
CUST00220,Meera Chauhan,Female,40.0,Ahmedabad,Gujarat,2024-05-08,Social Media
CUST00221,Komal Chatterjee,Female,27.0,Pune,Maharashtra,2024-01-27,Organic Search
CUST00222,Aman Patel,Male,42.0,Delhi,Delhi,2024-08-05,Referral
CUST00223,Shreya Kumar,Female,22.0,Bhopal,Madhya Pradesh,2025-01-08,Organic Search
CUST00224,Aadhya Tiwari,Female,28.0,Chennai,Tamil Nadu,2025-08-29,Organic Search
CUST00225,Vikram Iyer,Male,50.0,Ghaziabad,Uttar Pradesh,2024-01-11,Paid Search
CUST00226,Siddharth Iyer,Male,23.0,Pune,Maharashtra,2025-08-06,Social Media
CUST00227,Yash Das,Male,26.0,Nagpur,Maharashtra,2023-02-09,Direct
CUST00228,Rajesh Joshi,Male,20.0,Ahmedabad,Gujarat,2024-10-06,Referral
CUST00229,Sunita Menon,Female,25.0,Ahmedabad,Gujarat,2024-12-14,Paid Search
CUST00230,Ritu Tiwari,Female,34.0,Chennai,Tamil Nadu,2023-06-05,Direct
CUST00231,Aman Rao,Male,40.0,Lucknow,Uttar Pradesh,2023-07-21,Organic Search
CUST00232,Payal Singh,Female,33.0,Kolkata,West Bengal,2024-05-29,Direct
CUST00233,Manish Saxena,Male,30.0,Vadodara,Gujarat,2025-09-06,Paid Search
CUST00234,Suresh Shah,Male,21.0,Mumbai,Maharashtra,2024-11-11,Organic Search
CUST00235,Divya Tiwari,Female,26.0,Coimbatore,Tamil Nadu,2025-08-12,Paid Search
CUST00236,Kiran Chauhan,Female,18.0,Gurugram,Haryana,2025-05-05,Social Media
CUST00237,Preeti Bansal,Female,40.0,Bengaluru,Karnataka,2024-07-16,Paid Search
CUST00238,Rajesh Singh,Male,41.0,Mumbai,Maharashtra,2025-04-19,Organic Search
CUST00239,Neha Verma,Female,33.0,Pune,Maharashtra,2023-01-29,Paid Search
CUST00240,Meera Patel,Female,37.0,Mumbai,Maharashtra,2023-06-10,Paid Search
CUST00241,Rekha Menon,Female,42.0,Bengaluru,Karnataka,2025-05-24,Social Media
CUST00242,Abhishek Bansal,Male,34.0,Kolkata,West Bengal,2025-04-29,Direct
CUST00243,Krishna Iyer,Male,47.0,Surat,Gujarat,2023-11-11,Direct
CUST00244,Divya Sharma,Female,23.0,Delhi,Delhi,2024-09-13,Paid Search
CUST00245,Simran Gupta,Female,30.0,Gurugram,Haryana,2024-11-20,Social Media
CUST00246,Preeti Chatterjee,Female,28.0,Delhi,Delhi,2025-06-23,Social Media
CUST00247,Meera Sharma,Female,39.0,Delhi,Delhi,2024-11-17,Referral
CUST00248,Rekha Agarwal,Female,19.0,Delhi,Delhi,2024-05-23,Email
CUST00249,Divya Mehta,Female,47.0,Gurugram,Haryana,2024-04-14,Social Media
CUST00250,Tarun Banerjee,Male,39.0,Rajkot,Gujarat,2024-06-05,Paid Search
CUST00251,Rajesh Bansal,Male,51.0,Mumbai,Maharashtra,2024-12-30,Referral
CUST00252,Nikhil Das,Male,33.0,Indore,Madhya Pradesh,2025-06-23,Social Media
CUST00253,Swati Pandey,Female,27.0,Mumbai,Maharashtra,2024-07-03,Organic Search
CUST00254,Suresh Chauhan,Male,40.0,Mumbai,Maharashtra,2023-11-29,Social Media
CUST00255,Rohan Patel,Male,43.0,Mumbai,Maharashtra,2023-11-16,Organic Search
CUST00256,Saanvi Sharma,Female,26.0,Ghaziabad,Uttar Pradesh,2025-03-19,Organic Search
CUST00257,Meera Chauhan,Female,18.0,Chennai,Tamil Nadu,2025-05-14,Social Media
CUST00258,Vivaan Kapoor,Male,18.0,Pune,Maharashtra,2023-06-04,Social Media
CUST00259,Kunal Mishra,Male,36.0,Mumbai,Maharashtra,2023-04-11,Direct
CUST00260,Preeti Gupta,Female,48.0,Coimbatore,Tamil Nadu,2024-11-10,Direct
CUST00261,Arjun Saxena,Male,20.0,Kochi,Kerala,2023-07-28,Paid Search
CUST00262,Aditya Saxena,Male,30.0,Bengaluru,Karnataka,2025-05-21,Organic Search
CUST00263,Abhishek Reddy,Male,30.0,Lucknow,Uttar Pradesh,2024-02-07,Organic Search
CUST00264,Kunal Verma,Male,,Kanpur,Uttar Pradesh,2023-07-25,Direct
CUST00265,Saanvi Iyer,Female,56.0,Noida,Uttar Pradesh,2025-08-03,Paid Search
CUST00266,Krishna Chatterjee,Male,37.0,Kolkata,West Bengal,2023-08-22,Paid Search
CUST00267,Rohan Reddy,Male,42.0,Bengaluru,Karnataka,2024-01-09,Social Media
CUST00268,Aman Verma,Male,42.0,Ahmedabad,Gujarat,2023-08-07,Organic Search
CUST00269,Suresh Pandey,Male,20.0,Lucknow,Uttar Pradesh,2023-06-18,Social Media
CUST00270,Siddharth Shah,Male,40.0,Kolkata,West Bengal,2023-02-03,Referral
CUST00271,Aditi Pandey,Female,23.0,Mumbai,Maharashtra,2023-03-26,Social Media
CUST00272,Manish Mehta,Male,31.0,Vadodara,Gujarat,2023-09-02,Paid Search
CUST00273,Varun Chauhan,Male,44.0,Nashik,Maharashtra,2023-03-23,Organic Search
CUST00274,Aarav Reddy,Male,34.0,Kolkata,West Bengal,2024-11-07,Organic Search
CUST00275,Komal Singh,Female,44.0,Pune,Maharashtra,2025-01-23,Organic Search
CUST00276,Ishaan Yadav,Male,46.0,Kolkata,West Bengal,2024-05-04,Paid Search
CUST00277,Preeti Reddy,Female,18.0,Pune,Maharashtra,2024-02-15,
CUST00278,Juhi Rao,Female,18.0,Mumbai,Maharashtra,2024-08-20,Social Media
CUST00279,Riya Menon,Female,45.0,Chennai,Tamil Nadu,2025-06-29,Paid Search
CUST00280,Anita Desai,Female,45.0,Chennai,Tamil Nadu,2025-06-10,Paid Search
CUST00281,Ishaan Kapoor,Male,36.0,Guwahati,Assam,2023-03-09,Organic Search
CUST00282,Ananya Gupta,Female,37.0,Mumbai,Maharashtra,2023-09-11,Paid Search
CUST00283,Priya Tiwari,Female,42.0,Hyderabad,Telangana,2023-11-16,Social Media
CUST00284,Ankit Verma,Male,42.0,Kolkata,West Bengal,2023-12-01,Organic Search
CUST00285,Ishita Chauhan,Female,30.0,Ludhiana,Punjab,2024-10-20,Paid Search
CUST00286,Sanjay Chopra,Male,43.0,Chennai,Tamil Nadu,2024-05-27,Social Media
CUST00287,Pooja Reddy,Female,30.0,Bengaluru,Karnataka,2023-03-17,Social Media
CUST00288,Aadhya Joshi,Female,35.0,Pune,Maharashtra,2024-04-13,Direct
CUST00289,Anita Das,Female,35.0,Hyderabad,Telangana,2024-09-07,Email
CUST00290,Pranav Malhotra,Male,24.0,Pune,Maharashtra,2023-05-30,Social Media
CUST00291,Aditi Agarwal,Female,26.0,Nagpur,Maharashtra,2025-05-28,Referral
CUST00292,Saanvi Mukherjee,Female,55.0,Pune,Maharashtra,2023-03-21,Direct
CUST00293,Tarun Chopra,Male,24.0,Surat,Gujarat,2025-08-06,Referral
CUST00294,Saanvi Patel,Female,37.0,Mumbai,Maharashtra,2023-05-27,Social Media
CUST00295,Ishita Malhotra,Female,39.0,Lucknow,Uttar Pradesh,2025-06-05,Referral
CUST00296,Meera Menon,Female,32.0,Noida,Uttar Pradesh,2025-07-20,Organic Search
CUST00297,Tanvi Tiwari,Female,40.0,Kolkata,West Bengal,2025-09-16,Direct
CUST00298,Aditya Chauhan,Male,36.0,Vadodara,Gujarat,2025-05-03,Organic Search
CUST00299,Abhishek Sharma,Male,24.0,Pune,Maharashtra,2025-04-15,Organic Search
CUST00300,Pranav Agarwal,Male,38.0,Nagpur,Maharashtra,2024-12-22,Organic Search
CUST00301,Rohan Desai,Male,28.0,Hyderabad,Telangana,2025-04-14,Email
CUST00302,Vivaan Chopra,Male,50.0,Noida,Uttar Pradesh,2023-07-13,Paid Search
CUST00303,Sneha Mehta,Female,37.0,Bengaluru,Karnataka,2024-09-18,Social Media
CUST00304,Harsh Bansal,Male,26.0,Delhi,Delhi,2024-08-29,Paid Search
CUST00305,Sneha Kumar,Female,36.0,Mumbai,Maharashtra,2025-06-15,Paid Search
CUST00306,Varun Pandey,Male,24.0,Pune,Maharashtra,2024-07-11,Direct
CUST00307,Naveen Chatterjee,Male,36.0,Surat,Gujarat,2024-04-25,Paid Search
CUST00308,Kiran Singh,Female,31.0,Lucknow,Uttar Pradesh,2024-12-19,Social Media
CUST00309,Pooja Chopra,Female,25.0,Delhi,Delhi,2023-12-20,Referral
CUST00310,Varun Iyer,Male,25.0,Lucknow,Uttar Pradesh,2023-07-20,Organic Search
CUST00311,Aditi Mehta,Female,57.0,Delhi,Delhi,2024-07-26,Paid Search
CUST00312,Ankit Malhotra,Male,34.0,Bhopal,Madhya Pradesh,2024-05-27,Organic Search
CUST00313,Nikhil Nair,Male,29.0,Bengaluru,Karnataka,2023-11-11,Social Media
CUST00314,Ankit Shah,Male,27.0,Chennai,Tamil Nadu,2024-04-07,Email
CUST00315,Preeti Desai,Female,38.0,Ahmedabad,Gujarat,2024-04-06,Organic Search
CUST00316,Siddharth Nair,Male,27.0,Ahmedabad,Gujarat,2024-02-25,Organic Search
CUST00317,Saanvi Verma,Female,22.0,Indore,Madhya Pradesh,2024-04-19,Email
CUST00318,Pooja Shah,Female,33.0,Guwahati,Assam,2025-01-28,Social Media
CUST00319,Suresh Chatterjee,Male,33.0,Pune,Maharashtra,2024-01-23,Paid Search
CUST00320,Aadhya Joshi,Female,29.0,Ahmedabad,Gujarat,2025-08-24,Paid Search
CUST00321,Rajesh Banerjee,Male,24.0,Bengaluru,Karnataka,2025-07-30,Organic Search
CUST00322,Rajesh Mishra,Male,29.0,Surat,Gujarat,2024-07-29,Organic Search
CUST00323,Nikhil Nair,Male,28.0,Chennai,Tamil Nadu,2024-02-26,Paid Search
CUST00324,Deepak Pandey,Male,27.0,Visakhapatnam,Andhra Pradesh,2024-09-18,Social Media
CUST00325,Rajesh Banerjee,Male,36.0,Jaipur,Rajasthan,2025-06-08,Referral
CUST00326,Vihaan Malhotra,Male,55.0,Chennai,Tamil Nadu,2024-12-30,Social Media
CUST00327,Ritu Das,Female,46.0,Noida,Uttar Pradesh,2025-05-05,Organic Search
CUST00328,Deepak Singh,Male,52.0,Mumbai,Maharashtra,2024-09-15,Organic Search
CUST00329,Tarun Menon,Male,27.0,Nagpur,Maharashtra,2024-12-14,Email
CUST00330,Juhi Malhotra,Female,50.0,Chennai,Tamil Nadu,2024-01-13,Social Media
CUST00331,Ankit Reddy,Male,35.0,Delhi,Delhi,2025-03-10,Email
CUST00332,Priya Rao,Female,43.0,Mumbai,Maharashtra,2023-10-06,Paid Search
CUST00333,Neha Chopra,Female,38.0,Lucknow,Uttar Pradesh,2025-02-04,Organic Search
CUST00334,Arjun Agarwal,Male,30.0,Delhi,Delhi,2025-06-18,Direct
CUST00335,Arjun Das,Male,40.0,Agra,Uttar Pradesh,2023-07-10,Paid Search
CUST00336,Rohan Agarwal,Male,38.0,Hyderabad,Telangana,2024-11-27,Organic Search
CUST00337,Rohan Chauhan,Male,18.0,Hyderabad,Telangana,2023-05-21,Social Media
CUST00338,Naveen Mukherjee,Male,32.0,Lucknow,Uttar Pradesh,2025-03-02,Email
CUST00339,Ananya Malhotra,Female,42.0,Bengaluru,Karnataka,2023-05-07,Paid Search
CUST00340,Swati Sharma,Female,36.0,Mumbai,Maharashtra,2025-08-14,Social Media
CUST00341,Vikram Sharma,Male,38.0,Chennai,Tamil Nadu,2023-07-17,Paid Search
CUST00342,Priya Desai,Female,25.0,Pune,Maharashtra,2025-08-31,Referral
CUST00343,Manish Kapoor,Male,36.0,Chennai,Tamil Nadu,2025-05-02,Email
CUST00344,Divya Reddy,Female,32.0,Chennai,Tamil Nadu,2024-11-09,Social Media
CUST00345,Ishita Desai,Female,31.0,Lucknow,Uttar Pradesh,2025-04-17,Organic Search
CUST00346,Vikram Singh,Male,26.0,Ludhiana,Punjab,2025-04-27,Paid Search
CUST00347,Vihaan Bansal,Male,42.0,Ahmedabad,Gujarat,2025-08-22,Email
CUST00348,Kunal Nair,Male,36.0,Patna,Bihar,2023-12-05,Organic Search
CUST00349,Tanvi Joshi,Female,35.0,Mumbai,Maharashtra,2024-11-06,Organic Search
CUST00350,Vikram Saxena,Male,54.0,Kolkata,West Bengal,2023-05-21,Direct
CUST00351,Rekha Mukherjee,Female,38.0,Ahmedabad,Gujarat,2024-11-29,Referral
CUST00352,Vihaan Mukherjee,Male,45.0,Chennai,Tamil Nadu,2023-08-29,Direct
CUST00353,Karthik Singh,Male,36.0,Mumbai,Maharashtra,2024-10-14,Paid Search
CUST00354,Kiran Verma,Female,29.0,Delhi,Delhi,2024-10-21,Organic Search
CUST00355,Pranav Mishra,Male,22.0,Bengaluru,Karnataka,2024-07-14,Organic Search
CUST00356,Ankit Chauhan,Male,35.0,Bengaluru,Karnataka,2024-09-06,Social Media
CUST00357,Preeti Yadav,Female,18.0,Ahmedabad,Gujarat,2025-04-02,Referral
CUST00358,Vihaan Saxena,Male,36.0,Chennai,Tamil Nadu,2025-05-01,Paid Search
CUST00359,Priya Gupta,Female,36.0,Bengaluru,Karnataka,2024-08-08,Paid Search
CUST00360,Juhi Agarwal,Female,31.0,Surat,Gujarat,2024-11-14,Referral
CUST00361,Nikhil Singh,Male,32.0,Ahmedabad,Gujarat,2025-08-11,Organic Search
CUST00362,Pooja Kapoor,Female,20.0,Mumbai,Maharashtra,2023-06-24,Organic Search
CUST00363,Ankit Chopra,Male,47.0,Bengaluru,Karnataka,2023-06-20,Direct
CUST00364,Priya Malhotra,Female,30.0,Pune,Maharashtra,2023-05-11,Social Media
CUST00365,Saanvi Mehta,Female,23.0,Jaipur,Rajasthan,2025-01-04,Email
CUST00366,Ananya Pandey,Female,38.0,Patna,Bihar,2024-05-29,Direct
CUST00367,Anjali Das,Female,34.0,Bengaluru,Karnataka,2025-04-11,Referral
CUST00368,Aarav Mishra,Male,29.0,Pune,Maharashtra,2025-01-15,Paid Search
CUST00369,Anjali Chatterjee,Female,28.0,Kolkata,West Bengal,2024-03-03,Social Media
CUST00370,Aman Nair,Male,33.0,Ludhiana,Punjab,2025-07-17,Social Media
CUST00371,Pooja Pandey,Female,46.0,Indore,Madhya Pradesh,2025-04-01,Direct
CUST00372,Aditya Yadav,Male,38.0,Delhi,Delhi,2023-12-25,Organic Search
CUST00373,Ishaan Gupta,Male,33.0,Noida,Uttar Pradesh,2024-04-04,Social Media
CUST00374,Naveen Chatterjee,Male,42.0,Hyderabad,Telangana,2024-02-11,Referral
CUST00375,Pranav Gupta,Male,33.0,Noida,Uttar Pradesh,2023-08-12,Paid Search
CUST00376,Aditya Pandey,Male,37.0,Bengaluru,Karnataka,2023-07-30,Social Media
CUST00377,Ishaan Banerjee,Male,35.0,Chennai,Tamil Nadu,2025-08-14,Organic Search
CUST00378,Aadhya Mehta,Female,39.0,Pune,Maharashtra,2024-06-17,Organic Search
CUST00379,Anita Gupta,Female,29.0,Mumbai,Maharashtra,2024-04-23,Organic Search
CUST00380,Harsh Reddy,Male,22.0,Indore,Madhya Pradesh,2025-03-05,Paid Search
CUST00381,Aditi Nair,Female,42.0,Delhi,Delhi,2024-10-04,Organic Search
CUST00382,Ankit Saxena,Male,48.0,Delhi,Delhi,2025-08-14,Social Media
CUST00383,Nisha Saxena,Female,22.0,Bengaluru,Karnataka,2025-04-15,Paid Search
CUST00384,Ankit Chatterjee,Male,35.0,Noida,Uttar Pradesh,2024-07-27,Organic Search
CUST00385,Tanvi Mishra,Female,29.0,Noida,Uttar Pradesh,2024-04-16,Organic Search
CUST00386,Pranav Bansal,Male,42.0,Kolkata,West Bengal,2025-09-21,Social Media
CUST00387,Aditya Bansal,Male,35.0,Pune,Maharashtra,2025-02-23,Paid Search
CUST00388,Riya Reddy,Female,65.0,Bengaluru,Karnataka,2025-08-26,Social Media
CUST00389,Ritu Agarwal,Female,30.0,Chennai,Tamil Nadu,2023-06-22,Referral
CUST00390,Ishita Saxena,Female,48.0,Kochi,Kerala,2025-06-10,Email
CUST00391,Suresh Chauhan,Male,49.0,Patna,Bihar,2024-12-17,Social Media
CUST00392,Pranav Das,Male,38.0,Nagpur,Maharashtra,2023-06-27,Email
CUST00393,Pooja Sharma,Female,33.0,Bengaluru,Karnataka,2024-11-04,Social Media
CUST00394,Ankit Iyer,Male,34.0,Bhopal,Madhya Pradesh,2025-01-28,Paid Search
CUST00395,Siddharth Kapoor,Male,33.0,Noida,Uttar Pradesh,2023-01-20,Organic Search
CUST00396,Siddharth Kumar,Male,44.0,Kochi,Kerala,2024-07-03,Direct
CUST00397,Naveen Menon,Male,24.0,Jaipur,Rajasthan,2025-05-21,Referral
CUST00398,Ankit Chopra,Male,31.0,Delhi,Delhi,2024-01-21,Social Media
CUST00399,Ishaan Pandey,Male,30.0,Noida,Uttar Pradesh,2024-07-07,Social Media
CUST00400,Tanvi Chopra,Female,18.0,Pune,Maharashtra,2024-06-21,Social Media
CUST00401,Komal Desai,Female,42.0,Mumbai,Maharashtra,2024-01-28,
CUST00402,Pooja Shah,Female,44.0,Mumbai,Maharashtra,2025-08-01,Organic Search
CUST00403,Radhika Malhotra,Female,27.0,Jaipur,Rajasthan,2025-04-16,Organic Search
CUST00404,Gaurav Chauhan,Male,43.0,Ludhiana,Punjab,2023-06-12,Email
CUST00405,Sunita Chatterjee,Female,18.0,Gurugram,Haryana,2025-09-28,Social Media
CUST00406,Diya Pandey,Female,33.0,Gurugram,Haryana,2025-07-02,Paid Search
CUST00407,Ishita Nair,Female,32.0,Jaipur,Rajasthan,2024-01-09,Organic Search
CUST00408,Deepak Desai,Male,34.0,Kochi,Kerala,2025-05-30,Referral
CUST00409,Nisha Chauhan,Female,34.0,Delhi,Delhi,2023-06-06,Email
CUST00410,Kiran Pandey,Female,32.0,Mumbai,Maharashtra,2025-09-30,Referral
CUST00411,Anita Banerjee,Female,29.0,Mumbai,Maharashtra,2025-01-11,Paid Search
CUST00412,Anjali Chatterjee,Female,32.0,Visakhapatnam,Andhra Pradesh,2024-12-28,Paid Search
CUST00413,Shreya Tiwari,Female,47.0,Chandigarh,Chandigarh,2023-05-15,Social Media
CUST00414,Aadhya Chatterjee,Female,27.0,Ludhiana,Punjab,2025-07-16,Organic Search
CUST00415,Saanvi Sharma,Female,56.0,Gurugram,Haryana,2023-02-15,Paid Search
CUST00416,Meera Banerjee,Female,27.0,Pune,Maharashtra,2023-11-21,Paid Search
CUST00417,Neha Desai,Female,35.0,Bhopal,Madhya Pradesh,2023-07-24,Social Media
CUST00418,Aarav Agarwal,Male,39.0,Hyderabad,Telangana,2025-04-13,Paid Search
CUST00419,Divya Gupta,Female,30.0,Visakhapatnam,Andhra Pradesh,2023-10-01,Organic Search
CUST00420,Pranav Joshi,Male,47.0,Bhopal,Madhya Pradesh,2025-07-26,Paid Search
CUST00421,Gaurav Desai,Male,38.0,Chennai,Tamil Nadu,2025-01-03,Paid Search
CUST00422,Vikram Malhotra,Male,31.0,Mumbai,Maharashtra,2023-02-26,Social Media
CUST00423,Ankit Reddy,Male,47.0,Bengaluru,Karnataka,2023-01-09,Referral
CUST00424,Rajesh Agarwal,Male,23.0,Rajkot,Gujarat,2023-03-21,Organic Search
CUST00425,Arjun Bansal,Male,27.0,Jaipur,Rajasthan,2024-11-20,Social Media
CUST00426,Aman Kumar,Male,39.0,Ahmedabad,Gujarat,2025-05-02,Paid Search
CUST00427,Simran Bansal,Female,41.0,Gurugram,Haryana,2023-11-18,Social Media
CUST00428,Sunita Desai,Female,36.0,Ahmedabad,Gujarat,2025-06-09,Referral
CUST00429,Meera Chatterjee,Female,32.0,Hyderabad,Telangana,2023-03-29,Paid Search
CUST00430,Karthik Bansal,Male,30.0,Visakhapatnam,Andhra Pradesh,2025-05-02,Referral
CUST00431,Gaurav Singh,Male,44.0,Hyderabad,Telangana,2025-08-08,Organic Search
CUST00432,Priya Nair,Female,35.0,Chennai,Tamil Nadu,2025-04-09,Direct
CUST00433,Varun Pandey,Male,24.0,Indore,Madhya Pradesh,2025-02-07,Email
CUST00434,Aadhya Kumar,Female,24.0,Chennai,Tamil Nadu,2025-05-31,Organic Search
CUST00435,Kiran Mishra,Female,48.0,Hyderabad,Telangana,2023-03-04,Social Media
CUST00436,Rohan Desai,Male,26.0,Mumbai,Maharashtra,2023-10-06,Paid Search
CUST00437,Ankit Sharma,Male,36.0,Agra,Uttar Pradesh,2023-07-01,Direct
CUST00438,Aman Kumar,Male,47.0,Pune,Maharashtra,2024-08-20,Organic Search
CUST00439,Tanvi Verma,Female,38.0,Ludhiana,Punjab,2025-03-18,Social Media
CUST00440,Vihaan Bansal,Male,25.0,Surat,Gujarat,2024-12-11,Paid Search
CUST00441,Aadhya Mehta,Female,23.0,Delhi,Delhi,2025-06-10,Organic Search
CUST00442,Sunita Joshi,Female,52.0,Ahmedabad,Gujarat,2023-08-09,Referral
CUST00443,Tarun Chauhan,Male,23.0,Chennai,Tamil Nadu,2025-03-09,Email
CUST00444,Yash Mishra,Male,27.0,Thane,Maharashtra,2023-09-25,Social Media
CUST00445,Vikram Chauhan,Male,37.0,Pune,Maharashtra,2023-12-25,Direct
CUST00446,Ankit Mukherjee,Male,31.0,Lucknow,Uttar Pradesh,2025-02-17,Direct
CUST00447,Radhika Kumar,Female,39.0,Bhopal,Madhya Pradesh,2025-09-16,Referral
CUST00448,Anjali Nair,Female,18.0,Bengaluru,Karnataka,2024-11-25,Organic Search
CUST00449,Sunita Nair,Female,31.0,Rajkot,Gujarat,2023-03-25,Direct
CUST00450,Siddharth Saxena,Male,40.0,Chennai,Tamil Nadu,2024-11-29,Organic Search
CUST00451,Varun Yadav,Male,40.0,Lucknow,Uttar Pradesh,2023-03-07,Social Media
CUST00452,Sneha Rao,Female,27.0,Bengaluru,Karnataka,2025-07-06,Direct
CUST00453,Kiran Menon,Female,23.0,Bengaluru,Karnataka,2025-02-17,Organic Search
CUST00454,Nisha Reddy,Female,35.0,Thane,Maharashtra,2023-08-31,Organic Search
CUST00455,Aadhya Menon,Female,20.0,Hyderabad,Telangana,2023-05-17,Referral
CUST00456,Preeti Gupta,Female,46.0,Nashik,Maharashtra,2023-09-13,Organic Search
CUST00457,Aditya Chauhan,Male,35.0,Lucknow,Uttar Pradesh,2025-09-16,Organic Search
CUST00458,Rahul Mukherjee,Male,26.0,Lucknow,Uttar Pradesh,2024-07-07,Organic Search
CUST00459,Payal Desai,Female,22.0,Ahmedabad,Gujarat,2025-04-18,Social Media
CUST00460,Tarun Patel,Male,27.0,Coimbatore,Tamil Nadu,2024-12-17,Paid Search
CUST00461,Preeti Chatterjee,Female,18.0,Gurugram,Haryana,2024-10-21,Paid Search
CUST00462,Vihaan Chatterjee,Male,38.0,Bengaluru,Karnataka,2023-07-27,Direct
CUST00463,Sanjay Gupta,Male,25.0,Kolkata,West Bengal,2025-08-22,Email
CUST00464,Gaurav Sharma,Male,37.0,Chandigarh,Chandigarh,2024-01-28,Social Media
CUST00465,Nisha Desai,Female,38.0,Mumbai,Maharashtra,2024-10-26,Paid Search
CUST00466,Saanvi Joshi,Female,43.0,Hyderabad,Telangana,2025-02-08,Referral
CUST00467,Ishaan Kapoor,Male,36.0,Noida,Uttar Pradesh,2024-12-28,Organic Search
CUST00468,Ishaan Pandey,Male,44.0,Kolkata,West Bengal,2025-08-18,Direct
CUST00469,Sanjay Saxena,Male,47.0,Noida,Uttar Pradesh,2023-07-31,Organic Search
CUST00470,Aditya Chauhan,Male,36.0,Ahmedabad,Gujarat,2024-08-23,Referral
CUST00471,Diya Sharma,Female,36.0,Pune,Maharashtra,2024-05-14,Direct
CUST00472,Reyansh Rao,Male,27.0,Chennai,Tamil Nadu,2024-07-22,Organic Search
CUST00473,Naveen Bansal,Male,23.0,Chennai,Tamil Nadu,2023-06-23,Organic Search
CUST00474,Aditya Mishra,Male,46.0,Chandigarh,Chandigarh,2023-07-13,Organic Search
CUST00475,Priya Mishra,Female,39.0,Nagpur,Maharashtra,2024-01-02,Paid Search
CUST00476,Riya Malhotra,Female,40.0,Gurugram,Haryana,2024-01-31,Paid Search
CUST00477,Rekha Chauhan,Female,27.0,Hyderabad,Telangana,2024-06-07,Organic Search
CUST00478,Rekha Kumar,Female,49.0,Guwahati,Assam,2024-11-24,Organic Search
CUST00479,Tanvi Iyer,Female,31.0,Indore,Madhya Pradesh,2024-12-15,Paid Search
CUST00480,Abhishek Gupta,Male,25.0,Delhi,Delhi,2024-05-22,Organic Search
CUST00481,Aditi Reddy,Female,27.0,Chennai,Tamil Nadu,2024-05-19,Email
CUST00482,Radhika Bansal,Female,49.0,Bengaluru,Karnataka,2023-10-25,Organic Search
CUST00483,Tarun Patel,Male,22.0,Bengaluru,Karnataka,2024-11-04,Organic Search
CUST00484,Payal Agarwal,Female,25.0,Gurugram,Haryana,2024-02-14,Organic Search
CUST00485,Aditi Bansal,Female,62.0,Noida,Uttar Pradesh,2023-02-26,Organic Search
CUST00486,Ishita Pandey,Female,42.0,Mumbai,Maharashtra,2024-05-29,Organic Search
CUST00487,Rohan Saxena,Male,26.0,Delhi,Delhi,2024-07-22,Organic Search
CUST00488,Harsh Agarwal,Male,22.0,Bengaluru,Karnataka,2023-11-03,Organic Search
CUST00489,Nisha Malhotra,Female,18.0,Ludhiana,Punjab,2024-10-21,Paid Search
CUST00490,Vikram Bansal,Male,34.0,Surat,Gujarat,2024-10-15,Paid Search
CUST00491,Pranav Patel,Male,40.0,Pune,Maharashtra,2025-02-10,Social Media
CUST00492,Kunal Agarwal,Male,48.0,Jaipur,Rajasthan,2024-12-26,Direct
CUST00493,Nikhil Mishra,Male,18.0,Noida,Uttar Pradesh,2024-12-30,Social Media
CUST00494,Radhika Chatterjee,Female,20.0,Bengaluru,Karnataka,2024-02-13,Organic Search
CUST00495,Ishita Sharma,Female,32.0,Delhi,Delhi,2025-04-21,Paid Search
CUST00496,Rekha Nair,Female,61.0,Jaipur,Rajasthan,2024-09-30,Social Media
CUST00497,Krishna Gupta,Male,42.0,Noida,Uttar Pradesh,2024-06-11,Social Media
CUST00498,Ishaan Desai,Male,37.0,Indore,Madhya Pradesh,2024-12-08,Organic Search
CUST00499,Harsh Chauhan,Male,21.0,Coimbatore,Tamil Nadu,2024-03-31,Email
CUST00500,Rajesh Gupta,Male,18.0,Coimbatore,Tamil Nadu,2024-08-28,Organic Search
CUST00501,Simran Menon,Female,33.0,Bengaluru,Karnataka,2025-03-11,Paid Search
CUST00502,Vihaan Malhotra,Male,32.0,Kanpur,Uttar Pradesh,2025-07-08,Social Media
CUST00503,Abhishek Mishra,Male,30.0,Nashik,Maharashtra,2025-08-03,Direct
CUST00504,Ritu Shah,Female,29.0,Mumbai,Maharashtra,2024-08-19,Direct
CUST00505,Shreya Mukherjee,Female,26.0,Lucknow,Uttar Pradesh,2024-09-04,Direct
CUST00506,Siddharth Sharma,Male,23.0,Bengaluru,Karnataka,2025-05-01,Paid Search
CUST00507,Anita Iyer,Female,47.0,Ghaziabad,Uttar Pradesh,2024-02-11,Paid Search
CUST00508,Aman Nair,Male,24.0,Bengaluru,Karnataka,2025-05-31,Organic Search
CUST00509,Payal Patel,Female,30.0,Ahmedabad,Gujarat,2024-08-10,Paid Search
CUST00510,Sunita Kumar,Female,33.0,Kanpur,Uttar Pradesh,2023-06-19,Email
CUST00511,Abhishek Iyer,Male,40.0,Pune,Maharashtra,2023-04-19,Organic Search
CUST00512,Pranav Verma,Male,24.0,Delhi,Delhi,2025-06-03,Organic Search
CUST00513,Ankit Mishra,Male,43.0,Bengaluru,Karnataka,2023-03-26,Direct
CUST00514,Aadhya Tiwari,Female,27.0,Rajkot,Gujarat,2024-01-05,Organic Search
CUST00515,Abhishek Chauhan,Male,31.0,Kochi,Kerala,2024-03-03,Organic Search
CUST00516,Simran Sharma,Female,49.0,Nagpur,Maharashtra,2023-08-31,Direct
CUST00517,Vihaan Nair,Male,23.0,Mumbai,Maharashtra,2024-02-10,Paid Search
CUST00518,Harsh Chatterjee,Male,40.0,Thane,Maharashtra,2025-03-16,Referral
CUST00519,Vivaan Rao,Male,43.0,Lucknow,Uttar Pradesh,2023-01-24,Organic Search
CUST00520,Yash Yadav,Male,36.0,Chennai,Tamil Nadu,2025-05-23,Organic Search
CUST00521,Kunal Malhotra,Male,32.0,Bengaluru,Karnataka,2025-06-15,Organic Search
CUST00522,Kavya Patel,Female,54.0,Delhi,Delhi,2024-04-12,Organic Search
CUST00523,Tanvi Gupta,Female,33.0,Mumbai,Maharashtra,2023-08-07,Paid Search
CUST00524,Harsh Joshi,Male,35.0,Lucknow,Uttar Pradesh,2024-11-15,Social Media
CUST00525,Diya Chauhan,Female,30.0,Hyderabad,Telangana,2023-06-24,Paid Search
CUST00526,Pranav Kapoor,Male,35.0,Kolkata,West Bengal,2024-04-04,Paid Search
CUST00527,Tanvi Mehta,Female,43.0,Pune,Maharashtra,2025-08-31,Organic Search
CUST00528,Abhishek Das,Male,30.0,Jaipur,Rajasthan,2025-09-27,Social Media
CUST00529,Nisha Mukherjee,Female,18.0,Jaipur,Rajasthan,2025-04-09,Organic Search
CUST00530,Naveen Bansal,Male,38.0,Kolkata,West Bengal,2024-02-07,Organic Search
CUST00531,Kunal Menon,Male,22.0,Delhi,Delhi,2025-01-29,Direct
CUST00532,Radhika Chopra,Female,40.0,Mumbai,Maharashtra,2025-02-13,Direct
CUST00533,Aman Mehta,Male,33.0,Jaipur,Rajasthan,2024-04-28,Organic Search
CUST00534,Harsh Sharma,Male,42.0,Chennai,Tamil Nadu,2024-12-20,Organic Search
CUST00535,Naveen Bansal,Male,24.0,Chennai,Tamil Nadu,2023-01-18,Social Media
CUST00536,Anita Saxena,Female,28.0,Chennai,Tamil Nadu,2023-10-14,Paid Search
CUST00537,Rohan Saxena,Male,30.0,Delhi,Delhi,2024-09-08,Direct
CUST00538,Aadhya Agarwal,Female,18.0,Delhi,Delhi,2023-08-20,Paid Search
CUST00539,Riya Malhotra,Female,44.0,Lucknow,Uttar Pradesh,2023-08-22,Organic Search
CUST00540,Sneha Iyer,Female,18.0,Kolkata,West Bengal,2025-05-30,
CUST00541,Ishaan Mishra,Male,44.0,Surat,Gujarat,2025-09-23,Organic Search
CUST00542,Sunita Banerjee,Female,37.0,Delhi,Delhi,2024-10-06,Paid Search
CUST00543,Rohan Chopra,Male,31.0,Vadodara,Gujarat,2025-06-01,Social Media
CUST00544,Priya Joshi,Female,36.0,Ahmedabad,Gujarat,2025-09-23,Direct
CUST00545,Aman Pandey,Male,36.0,Surat,Gujarat,2023-07-22,Organic Search
CUST00546,Pooja Malhotra,Female,29.0,Chennai,Tamil Nadu,2024-06-27,Social Media
CUST00547,Kavya Rao,Female,36.0,Chennai,Tamil Nadu,2024-05-03,Organic Search
CUST00548,Sanjay Mishra,Male,40.0,Visakhapatnam,Andhra Pradesh,2023-05-01,Referral
CUST00549,Siddharth Patel,Male,24.0,Delhi,Delhi,2025-03-26,Organic Search
CUST00550,Naveen Shah,Male,36.0,Mumbai,Maharashtra,2024-06-13,Organic Search
CUST00551,Riya Nair,Female,18.0,Mumbai,Maharashtra,2024-07-17,Organic Search
CUST00552,Kunal Iyer,Male,18.0,Guwahati,Assam,2023-08-03,Email
CUST00553,Radhika Yadav,Female,39.0,Gurugram,Haryana,2023-09-10,Organic Search
CUST00554,Kunal Chatterjee,Male,29.0,Nagpur,Maharashtra,2025-07-23,Social Media
CUST00555,Preeti Pandey,Female,24.0,Chennai,Tamil Nadu,2023-03-10,Organic Search
CUST00556,Rahul Rao,Male,32.0,Mumbai,Maharashtra,2023-11-11,Social Media
CUST00557,Vihaan Iyer,Male,29.0,Ghaziabad,Uttar Pradesh,2024-01-18,Direct
CUST00558,Gaurav Agarwal,Male,23.0,Delhi,Delhi,2024-08-06,Organic Search
CUST00559,Sunita Mehta,Female,18.0,Bengaluru,Karnataka,2024-11-03,Social Media
CUST00560,Rohan Singh,Male,18.0,Ludhiana,Punjab,2024-08-09,Paid Search
CUST00561,Krishna Kumar,Male,40.0,Bengaluru,Karnataka,2023-05-06,Paid Search
CUST00562,Harsh Shah,Male,29.0,Ludhiana,Punjab,2023-11-24,Organic Search
CUST00563,Diya Desai,Female,43.0,Patna,Bihar,2025-06-05,Organic Search
CUST00564,Sunita Verma,Female,29.0,Ludhiana,Punjab,2024-12-18,Email
CUST00565,Suresh Kapoor,Male,37.0,Kanpur,Uttar Pradesh,2024-12-28,Paid Search
CUST00566,Abhishek Agarwal,Male,32.0,Hyderabad,Telangana,2025-01-15,Organic Search
CUST00567,Harsh Agarwal,Male,33.0,Lucknow,Uttar Pradesh,2025-04-01,Organic Search
CUST00568,Rajesh Desai,Male,34.0,Ghaziabad,Uttar Pradesh,2023-03-30,Social Media
CUST00569,Rekha Chatterjee,Female,29.0,Bhopal,Madhya Pradesh,2024-04-06,Direct
CUST00570,Aditya Saxena,Male,21.0,Nashik,Maharashtra,2024-09-21,Referral
CUST00571,Tanvi Gupta,Female,41.0,Kochi,Kerala,2024-03-08,Email
CUST00572,Ritu Agarwal,Female,49.0,Nagpur,Maharashtra,2025-06-05,Direct
CUST00573,Priya Iyer,Female,,Gurugram,Haryana,2024-07-30,Social Media
CUST00574,Harsh Yadav,Male,27.0,Bengaluru,Karnataka,2025-04-06,Paid Search
CUST00575,Anjali Desai,Female,26.0,Noida,Uttar Pradesh,2025-06-11,Paid Search
CUST00576,Manish Kumar,Male,27.0,Chandigarh,Chandigarh,2024-08-20,Direct
CUST00577,Arjun Chauhan,Male,31.0,Mumbai,Maharashtra,2025-07-25,Organic Search
CUST00578,Ananya Gupta,Female,32.0,Jaipur,Rajasthan,2024-11-03,Paid Search
CUST00579,Rohan Yadav,Male,23.0,Kolkata,West Bengal,2025-06-10,Email
CUST00580,Ankit Joshi,Male,18.0,Vadodara,Gujarat,2024-03-10,Organic Search
CUST00581,Deepak Kumar,Male,33.0,Delhi,Delhi,2024-08-15,Referral
CUST00582,Arjun Joshi,Male,18.0,Pune,Maharashtra,2024-09-14,Referral
CUST00583,Sneha Das,Female,32.0,Kolkata,West Bengal,2023-06-04,Paid Search
CUST00584,Nisha Rao,Female,24.0,Ahmedabad,Gujarat,2024-05-09,Referral
CUST00585,Komal Yadav,Female,41.0,Guwahati,Assam,2025-07-31,Organic Search
CUST00586,Vihaan Singh,Male,43.0,Pune,Maharashtra,2024-12-12,Direct
CUST00587,Krishna Kumar,Male,44.0,Chennai,Tamil Nadu,2023-09-06,Organic Search
CUST00588,Vikram Mehta,Male,30.0,Agra,Uttar Pradesh,2024-03-08,Organic Search
CUST00589,Rajesh Chauhan,Male,22.0,Delhi,Delhi,2023-09-23,Paid Search
CUST00590,Aadhya Kumar,Female,25.0,Bengaluru,Karnataka,2023-02-08,Social Media
CUST00591,Kavya Yadav,Female,36.0,Bengaluru,Karnataka,2025-08-08,
CUST00592,Tanvi Bansal,Female,18.0,Gurugram,Haryana,2024-06-27,Social Media
CUST00593,Swati Desai,Female,47.0,Rajkot,Gujarat,2024-02-04,Email
CUST00594,Krishna Banerjee,Male,30.0,Jaipur,Rajasthan,2024-11-13,Social Media
CUST00595,Aditi Nair,Female,38.0,Hyderabad,Telangana,2023-01-12,Referral
CUST00596,Ananya Shah,Female,18.0,Chennai,Tamil Nadu,2024-01-02,Organic Search
CUST00597,Kiran Malhotra,Female,24.0,Pune,Maharashtra,2025-02-11,Direct
CUST00598,Siddharth Chatterjee,Male,18.0,Pune,Maharashtra,2024-12-14,Direct
CUST00599,Swati Reddy,Female,43.0,Bengaluru,Karnataka,2025-09-17,Direct
CUST00600,Harsh Rao,Male,31.0,Delhi,Delhi,2024-12-03,Paid Search
CUST00601,Saanvi Kumar,Female,39.0,Chandigarh,Chandigarh,2024-07-25,Direct
CUST00602,Sneha Verma,Female,34.0,Lucknow,Uttar Pradesh,2025-03-31,Organic Search
CUST00603,Kavya Chatterjee,Female,38.0,Delhi,Delhi,2025-07-21,Organic Search
CUST00604,Abhishek Saxena,Male,30.0,Kochi,Kerala,2025-02-26,Paid Search
CUST00605,Varun Tiwari,Male,31.0,Chennai,Tamil Nadu,2025-09-03,Direct
CUST00606,Rekha Kumar,Female,32.0,Thane,Maharashtra,2025-04-17,Direct
CUST00607,Nisha Das,Female,37.0,Delhi,Delhi,2025-06-23,Paid Search
CUST00608,Komal Nair,Female,37.0,Gurugram,Haryana,2023-06-16,Email
CUST00609,Kunal Kapoor,Male,61.0,Mumbai,Maharashtra,2025-03-08,Paid Search
CUST00610,Payal Sharma,Female,50.0,Noida,Uttar Pradesh,2024-06-19,Organic Search
CUST00611,Radhika Das,Female,18.0,Indore,Madhya Pradesh,2024-10-04,Social Media
CUST00612,Rajesh Chatterjee,Male,32.0,Bengaluru,Karnataka,2025-01-01,Organic Search
CUST00613,Arjun Das,Male,29.0,Delhi,Delhi,2025-09-08,Social Media
CUST00614,Swati Kumar,Female,46.0,Ludhiana,Punjab,2025-09-19,Organic Search
CUST00615,Rahul Desai,Male,30.0,Mumbai,Maharashtra,2024-01-13,Organic Search
CUST00616,Neha Reddy,Female,38.0,Delhi,Delhi,2025-03-09,Social Media
CUST00617,Saanvi Mukherjee,Female,18.0,Kanpur,Uttar Pradesh,2025-03-22,Paid Search
CUST00618,Vihaan Pandey,Male,18.0,Mumbai,Maharashtra,2024-03-16,Referral
CUST00619,Reyansh Gupta,Male,54.0,Pune,Maharashtra,2023-06-29,Social Media
CUST00620,Aditi Iyer,Female,34.0,Jaipur,Rajasthan,2023-03-05,Organic Search
CUST00621,Kavya Das,Female,23.0,Mumbai,Maharashtra,2025-04-13,Email
CUST00622,Saanvi Menon,Female,,Ahmedabad,Gujarat,2024-08-06,Organic Search
CUST00623,Nisha Banerjee,Female,22.0,Mumbai,Maharashtra,2025-09-20,Social Media
CUST00624,Aditi Chopra,Female,30.0,Noida,Uttar Pradesh,2024-07-13,Paid Search
CUST00625,Nisha Malhotra,Female,18.0,Bengaluru,Karnataka,2025-09-14,Organic Search
CUST00626,Swati Banerjee,Female,25.0,Nagpur,Maharashtra,2024-05-22,Paid Search
CUST00627,Saanvi Mehta,Female,29.0,Kanpur,Uttar Pradesh,2025-04-26,Direct
CUST00628,Karthik Mehta,Male,44.0,Visakhapatnam,Andhra Pradesh,2023-05-07,Organic Search
CUST00629,Rohan Agarwal,Male,38.0,Hyderabad,Telangana,2024-10-06,Direct
CUST00630,Radhika Chatterjee,Female,39.0,Delhi,Delhi,2025-05-03,Social Media
CUST00631,Gaurav Rao,Male,33.0,Pune,Maharashtra,2025-08-06,Organic Search
CUST00632,Rekha Malhotra,Female,41.0,Nagpur,Maharashtra,2025-05-19,Social Media
CUST00633,Diya Mukherjee,Female,24.0,Bhopal,Madhya Pradesh,2023-02-27,Social Media
CUST00634,Siddharth Chatterjee,Male,26.0,Mumbai,Maharashtra,2024-04-12,Paid Search
CUST00635,Sanjay Kumar,Male,37.0,Bhopal,Madhya Pradesh,2023-03-16,
CUST00636,Ritu Mishra,Female,30.0,Delhi,Delhi,2023-06-10,Referral
CUST00637,Vihaan Yadav,Male,33.0,Pune,Maharashtra,2025-01-19,Referral
CUST00638,Sunita Chauhan,Female,31.0,Pune,Maharashtra,2025-02-20,Email
CUST00639,Kavya Patel,Female,46.0,Delhi,Delhi,2025-04-10,Email
CUST00640,Aarav Mukherjee,Male,46.0,Noida,Uttar Pradesh,2025-06-22,Paid Search
CUST00641,Divya Tiwari,Female,27.0,Lucknow,Uttar Pradesh,2025-03-13,Paid Search
CUST00642,Vikram Mishra,Male,18.0,Bengaluru,Karnataka,2025-05-02,Social Media
CUST00643,Ishaan Verma,Male,26.0,Mumbai,Maharashtra,2023-03-17,Organic Search
CUST00644,Kunal Sharma,Male,24.0,Visakhapatnam,Andhra Pradesh,2023-11-13,Social Media
CUST00645,Yash Mukherjee,Male,41.0,Ludhiana,Punjab,2024-12-04,Organic Search
CUST00646,Anita Shah,Female,42.0,Mumbai,Maharashtra,2025-06-16,Referral
CUST00647,Rohan Shah,Male,23.0,Bengaluru,Karnataka,2023-01-08,Organic Search
CUST00648,Varun Chatterjee,Male,25.0,Lucknow,Uttar Pradesh,2024-08-29,Email
CUST00649,Vihaan Verma,Male,18.0,Chennai,Tamil Nadu,2025-01-21,Organic Search
CUST00650,Ankit Malhotra,Male,34.0,Hyderabad,Telangana,2023-02-16,Direct
CUST00651,Karthik Nair,Male,33.0,Chennai,Tamil Nadu,2024-05-12,Social Media
CUST00652,Preeti Gupta,Female,41.0,Kolkata,West Bengal,2025-07-15,Paid Search
CUST00653,Abhishek Chauhan,Male,38.0,Delhi,Delhi,2025-01-16,Organic Search
CUST00654,Saanvi Mukherjee,Female,39.0,Ahmedabad,Gujarat,2023-11-17,Social Media
CUST00655,Vikram Mishra,Male,18.0,Mumbai,Maharashtra,2025-06-12,Paid Search
CUST00656,Nikhil Sharma,Male,27.0,Mumbai,Maharashtra,2024-03-18,Email
CUST00657,Rohan Joshi,Male,42.0,Kochi,Kerala,2025-06-12,Email
CUST00658,Anjali Banerjee,Female,28.0,Mumbai,Maharashtra,2024-01-25,
CUST00659,Radhika Tiwari,Female,18.0,Mumbai,Maharashtra,2024-11-06,Organic Search
CUST00660,Rohan Patel,Male,41.0,Coimbatore,Tamil Nadu,2024-05-07,Organic Search
CUST00661,Radhika Das,Female,27.0,Kochi,Kerala,2023-12-29,Paid Search
CUST00662,Nikhil Patel,Male,44.0,Ludhiana,Punjab,2025-07-08,Paid Search
CUST00663,Nisha Chauhan,Female,33.0,Delhi,Delhi,2023-09-18,Social Media
CUST00664,Aadhya Nair,Female,30.0,Lucknow,Uttar Pradesh,2023-05-07,Paid Search
CUST00665,Siddharth Chatterjee,Male,47.0,Nagpur,Maharashtra,2024-03-11,Paid Search
CUST00666,Krishna Malhotra,Male,20.0,Visakhapatnam,Andhra Pradesh,2025-02-23,Paid Search
CUST00667,Krishna Reddy,Male,47.0,Delhi,Delhi,2025-05-07,Paid Search
CUST00668,Sunita Singh,Female,27.0,Ahmedabad,Gujarat,2025-09-30,Referral
CUST00669,Yash Chatterjee,Male,35.0,Bengaluru,Karnataka,2024-01-22,Organic Search
CUST00670,Radhika Iyer,Female,35.0,Lucknow,Uttar Pradesh,2024-05-18,Organic Search
CUST00671,Aarav Nair,Male,29.0,Hyderabad,Telangana,2023-07-16,Organic Search
CUST00672,Rekha Sharma,Female,25.0,Kolkata,West Bengal,2024-10-23,
CUST00673,Gaurav Bansal,Male,,Surat,Gujarat,2025-09-29,Social Media
CUST00674,Juhi Agarwal,Female,23.0,Nashik,Maharashtra,2025-02-09,Referral
CUST00675,Ishaan Chopra,Male,53.0,Chandigarh,Chandigarh,2024-11-10,Social Media
CUST00676,Harsh Menon,Male,28.0,Nagpur,Maharashtra,2024-05-03,Direct
CUST00677,Rajesh Banerjee,Male,45.0,Delhi,Delhi,2025-07-30,Organic Search
CUST00678,Divya Kapoor,Female,43.0,Coimbatore,Tamil Nadu,2024-08-13,Organic Search
CUST00679,Tarun Tiwari,Male,37.0,Delhi,Delhi,2023-07-13,Organic Search
CUST00680,Ananya Reddy,Female,32.0,Mumbai,Maharashtra,2024-04-05,
CUST00681,Preeti Agarwal,Female,35.0,Chennai,Tamil Nadu,2023-04-12,Paid Search
CUST00682,Varun Desai,Male,39.0,Kanpur,Uttar Pradesh,2023-10-06,Organic Search
CUST00683,Siddharth Kapoor,Male,34.0,Delhi,Delhi,2023-01-28,Organic Search
CUST00684,Kunal Gupta,Male,18.0,Hyderabad,Telangana,2024-07-02,Direct
CUST00685,Aarav Agarwal,Male,18.0,Mumbai,Maharashtra,2024-12-15,Organic Search
CUST00686,Vivaan Menon,Male,48.0,Surat,Gujarat,2024-03-13,Organic Search
CUST00687,Saanvi Rao,Female,18.0,Indore,Madhya Pradesh,2024-05-31,Paid Search
CUST00688,Reyansh Menon,Male,35.0,Kolkata,West Bengal,2025-08-31,Paid Search
CUST00689,Aarav Pandey,Male,31.0,Chennai,Tamil Nadu,2025-03-24,Social Media
CUST00690,Simran Kapoor,Female,35.0,Ludhiana,Punjab,2024-09-23,Social Media
CUST00691,Harsh Sharma,Male,22.0,Chennai,Tamil Nadu,2024-01-09,Referral
CUST00692,Sunita Mehta,Female,37.0,Chennai,Tamil Nadu,2025-07-16,Referral
CUST00693,Komal Malhotra,Female,35.0,Jaipur,Rajasthan,2023-11-14,Paid Search
CUST00694,Aditya Pandey,Male,61.0,Nagpur,Maharashtra,2024-02-23,Referral
CUST00695,Nikhil Das,Male,34.0,Visakhapatnam,Andhra Pradesh,2025-07-25,Social Media
CUST00696,Saanvi Joshi,Female,46.0,Mumbai,Maharashtra,2024-09-12,Referral
CUST00697,Anjali Reddy,Female,18.0,Ludhiana,Punjab,2025-03-16,Paid Search
CUST00698,Riya Kumar,Female,43.0,Chennai,Tamil Nadu,2024-11-07,Organic Search
CUST00699,Komal Chatterjee,Female,35.0,Chandigarh,Chandigarh,2024-12-31,Social Media
CUST00700,Priya Das,Female,36.0,Pune,Maharashtra,2024-01-26,Direct
CUST00701,Sneha Das,Female,36.0,Kolkata,West Bengal,2023-11-21,Direct
CUST00702,Diya Patel,Female,50.0,Delhi,Delhi,2024-02-20,Organic Search
CUST00703,Nisha Gupta,Female,36.0,Kolkata,West Bengal,2023-08-09,Paid Search
CUST00704,Tanvi Nair,Female,25.0,Kolkata,West Bengal,2025-06-28,Referral
CUST00705,Nikhil Yadav,Male,27.0,Coimbatore,Tamil Nadu,2024-01-08,Paid Search
CUST00706,Shreya Reddy,Female,41.0,Coimbatore,Tamil Nadu,2024-10-11,Paid Search
CUST00707,Yash Malhotra,Male,37.0,Kolkata,West Bengal,2025-04-25,Direct
CUST00708,Ankit Mehta,Male,18.0,Nashik,Maharashtra,2025-04-18,Paid Search
CUST00709,Aditya Mehta,Male,38.0,Agra,Uttar Pradesh,2024-06-17,Organic Search
CUST00710,Varun Shah,Male,22.0,Noida,Uttar Pradesh,2024-07-24,Organic Search
CUST00711,Ritu Menon,Female,37.0,Ahmedabad,Gujarat,2025-09-27,Paid Search
CUST00712,Karthik Reddy,Male,25.0,Bengaluru,Karnataka,2025-01-18,Paid Search
CUST00713,Ishita Nair,Female,30.0,Gurugram,Haryana,2025-05-13,Direct
CUST00714,Abhishek Joshi,Male,28.0,Jaipur,Rajasthan,2025-07-20,Email
CUST00715,Harsh Yadav,Male,48.0,Chennai,Tamil Nadu,2025-04-21,Organic Search
CUST00716,Ankit Agarwal,Male,37.0,Chennai,Tamil Nadu,2023-09-15,Referral
CUST00717,Divya Chatterjee,Female,46.0,Mumbai,Maharashtra,2024-10-12,Organic Search
CUST00718,Divya Rao,Female,62.0,Delhi,Delhi,2023-05-31,Organic Search
CUST00719,Vivaan Kapoor,Male,33.0,Bengaluru,Karnataka,2024-12-31,Social Media
CUST00720,Rajesh Menon,Male,48.0,Pune,Maharashtra,2025-08-29,Paid Search
CUST00721,Rajesh Agarwal,Male,26.0,Kolkata,West Bengal,2024-08-28,Organic Search
CUST00722,Pranav Chauhan,Male,46.0,Pune,Maharashtra,2024-06-12,Paid Search
CUST00723,Aman Reddy,Male,25.0,Mumbai,Maharashtra,2023-02-25,Direct
CUST00724,Shreya Iyer,Female,33.0,Mumbai,Maharashtra,2025-09-01,Social Media
CUST00725,Suresh Sharma,Male,38.0,Chennai,Tamil Nadu,2023-06-01,Paid Search
CUST00726,Rohan Menon,Male,40.0,Delhi,Delhi,2023-03-05,Direct
CUST00727,Ishita Chatterjee,Female,20.0,Coimbatore,Tamil Nadu,2023-11-27,Organic Search
CUST00728,Aadhya Mishra,Female,24.0,Chennai,Tamil Nadu,2023-04-10,Organic Search
CUST00729,Vihaan Menon,Male,39.0,Hyderabad,Telangana,2024-07-04,Organic Search
CUST00730,Priya Menon,Female,29.0,Pune,Maharashtra,2024-08-31,Organic Search
CUST00731,Simran Rao,Female,19.0,Surat,Gujarat,2024-02-09,Organic Search
CUST00732,Ankit Singh,Male,32.0,Mumbai,Maharashtra,2023-03-20,Organic Search
CUST00733,Tarun Desai,Male,32.0,Thane,Maharashtra,2023-06-13,Social Media
CUST00734,Aditi Shah,Female,35.0,Delhi,Delhi,2024-04-25,Organic Search
CUST00735,Swati Mukherjee,Female,38.0,Ahmedabad,Gujarat,2023-04-03,Organic Search
CUST00736,Neha Bansal,Female,38.0,Ahmedabad,Gujarat,2025-02-07,Social Media
CUST00737,Gaurav Agarwal,Male,25.0,Pune,Maharashtra,2023-10-12,Paid Search
CUST00738,Ananya Singh,Female,29.0,Nagpur,Maharashtra,2024-01-29,Social Media
CUST00739,Harsh Menon,Male,42.0,Vadodara,Gujarat,2024-05-04,Organic Search
CUST00740,Kavya Bansal,Female,28.0,Pune,Maharashtra,2024-05-27,Email
CUST00741,Aadhya Sharma,Female,29.0,Delhi,Delhi,2023-01-03,Direct
CUST00742,Vikram Kumar,Male,18.0,Nagpur,Maharashtra,2023-06-14,Organic Search
CUST00743,Ankit Menon,Male,33.0,Kolkata,West Bengal,2025-06-19,Social Media
CUST00744,Aditi Mukherjee,Female,36.0,Jaipur,Rajasthan,2023-01-02,Email
CUST00745,Kavya Mukherjee,Female,18.0,Chennai,Tamil Nadu,2024-08-23,Social Media
CUST00746,Rajesh Pandey,Male,22.0,Chennai,Tamil Nadu,2024-08-06,Organic Search
CUST00747,Saanvi Agarwal,Female,19.0,Nagpur,Maharashtra,2024-03-02,Organic Search
CUST00748,Deepak Tiwari,Male,41.0,Pune,Maharashtra,2024-06-11,Social Media
CUST00749,Nikhil Tiwari,Male,18.0,Nashik,Maharashtra,2025-04-16,Paid Search
CUST00750,Vikram Verma,Male,32.0,Thane,Maharashtra,2025-06-03,Referral
CUST00751,Saanvi Singh,Female,40.0,Kolkata,West Bengal,2023-12-13,Organic Search
CUST00752,Sanjay Yadav,Male,35.0,Bengaluru,Karnataka,2024-02-20,Organic Search
CUST00753,Anita Tiwari,Female,29.0,Mumbai,Maharashtra,2023-11-23,Paid Search
CUST00754,Sanjay Malhotra,Male,36.0,Delhi,Delhi,2024-07-28,
CUST00755,Riya Sharma,Female,43.0,Bengaluru,Karnataka,2025-01-26,Social Media
CUST00756,Simran Gupta,Female,32.0,Delhi,Delhi,2023-11-06,Organic Search
CUST00757,Abhishek Tiwari,Male,18.0,Lucknow,Uttar Pradesh,2024-02-29,Social Media
CUST00758,Krishna Gupta,Male,44.0,Hyderabad,Telangana,2025-08-10,Referral
CUST00759,Naveen Mishra,Male,37.0,Mumbai,Maharashtra,2023-03-16,Direct
CUST00760,Vikram Iyer,Male,33.0,Chennai,Tamil Nadu,2024-07-09,Direct
CUST00761,Meera Mishra,Female,18.0,Patna,Bihar,2025-02-18,Paid Search
CUST00762,Sunita Patel,Female,30.0,Hyderabad,Telangana,2023-08-03,Direct
CUST00763,Suresh Saxena,Male,24.0,Coimbatore,Tamil Nadu,2023-03-14,Paid Search
CUST00764,Diya Mukherjee,Female,21.0,Agra,Uttar Pradesh,2023-07-18,Organic Search
CUST00765,Vikram Bansal,Male,32.0,Coimbatore,Tamil Nadu,2025-08-01,Direct
CUST00766,Vikram Shah,Male,28.0,Lucknow,Uttar Pradesh,2023-01-15,Organic Search
CUST00767,Deepak Singh,Male,28.0,Vadodara,Gujarat,2023-09-19,Organic Search
CUST00768,Sanjay Shah,Male,40.0,Ahmedabad,Gujarat,2023-02-18,Organic Search
CUST00769,Tanvi Agarwal,Female,36.0,Nagpur,Maharashtra,2023-06-12,Social Media
CUST00770,Varun Sharma,Male,28.0,Bengaluru,Karnataka,2024-12-02,Social Media
CUST00771,Divya Malhotra,Female,27.0,Delhi,Delhi,2023-11-22,Social Media
CUST00772,Gaurav Singh,Male,28.0,Gurugram,Haryana,2024-10-18,Organic Search
CUST00773,Kiran Kapoor,Female,31.0,Pune,Maharashtra,2024-11-06,Organic Search
CUST00774,Ankit Rao,Male,39.0,Mumbai,Maharashtra,2025-06-09,Organic Search
CUST00775,Nikhil Mishra,Male,23.0,Delhi,Delhi,2023-01-08,Organic Search
CUST00776,Abhishek Rao,Male,48.0,Chennai,Tamil Nadu,2025-06-12,Organic Search
CUST00777,Suresh Mishra,Male,39.0,Ludhiana,Punjab,2024-12-02,Organic Search
CUST00778,Aditya Joshi,Male,18.0,Coimbatore,Tamil Nadu,2023-08-18,Direct
CUST00779,Varun Shah,Male,34.0,Delhi,Delhi,2025-04-10,Referral
CUST00780,Neha Chauhan,Female,43.0,Mumbai,Maharashtra,2025-06-14,Paid Search
CUST00781,Reyansh Rao,Male,37.0,Delhi,Delhi,2023-12-06,Paid Search
CUST00782,Preeti Desai,Female,29.0,Kanpur,Uttar Pradesh,2025-08-01,Direct
CUST00783,Nisha Das,Female,32.0,Pune,Maharashtra,2024-07-03,Social Media
CUST00784,Rahul Bansal,Male,35.0,Thane,Maharashtra,2024-11-18,Referral
CUST00785,Neha Mehta,Female,41.0,Jaipur,Rajasthan,2025-09-19,Referral
CUST00786,Manish Singh,Male,19.0,Mumbai,Maharashtra,2024-04-01,Organic Search
CUST00787,Rekha Mishra,Female,27.0,Bengaluru,Karnataka,2025-05-12,Organic Search
CUST00788,Simran Rao,Female,49.0,Hyderabad,Telangana,2024-02-15,Organic Search
CUST00789,Ishita Desai,Female,33.0,Indore,Madhya Pradesh,2025-05-01,Social Media
CUST00790,Sanjay Pandey,Male,48.0,Jaipur,Rajasthan,2024-11-15,Direct
CUST00791,Shreya Gupta,Female,63.0,Gurugram,Haryana,2023-10-23,Organic Search
CUST00792,Pranav Reddy,Male,28.0,Delhi,Delhi,2024-05-24,Referral
CUST00793,Harsh Gupta,Male,21.0,Gurugram,Haryana,2024-02-14,Social Media
CUST00794,Abhishek Mishra,Male,30.0,Bengaluru,Karnataka,2023-04-28,Social Media
CUST00795,Aditya Tiwari,Male,44.0,Hyderabad,Telangana,2023-02-16,Social Media
CUST00796,Ritu Mishra,Female,45.0,Mumbai,Maharashtra,2024-03-16,Paid Search
CUST00797,Riya Nair,Female,56.0,Hyderabad,Telangana,2023-01-31,Social Media
CUST00798,Sanjay Banerjee,Male,33.0,Delhi,Delhi,2023-08-22,Email
CUST00799,Simran Mishra,Female,38.0,Bengaluru,Karnataka,2025-03-02,Social Media
CUST00800,Juhi Pandey,Female,26.0,Pune,Maharashtra,2025-02-15,Organic Search
CUST00801,Pooja Sharma,Female,18.0,Visakhapatnam,Andhra Pradesh,2025-03-13,Paid Search
CUST00802,Kavya Patel,Female,33.0,Thane,Maharashtra,2024-02-14,Social Media
CUST00803,Harsh Menon,Male,21.0,Ghaziabad,Uttar Pradesh,2025-07-10,Referral
CUST00804,Rahul Agarwal,Male,39.0,Thane,Maharashtra,2024-11-09,Organic Search
CUST00805,Ishita Iyer,Female,18.0,Kochi,Kerala,2023-07-02,Organic Search
CUST00806,Siddharth Shah,Male,26.0,Mumbai,Maharashtra,2023-07-25,Paid Search
CUST00807,Pooja Yadav,Female,36.0,Kochi,Kerala,2025-02-03,Referral
CUST00808,Swati Nair,Female,37.0,Chennai,Tamil Nadu,2023-08-31,Paid Search
CUST00809,Juhi Singh,Female,33.0,Kolkata,West Bengal,2024-08-22,Organic Search
CUST00810,Naveen Kapoor,Male,52.0,Jaipur,Rajasthan,2025-09-24,Social Media
CUST00811,Riya Chauhan,Female,49.0,Mumbai,Maharashtra,2023-01-07,Paid Search
CUST00812,Aadhya Joshi,Female,26.0,Delhi,Delhi,2023-01-27,Social Media
CUST00813,Nikhil Saxena,Male,49.0,Chennai,Tamil Nadu,2025-09-25,Paid Search
CUST00814,Krishna Pandey,Male,51.0,Visakhapatnam,Andhra Pradesh,2024-11-01,Social Media
CUST00815,Arjun Mehta,Male,32.0,Nashik,Maharashtra,2023-07-03,Organic Search
CUST00816,Vivaan Rao,Male,33.0,Delhi,Delhi,2025-07-16,Organic Search
CUST00817,Simran Patel,Female,32.0,Bengaluru,Karnataka,2025-07-03,Social Media
CUST00818,Ishita Das,Female,27.0,Jaipur,Rajasthan,2024-09-18,Organic Search
CUST00819,Aarav Kapoor,Male,28.0,Ahmedabad,Gujarat,2024-12-04,
CUST00820,Payal Agarwal,Female,46.0,Hyderabad,Telangana,2023-12-28,Paid Search
CUST00821,Aditya Mukherjee,Male,37.0,Ahmedabad,Gujarat,2023-03-19,Social Media
CUST00822,Karthik Singh,Male,27.0,Nagpur,Maharashtra,2024-11-10,Email
CUST00823,Arjun Mehta,Male,24.0,Delhi,Delhi,2024-01-21,Referral
CUST00824,Payal Banerjee,Female,25.0,Mumbai,Maharashtra,2025-01-09,Organic Search
CUST00825,Ishita Reddy,Female,31.0,Mumbai,Maharashtra,2025-05-30,Organic Search
CUST00826,Kavya Verma,Female,42.0,Pune,Maharashtra,2023-01-29,Direct
CUST00827,Juhi Pandey,Female,24.0,Bengaluru,Karnataka,2024-11-11,Organic Search
CUST00828,Vivaan Mukherjee,Male,42.0,Pune,Maharashtra,2023-11-10,Referral
CUST00829,Komal Joshi,,35.0,Rajkot,Gujarat,2025-06-28,Organic Search
CUST00830,Aman Singh,Male,,Bengaluru,Karnataka,2023-12-05,Paid Search
CUST00831,Aditya Mishra,Male,43.0,Delhi,Delhi,2024-11-24,Social Media
CUST00832,Rajesh Chauhan,Male,41.0,Mumbai,Maharashtra,2024-10-04,Paid Search
CUST00833,Tarun Iyer,Male,19.0,Kochi,Kerala,2024-05-06,Social Media
CUST00834,Ankit Patel,Male,22.0,Kolkata,West Bengal,2025-01-21,Organic Search
CUST00835,Suresh Bansal,Male,31.0,Vadodara,Gujarat,2025-03-02,Organic Search
CUST00836,Vikram Joshi,Male,37.0,Agra,Uttar Pradesh,2024-10-16,Social Media
CUST00837,Meera Yadav,Female,47.0,Guwahati,Assam,2025-03-29,Referral
CUST00838,Sanjay Banerjee,Male,34.0,Agra,Uttar Pradesh,2025-09-18,Social Media
CUST00839,Rahul Pandey,Male,50.0,Bengaluru,Karnataka,2024-05-30,Paid Search
CUST00840,Ishita Chopra,Female,26.0,Pune,Maharashtra,2024-08-29,Direct
CUST00841,Divya Nair,Female,28.0,Noida,Uttar Pradesh,2023-01-20,Paid Search
CUST00842,Manish Agarwal,Male,30.0,Surat,Gujarat,2025-04-28,Paid Search
CUST00843,Sneha Rao,Female,25.0,Visakhapatnam,Andhra Pradesh,2024-09-04,Organic Search
CUST00844,Tarun Menon,Male,45.0,Chandigarh,Chandigarh,2024-05-18,Email
CUST00845,Kunal Iyer,Male,18.0,Surat,Gujarat,2023-05-20,Organic Search
CUST00846,Tanvi Menon,Female,28.0,Nagpur,Maharashtra,2025-07-10,Organic Search
CUST00847,Aman Chopra,Male,44.0,Jaipur,Rajasthan,2024-05-05,Organic Search
CUST00848,Preeti Mehta,Female,30.0,Hyderabad,Telangana,2025-01-25,Organic Search
CUST00849,Abhishek Rao,Male,44.0,Bengaluru,Karnataka,2023-08-01,Paid Search
CUST00850,Juhi Mukherjee,Female,55.0,Surat,Gujarat,2025-09-02,Organic Search
CUST00851,Anita Reddy,Female,34.0,Kochi,Kerala,2023-09-07,Paid Search
CUST00852,Aadhya Singh,Female,45.0,Chandigarh,Chandigarh,2023-10-03,Paid Search
CUST00853,Vihaan Chopra,Male,57.0,Bengaluru,Karnataka,2025-06-17,Organic Search
CUST00854,Deepak Joshi,Male,37.0,Ludhiana,Punjab,2025-07-28,Organic Search
CUST00855,Aditi Tiwari,Female,33.0,Mumbai,Maharashtra,2023-10-18,Organic Search
CUST00856,Shreya Agarwal,Female,42.0,Jaipur,Rajasthan,2024-07-18,Social Media
CUST00857,Aditya Joshi,Male,45.0,Gurugram,Haryana,2025-03-08,
CUST00858,Siddharth Mehta,Male,33.0,Noida,Uttar Pradesh,2025-07-01,Organic Search
CUST00859,Anjali Patel,Female,28.0,Jaipur,Rajasthan,2024-04-19,Organic Search
CUST00860,Kiran Mukherjee,Female,50.0,Surat,Gujarat,2024-09-01,Organic Search
CUST00861,Saanvi Chatterjee,Female,30.0,Ahmedabad,Gujarat,2025-03-15,Referral
CUST00862,Pooja Menon,Female,45.0,Indore,Madhya Pradesh,2025-03-06,Direct
CUST00863,Naveen Chatterjee,Male,36.0,Bengaluru,Karnataka,2025-04-18,Paid Search
CUST00864,Rajesh Shah,Male,51.0,Mumbai,Maharashtra,2024-10-19,Direct
CUST00865,Radhika Menon,Female,25.0,Ludhiana,Punjab,2023-06-03,Organic Search
CUST00866,Pooja Verma,Female,24.0,Mumbai,Maharashtra,2025-07-21,Social Media
CUST00867,Yash Das,Male,42.0,Lucknow,Uttar Pradesh,2025-06-22,Social Media
CUST00868,Aadhya Das,Female,22.0,Chennai,Tamil Nadu,2025-04-30,Paid Search
CUST00869,Rohan Malhotra,Male,34.0,Mumbai,Maharashtra,2023-05-28,Social Media
CUST00870,Reyansh Chopra,Male,48.0,Delhi,Delhi,2023-10-09,Paid Search
CUST00871,Kavya Malhotra,Female,,Mumbai,Maharashtra,2025-03-17,
CUST00872,Rohan Yadav,Male,37.0,Bengaluru,Karnataka,2023-02-06,Organic Search
CUST00873,Sanjay Singh,Male,45.0,Lucknow,Uttar Pradesh,2025-09-15,Organic Search
CUST00874,Juhi Pandey,Female,33.0,Pune,Maharashtra,2024-04-17,Paid Search
CUST00875,Karthik Iyer,Male,24.0,Chennai,Tamil Nadu,2025-02-25,Organic Search
CUST00876,Aarav Malhotra,Male,30.0,Ludhiana,Punjab,2025-07-09,Organic Search
CUST00877,Meera Singh,Female,25.0,Bhopal,Madhya Pradesh,2024-05-05,Organic Search
CUST00878,Rajesh Shah,Male,34.0,Kanpur,Uttar Pradesh,2024-02-16,Paid Search
CUST00879,Priya Mishra,Female,30.0,Jaipur,Rajasthan,2024-11-22,Social Media
CUST00880,Varun Kumar,Male,28.0,Nagpur,Maharashtra,2024-10-29,Social Media
CUST00881,Nikhil Chatterjee,Male,38.0,Bengaluru,Karnataka,2024-05-19,Paid Search
CUST00882,Aadhya Gupta,Female,49.0,Bengaluru,Karnataka,2024-11-16,Organic Search
CUST00883,Naveen Gupta,Male,36.0,Hyderabad,Telangana,2025-08-14,Paid Search
CUST00884,Anita Saxena,Female,46.0,Thane,Maharashtra,2024-07-16,Organic Search
CUST00885,Anjali Kapoor,Female,49.0,Chennai,Tamil Nadu,2023-09-29,Organic Search
CUST00886,Meera Kapoor,Female,27.0,Noida,Uttar Pradesh,2024-04-17,Paid Search
CUST00887,Rohan Reddy,Male,36.0,Mumbai,Maharashtra,2024-05-04,Organic Search
CUST00888,Vikram Kumar,Male,29.0,Ahmedabad,Gujarat,2023-07-09,Organic Search
CUST00889,Sunita Desai,Female,18.0,Delhi,Delhi,2023-08-19,Direct
CUST00890,Tarun Mehta,Male,37.0,Vadodara,Gujarat,2025-01-27,Social Media
CUST00891,Saanvi Reddy,Female,22.0,Kolkata,West Bengal,2024-03-09,Direct
CUST00892,Preeti Menon,Female,38.0,Surat,Gujarat,2025-08-28,Social Media
CUST00893,Arjun Shah,Male,18.0,Jaipur,Rajasthan,2023-11-24,Organic Search
CUST00894,Kunal Tiwari,Male,35.0,Mumbai,Maharashtra,2023-05-27,Social Media
CUST00895,Aadhya Joshi,Female,18.0,Patna,Bihar,2025-03-25,Referral
CUST00896,Tanvi Gupta,Female,40.0,Ghaziabad,Uttar Pradesh,2025-07-04,Direct
CUST00897,Arjun Banerjee,Male,29.0,Jaipur,Rajasthan,2024-01-02,Social Media
CUST00898,Ishita Das,Female,28.0,Bengaluru,Karnataka,2023-10-06,Organic Search
CUST00899,Swati Nair,Female,44.0,Indore,Madhya Pradesh,2023-09-16,Social Media
CUST00900,Pranav Pandey,Male,30.0,Nagpur,Maharashtra,2024-09-05,Organic Search
CUST00901,Ankit Mukherjee,Male,34.0,Chandigarh,Chandigarh,2024-07-17,Organic Search
CUST00902,Saanvi Mehta,Female,,Delhi,Delhi,2023-12-12,Organic Search
CUST00903,Tanvi Das,Female,38.0,Chandigarh,Chandigarh,2023-03-11,Organic Search
CUST00904,Divya Chopra,Female,43.0,Coimbatore,Tamil Nadu,2024-07-29,Paid Search
CUST00905,Ishaan Rao,Male,41.0,Hyderabad,Telangana,2025-09-01,Direct
CUST00906,Anjali Pandey,Female,28.0,Indore,Madhya Pradesh,2024-12-30,Social Media
CUST00907,Shreya Verma,Female,45.0,Bengaluru,Karnataka,2024-08-11,Social Media
CUST00908,Shreya Reddy,Female,24.0,Bengaluru,Karnataka,2023-06-12,Referral
CUST00909,Gaurav Mishra,Male,26.0,Lucknow,Uttar Pradesh,2023-12-04,Organic Search
CUST00910,Karthik Reddy,Male,32.0,Mumbai,Maharashtra,2024-01-21,Social Media
CUST00911,Gaurav Gupta,Male,,Mumbai,Maharashtra,2025-04-03,Social Media
CUST00912,Krishna Verma,Male,21.0,Lucknow,Uttar Pradesh,2025-06-30,Organic Search
CUST00913,Pranav Agarwal,Male,42.0,Noida,Uttar Pradesh,2025-07-19,Paid Search
CUST00914,Aadhya Nair,Female,32.0,Mumbai,Maharashtra,2025-09-19,Social Media
CUST00915,Vihaan Agarwal,Male,29.0,Mumbai,Maharashtra,2025-09-18,Referral
CUST00916,Saanvi Kapoor,Female,44.0,Mumbai,Maharashtra,2025-08-27,Paid Search
CUST00917,Nikhil Agarwal,Male,25.0,Mumbai,Maharashtra,2023-04-19,Social Media
CUST00918,Komal Mishra,Female,56.0,Gurugram,Haryana,2023-07-18,Social Media
CUST00919,Karthik Yadav,Male,31.0,Kolkata,West Bengal,2024-01-31,Direct
CUST00920,Kavya Kumar,Female,34.0,Nagpur,Maharashtra,2024-10-04,Email
CUST00921,Juhi Mishra,Female,48.0,Chennai,Tamil Nadu,2023-05-24,Organic Search
CUST00922,Swati Nair,Female,35.0,Guwahati,Assam,2025-06-06,Social Media
CUST00923,Siddharth Yadav,Male,45.0,Kolkata,West Bengal,2024-11-29,Direct
CUST00924,Krishna Mukherjee,Male,18.0,Gurugram,Haryana,2024-09-24,Paid Search
CUST00925,Anjali Patel,Female,29.0,Lucknow,Uttar Pradesh,2023-08-22,Email
CUST00926,Nikhil Malhotra,Male,37.0,Gurugram,Haryana,2023-12-05,Paid Search
CUST00927,Riya Malhotra,Female,44.0,Kolkata,West Bengal,2023-08-15,Paid Search
CUST00928,Pranav Mishra,Male,41.0,Rajkot,Gujarat,2025-06-11,Social Media
CUST00929,Pranav Menon,Male,40.0,Hyderabad,Telangana,2024-11-01,Paid Search
CUST00930,Swati Agarwal,Female,44.0,Lucknow,Uttar Pradesh,2025-03-10,
CUST00931,Tanvi Mukherjee,Female,38.0,Surat,Gujarat,2024-01-22,Email
CUST00932,Komal Das,Female,18.0,Kolkata,West Bengal,2024-04-11,Paid Search
CUST00933,Kunal Nair,Male,47.0,Kolkata,West Bengal,2024-05-15,Direct
CUST00934,Ishita Nair,Female,25.0,Delhi,Delhi,2025-03-30,Organic Search
CUST00935,Sneha Yadav,Female,36.0,Chandigarh,Chandigarh,2025-04-09,Email
CUST00936,Suresh Kapoor,Male,35.0,Chennai,Tamil Nadu,2023-10-12,Organic Search
CUST00937,Reyansh Malhotra,Male,33.0,Delhi,Delhi,2025-08-18,Email
CUST00938,Suresh Mishra,Male,22.0,Nagpur,Maharashtra,2023-06-25,Referral
CUST00939,Priya Malhotra,Female,18.0,Indore,Madhya Pradesh,2025-07-15,Email
CUST00940,Aditya Agarwal,Male,23.0,Mumbai,Maharashtra,2023-05-29,Social Media
CUST00941,Preeti Bansal,Female,41.0,Hyderabad,Telangana,2023-12-18,Organic Search
CUST00942,Manish Menon,Male,19.0,Jaipur,Rajasthan,2025-06-07,Direct
CUST00943,Diya Chatterjee,Female,24.0,Ghaziabad,Uttar Pradesh,2023-09-08,Organic Search
CUST00944,Simran Saxena,Female,37.0,Hyderabad,Telangana,2024-05-24,Organic Search
CUST00945,Vihaan Das,Male,23.0,Hyderabad,Telangana,2024-06-29,Organic Search
CUST00946,Ishaan Iyer,Male,28.0,Thane,Maharashtra,2023-11-26,Social Media
CUST00947,Harsh Verma,Male,34.0,Bengaluru,Karnataka,2025-02-17,Referral
CUST00948,Vivaan Shah,Male,36.0,Coimbatore,Tamil Nadu,2025-06-11,Referral
CUST00949,Ishaan Bansal,Male,23.0,Patna,Bihar,2025-06-29,Social Media
CUST00950,Neha Mishra,Female,34.0,Coimbatore,Tamil Nadu,2024-03-09,Social Media
CUST00951,Tarun Bansal,Male,37.0,Hyderabad,Telangana,2024-09-13,Direct
CUST00952,Gaurav Bansal,Male,20.0,Delhi,Delhi,2023-11-29,Social Media
CUST00953,Arjun Pandey,Male,35.0,Jaipur,Rajasthan,2023-11-25,Paid Search
CUST00954,Sneha Chatterjee,Female,26.0,Delhi,Delhi,2023-08-17,Direct
CUST00955,Juhi Kumar,Female,34.0,Bengaluru,Karnataka,2025-08-17,Direct
CUST00956,Vihaan Desai,Male,40.0,Ahmedabad,Gujarat,2025-07-09,Social Media
CUST00957,Tarun Mishra,Male,31.0,Chennai,Tamil Nadu,2025-04-13,Social Media
CUST00958,Tarun Chatterjee,Male,42.0,Hyderabad,Telangana,2024-09-01,Direct
CUST00959,Rekha Yadav,Female,41.0,Bengaluru,Karnataka,2024-08-07,Email
CUST00960,Kavya Pandey,Female,42.0,Bengaluru,Karnataka,2024-09-12,Organic Search
CUST00961,Yash Gupta,Male,37.0,Nagpur,Maharashtra,2024-09-19,Direct
CUST00962,Shreya Menon,Female,44.0,Hyderabad,Telangana,2024-06-14,Social Media
CUST00963,Ritu Chatterjee,Female,37.0,Nagpur,Maharashtra,2023-07-10,Social Media
CUST00964,Aditi Menon,Female,18.0,Thane,Maharashtra,2023-07-02,Paid Search
CUST00965,Gaurav Mehta,Male,25.0,Indore,Madhya Pradesh,2025-08-26,Organic Search
CUST00966,Komal Banerjee,Female,31.0,Chandigarh,Chandigarh,2024-07-30,Organic Search
CUST00967,Shreya Chopra,Female,32.0,Noida,Uttar Pradesh,2025-08-27,Organic Search
CUST00968,Varun Malhotra,Male,37.0,Delhi,Delhi,2023-08-19,Paid Search
CUST00969,Arjun Mishra,Male,25.0,Hyderabad,Telangana,2024-10-05,Social Media
CUST00970,Kunal Agarwal,Male,53.0,Patna,Bihar,2023-10-13,Paid Search
CUST00971,Vikram Agarwal,Male,32.0,Visakhapatnam,Andhra Pradesh,2023-12-05,Paid Search
CUST00972,Ankit Reddy,Male,33.0,Mumbai,Maharashtra,2023-02-16,Organic Search
CUST00973,Shreya Sharma,Female,26.0,Noida,Uttar Pradesh,2023-06-23,Email
CUST00974,Ananya Mukherjee,Female,23.0,Agra,Uttar Pradesh,2025-07-31,Email
CUST00975,Varun Bansal,Male,32.0,Coimbatore,Tamil Nadu,2024-02-19,Paid Search
CUST00976,Kunal Iyer,Male,33.0,Delhi,Delhi,2024-11-22,Organic Search
CUST00977,Sunita Yadav,Female,32.0,Kolkata,West Bengal,2024-07-13,Organic Search
CUST00978,Aarav Desai,Male,50.0,Chennai,Tamil Nadu,2024-05-11,Social Media
CUST00979,Rahul Rao,Male,32.0,Ahmedabad,Gujarat,2024-09-14,Email
CUST00980,Anita Nair,Female,32.0,Bengaluru,Karnataka,2023-09-18,Email
CUST00981,Nikhil Malhotra,Male,41.0,Delhi,Delhi,2025-09-22,Referral
CUST00982,Sanjay Joshi,Male,31.0,Nashik,Maharashtra,2025-05-16,Email
CUST00983,Anjali Gupta,Female,38.0,Pune,Maharashtra,2025-03-15,Paid Search
CUST00984,Sneha Das,Female,20.0,Jaipur,Rajasthan,2024-07-17,Organic Search
CUST00985,Aman Verma,Male,20.0,Bengaluru,Karnataka,2023-08-06,Paid Search
CUST00986,Kiran Das,Female,34.0,Gurugram,Haryana,2025-08-03,Organic Search
CUST00987,Juhi Mishra,Female,31.0,Gurugram,Haryana,2024-03-11,Organic Search
CUST00988,Nikhil Gupta,Male,25.0,Kanpur,Uttar Pradesh,2023-03-18,Organic Search
CUST00989,Ritu Banerjee,Female,34.0,Hyderabad,Telangana,2024-03-12,Organic Search
CUST00990,Nikhil Bansal,Male,35.0,Bengaluru,Karnataka,2025-04-27,Organic Search
CUST00991,Rajesh Menon,Male,26.0,Jaipur,Rajasthan,2024-12-05,Referral
CUST00992,Yash Nair,Male,28.0,Ghaziabad,Uttar Pradesh,2025-03-23,Paid Search
CUST00993,Rajesh Joshi,Male,35.0,Noida,Uttar Pradesh,2025-04-26,Paid Search
CUST00994,Kunal Chauhan,Male,23.0,Mumbai,Maharashtra,2023-10-18,Organic Search
CUST00995,Priya Pandey,Female,27.0,Hyderabad,Telangana,2025-08-05,Social Media
CUST00996,Nikhil Reddy,Male,38.0,Ahmedabad,Gujarat,2024-06-17,Direct
CUST00997,Rekha Saxena,Female,33.0,Ahmedabad,Gujarat,2024-12-19,Paid Search
CUST00998,Deepak Kumar,Male,28.0,Lucknow,Uttar Pradesh,2023-01-04,Referral
CUST00999,Shreya Shah,Female,24.0,Pune,Maharashtra,2025-09-26,Direct
CUST01000,Priya Chopra,Female,23.0,Coimbatore,Tamil Nadu,2024-01-05,Email
CUST01001,Vihaan Pandey,Male,32.0,Bengaluru,Karnataka,2023-04-05,Social Media
CUST01002,Aditi Patel,Female,53.0,Ahmedabad,Gujarat,2024-07-07,Organic Search
CUST01003,Pooja Rao,Female,39.0,Pune,Maharashtra,2023-07-06,Organic Search
CUST01004,Vivaan Gupta,Male,20.0,Vadodara,Gujarat,2023-08-05,Social Media
CUST01005,Varun Chatterjee,,40.0,Ghaziabad,Uttar Pradesh,2024-12-13,Direct
CUST01006,Riya Mukherjee,Female,25.0,Agra,Uttar Pradesh,2024-05-03,Social Media
CUST01007,Priya Joshi,Female,33.0,Kolkata,West Bengal,2025-08-04,Organic Search
CUST01008,Reyansh Patel,Male,27.0,Bengaluru,Karnataka,2024-02-16,Organic Search
CUST01009,Komal Reddy,Female,53.0,Indore,Madhya Pradesh,2025-03-02,Paid Search
CUST01010,Rohan Agarwal,Male,22.0,Noida,Uttar Pradesh,2024-07-10,Direct
CUST01011,Siddharth Singh,Male,36.0,Bengaluru,Karnataka,2025-01-06,Organic Search
CUST01012,Ritu Sharma,Female,26.0,Delhi,Delhi,2024-11-14,Organic Search
CUST01013,Meera Iyer,Female,40.0,Mumbai,Maharashtra,2024-07-21,Social Media
CUST01014,Rajesh Joshi,Male,36.0,Lucknow,Uttar Pradesh,2025-08-25,Organic Search
CUST01015,Nikhil Pandey,Male,46.0,Pune,Maharashtra,2024-03-12,Organic Search
CUST01016,Nikhil Verma,Male,40.0,Delhi,Delhi,2023-09-06,Organic Search
CUST01017,Diya Nair,Female,26.0,Delhi,Delhi,2025-01-21,Paid Search
CUST01018,Aarav Chauhan,Male,62.0,Lucknow,Uttar Pradesh,2025-06-06,Organic Search
CUST01019,Harsh Chopra,Male,39.0,Chennai,Tamil Nadu,2023-03-04,Organic Search
CUST01020,Suresh Desai,Male,27.0,Bengaluru,Karnataka,2024-06-28,Paid Search
CUST01021,Sneha Sharma,Female,35.0,Jaipur,Rajasthan,2025-07-12,Social Media
CUST01022,Vihaan Chatterjee,Male,39.0,Mumbai,Maharashtra,2025-03-22,Social Media
CUST01023,Priya Saxena,Female,39.0,Mumbai,Maharashtra,2025-09-25,Social Media
CUST01024,Kunal Malhotra,Male,38.0,Bengaluru,Karnataka,2024-09-14,Social Media
CUST01025,Siddharth Yadav,Male,43.0,Bengaluru,Karnataka,2025-01-06,
CUST01026,Siddharth Mukherjee,Male,42.0,Delhi,Delhi,2024-01-29,Organic Search
CUST01027,Ankit Nair,Male,25.0,Delhi,Delhi,2025-08-23,Organic Search
CUST01028,Sanjay Rao,Male,54.0,Delhi,Delhi,2024-04-06,Social Media
CUST01029,Reyansh Bansal,Male,53.0,Indore,Madhya Pradesh,2025-03-13,Organic Search
CUST01030,Tarun Chatterjee,Male,41.0,Vadodara,Gujarat,2024-05-13,Organic Search
CUST01031,Vivaan Rao,Male,33.0,Delhi,Delhi,2024-10-12,Organic Search
CUST01032,Naveen Kapoor,Male,34.0,Lucknow,Uttar Pradesh,2025-02-25,Referral
CUST01033,Ishaan Saxena,Male,30.0,Bengaluru,Karnataka,2024-08-24,Referral
CUST01034,Vihaan Menon,Male,31.0,Rajkot,Gujarat,2025-07-23,Organic Search
CUST01035,Gaurav Kumar,Male,18.0,Bengaluru,Karnataka,2024-05-30,Organic Search
CUST01036,Kavya Kapoor,Female,48.0,Delhi,Delhi,2024-12-26,Organic Search
CUST01037,Diya Menon,Female,45.0,Chennai,Tamil Nadu,2024-03-12,Organic Search
CUST01038,Simran Joshi,Female,18.0,Delhi,Delhi,2024-05-19,Organic Search
CUST01039,Rahul Saxena,Male,42.0,Delhi,Delhi,2024-06-19,Organic Search
CUST01040,Shreya Chatterjee,Female,33.0,Hyderabad,Telangana,2023-07-02,Social Media
CUST01041,Nisha Rao,Female,31.0,Lucknow,Uttar Pradesh,2023-05-17,Direct
CUST01042,Rahul Saxena,Male,38.0,Delhi,Delhi,2025-01-12,Organic Search
CUST01043,Krishna Malhotra,Male,18.0,Bengaluru,Karnataka,2025-01-02,Organic Search
CUST01044,Ritu Rao,Female,33.0,Agra,Uttar Pradesh,2025-01-08,Social Media
CUST01045,Pooja Rao,Female,34.0,Bengaluru,Karnataka,2023-02-01,Organic Search
CUST01046,Meera Desai,Female,34.0,Delhi,Delhi,2024-02-24,Organic Search
CUST01047,Payal Nair,Female,19.0,Pune,Maharashtra,2023-10-01,Organic Search
CUST01048,Shreya Bansal,Female,37.0,Mumbai,Maharashtra,2025-04-14,Social Media
CUST01049,Ananya Patel,Female,44.0,Vadodara,Gujarat,2025-06-18,Organic Search
CUST01050,Vihaan Patel,Male,37.0,Bengaluru,Karnataka,2023-11-27,Organic Search
CUST01051,Yash Shah,Male,31.0,Delhi,Delhi,2025-01-13,Email
CUST01052,Radhika Pandey,Female,60.0,Vadodara,Gujarat,2023-07-07,Paid Search
CUST01053,Rahul Gupta,Male,24.0,Ludhiana,Punjab,2023-12-30,Direct
CUST01054,Ishaan Desai,Male,41.0,Thane,Maharashtra,2023-07-19,Paid Search
CUST01055,Manish Chauhan,Male,35.0,Bengaluru,Karnataka,2024-01-08,Organic Search
CUST01056,Aman Patel,Male,53.0,Pune,Maharashtra,2025-01-18,Organic Search
CUST01057,Suresh Mishra,Male,37.0,Noida,Uttar Pradesh,2025-07-26,Direct
CUST01058,Sunita Chopra,Female,39.0,Kolkata,West Bengal,2023-10-06,Organic Search
CUST01059,Nikhil Shah,Male,38.0,Noida,Uttar Pradesh,2024-09-24,Organic Search
CUST01060,Sunita Saxena,Female,,Kanpur,Uttar Pradesh,2025-02-10,Organic Search
CUST01061,Tarun Yadav,Male,24.0,Ludhiana,Punjab,2025-08-27,Direct
CUST01062,Kiran Verma,Female,30.0,Delhi,Delhi,2024-11-24,Direct
CUST01063,Meera Yadav,Female,43.0,Gurugram,Haryana,2023-12-07,Social Media
CUST01064,Radhika Joshi,Female,35.0,Agra,Uttar Pradesh,2024-12-07,Organic Search
CUST01065,Aarav Pandey,Male,31.0,Patna,Bihar,2024-02-18,Organic Search
CUST01066,Yash Joshi,Male,47.0,Gurugram,Haryana,2025-09-13,Organic Search
CUST01067,Divya Bansal,,18.0,Patna,Bihar,2024-05-10,Organic Search
CUST01068,Pooja Yadav,Female,20.0,Jaipur,Rajasthan,2025-01-27,Direct
CUST01069,Karthik Bansal,Male,,Lucknow,Uttar Pradesh,2023-02-06,Social Media
CUST01070,Swati Verma,Female,45.0,Ghaziabad,Uttar Pradesh,2024-05-10,Organic Search
CUST01071,Diya Kapoor,Female,32.0,Bhopal,Madhya Pradesh,2025-06-29,Email
CUST01072,Manish Pandey,Male,43.0,Jaipur,Rajasthan,2024-11-24,Organic Search
CUST01073,Ritu Tiwari,Female,32.0,Jaipur,Rajasthan,2024-06-23,Paid Search
CUST01074,Reyansh Bansal,Male,43.0,Rajkot,Gujarat,2025-08-14,Organic Search
CUST01075,Manish Rao,Male,32.0,Mumbai,Maharashtra,2025-06-13,Paid Search
CUST01076,Anjali Chauhan,Female,37.0,Indore,Madhya Pradesh,2024-02-19,Organic Search
CUST01077,Vikram Sharma,Male,36.0,Pune,Maharashtra,2024-09-26,Organic Search
CUST01078,Shreya Bansal,Female,36.0,Ludhiana,Punjab,2024-08-06,Direct
CUST01079,Payal Banerjee,Female,50.0,Delhi,Delhi,2024-12-13,Direct
CUST01080,Ritu Pandey,Female,18.0,Pune,Maharashtra,2024-03-03,Paid Search
CUST01081,Vivaan Mukherjee,Male,32.0,Delhi,Delhi,2023-11-25,Email
CUST01082,Naveen Menon,Male,35.0,Lucknow,Uttar Pradesh,2025-07-28,Organic Search
CUST01083,Tarun Chauhan,Male,33.0,Bhopal,Madhya Pradesh,2025-08-05,Paid Search
CUST01084,Kavya Rao,Female,29.0,Surat,Gujarat,2025-06-04,Organic Search
CUST01085,Rahul Banerjee,Male,28.0,Pune,Maharashtra,2025-09-15,Organic Search
CUST01086,Swati Chauhan,Female,48.0,Hyderabad,Telangana,2025-03-18,Paid Search
CUST01087,Vikram Sharma,Male,32.0,Lucknow,Uttar Pradesh,2025-04-03,Email
CUST01088,Yash Nair,Male,57.0,Coimbatore,Tamil Nadu,2025-04-01,Email
CUST01089,Sneha Yadav,Female,38.0,Indore,Madhya Pradesh,2024-07-28,Paid Search
CUST01090,Preeti Pandey,Female,30.0,Mumbai,Maharashtra,2024-07-05,Paid Search
CUST01091,Pranav Kumar,Male,39.0,Kolkata,West Bengal,2023-11-20,Social Media
CUST01092,Kavya Chatterjee,Female,34.0,Thane,Maharashtra,2024-12-24,Direct
CUST01093,Tarun Nair,Male,46.0,Kolkata,West Bengal,2024-01-15,Organic Search
CUST01094,Sneha Saxena,Female,21.0,Jaipur,Rajasthan,2023-12-10,Paid Search
CUST01095,Tarun Das,Male,18.0,Chandigarh,Chandigarh,2024-11-02,Direct
CUST01096,Anita Iyer,Female,37.0,Nashik,Maharashtra,2024-05-20,Social Media
CUST01097,Kunal Pandey,Male,41.0,Mumbai,Maharashtra,2023-10-26,Email
CUST01098,Ishaan Chopra,Male,36.0,Kolkata,West Bengal,2025-05-14,Paid Search
CUST01099,Kiran Chopra,Female,40.0,Surat,Gujarat,2025-06-18,Direct
CUST01100,Siddharth Desai,Male,38.0,Ludhiana,Punjab,2023-08-25,Direct
CUST01101,Rajesh Menon,Male,18.0,Bengaluru,Karnataka,2023-01-12,Paid Search
CUST01102,Krishna Gupta,Male,36.0,Delhi,Delhi,2024-03-05,Organic Search
CUST01103,Tarun Kapoor,Male,46.0,Jaipur,Rajasthan,2025-04-29,Social Media
CUST01104,Meera Menon,Female,35.0,Chennai,Tamil Nadu,2025-06-01,Organic Search
CUST01105,Siddharth Chatterjee,Male,20.0,Bengaluru,Karnataka,2023-07-18,Organic Search
CUST01106,Meera Mishra,Female,30.0,Gurugram,Haryana,2025-04-11,Paid Search
CUST01107,Meera Chopra,Female,39.0,Hyderabad,Telangana,2023-06-18,Paid Search
CUST01108,Gaurav Bansal,Male,51.0,Mumbai,Maharashtra,2024-04-30,Referral
CUST01109,Ananya Agarwal,Female,,Mumbai,Maharashtra,2025-09-29,Organic Search
CUST01110,Krishna Menon,Male,37.0,Delhi,Delhi,2023-09-24,Organic Search
CUST01111,Deepak Das,Male,24.0,Delhi,Delhi,2023-08-07,Social Media
CUST01112,Vivaan Das,Male,38.0,Ahmedabad,Gujarat,2024-06-02,Social Media
CUST01113,Vihaan Mehta,Male,39.0,Mumbai,Maharashtra,2024-12-02,Organic Search
CUST01114,Manish Desai,Male,31.0,Pune,Maharashtra,2025-08-12,Organic Search
CUST01115,Sanjay Iyer,Male,39.0,Ahmedabad,Gujarat,2025-09-16,Organic Search
CUST01116,Ishita Verma,Female,44.0,Jaipur,Rajasthan,2023-04-16,Direct
CUST01117,Meera Saxena,Female,31.0,Kochi,Kerala,2023-07-18,Organic Search
CUST01118,Preeti Menon,Female,20.0,Guwahati,Assam,2025-04-24,Paid Search
CUST01119,Riya Nair,Female,47.0,Chennai,Tamil Nadu,2023-12-25,Direct
CUST01120,Shreya Desai,Female,41.0,Ahmedabad,Gujarat,2025-07-06,Organic Search
CUST01121,Vikram Chatterjee,Male,39.0,Kanpur,Uttar Pradesh,2025-01-09,Referral
CUST01122,Nisha Saxena,Female,26.0,Ahmedabad,Gujarat,2023-06-13,Email
CUST01123,Siddharth Verma,Male,43.0,Visakhapatnam,Andhra Pradesh,2025-05-27,Paid Search
CUST01124,Komal Yadav,Female,53.0,Jaipur,Rajasthan,2023-09-04,Direct
CUST01125,Anita Sharma,Female,32.0,Delhi,Delhi,2024-06-03,Organic Search
CUST01126,Naveen Patel,Male,34.0,Chennai,Tamil Nadu,2024-10-03,Referral
CUST01127,Radhika Patel,Female,22.0,Nashik,Maharashtra,2024-08-16,Organic Search
CUST01128,Ananya Nair,Female,26.0,Pune,Maharashtra,2025-01-28,Paid Search
CUST01129,Shreya Pandey,Female,22.0,Indore,Madhya Pradesh,2024-12-31,Organic Search
CUST01130,Vivaan Mehta,Male,34.0,Indore,Madhya Pradesh,2025-09-25,Paid Search
CUST01131,Nisha Mukherjee,Female,30.0,Kolkata,West Bengal,2025-09-30,
CUST01132,Komal Banerjee,Female,37.0,Bengaluru,Karnataka,2024-08-31,Organic Search
CUST01133,Deepak Mehta,Male,24.0,Jaipur,Rajasthan,2023-05-22,Organic Search
CUST01134,Rahul Chatterjee,Male,31.0,Delhi,Delhi,2025-03-04,Organic Search
CUST01135,Deepak Chauhan,Male,23.0,Jaipur,Rajasthan,2025-09-13,Organic Search
CUST01136,Pooja Malhotra,Female,35.0,Mumbai,Maharashtra,2024-02-15,Social Media
CUST01137,Krishna Iyer,Male,18.0,Coimbatore,Tamil Nadu,2024-07-10,Social Media
CUST01138,Aditya Reddy,Male,35.0,Thane,Maharashtra,2024-06-04,Social Media
CUST01139,Harsh Mukherjee,Male,30.0,Delhi,Delhi,2023-03-20,Social Media
CUST01140,Aditi Shah,Female,35.0,Patna,Bihar,2025-01-16,Organic Search
CUST01141,Divya Kumar,Female,18.0,Indore,Madhya Pradesh,2024-03-23,Organic Search
CUST01142,Rohan Verma,Male,40.0,Indore,Madhya Pradesh,2025-04-21,Social Media
CUST01143,Krishna Sharma,Male,30.0,Hyderabad,Telangana,2025-05-27,Paid Search
CUST01144,Swati Saxena,Female,35.0,Pune,Maharashtra,2025-05-18,Social Media
CUST01145,Vivaan Nair,Male,18.0,Jaipur,Rajasthan,2024-05-27,Organic Search
CUST01146,Naveen Verma,Male,21.0,Ahmedabad,Gujarat,2024-02-19,Paid Search
CUST01147,Simran Joshi,Female,29.0,Pune,Maharashtra,2025-03-21,Paid Search
CUST01148,Kunal Banerjee,Male,47.0,Bengaluru,Karnataka,2025-05-02,Social Media
CUST01149,Aditya Joshi,Male,38.0,Nashik,Maharashtra,2024-08-07,Direct
CUST01150,Tarun Das,Male,34.0,Noida,Uttar Pradesh,2025-07-13,Social Media
CUST01151,Diya Singh,Female,24.0,Hyderabad,Telangana,2023-07-25,Email
CUST01152,Shreya Agarwal,Female,22.0,Hyderabad,Telangana,2025-07-02,Social Media
CUST01153,Krishna Iyer,Male,36.0,Bengaluru,Karnataka,2023-05-23,Direct
CUST01154,Radhika Saxena,Female,40.0,Nashik,Maharashtra,2023-08-07,Referral
CUST01155,Juhi Joshi,Female,35.0,Delhi,Delhi,2024-09-16,Organic Search
CUST01156,Juhi Banerjee,Female,50.0,Patna,Bihar,2023-04-13,Organic Search
CUST01157,Tarun Nair,Male,26.0,Ghaziabad,Uttar Pradesh,2023-03-22,Direct
CUST01158,Pranav Das,Male,35.0,Hyderabad,Telangana,2023-01-01,Social Media
CUST01159,Aditi Banerjee,Female,18.0,Visakhapatnam,Andhra Pradesh,2024-06-15,Paid Search
CUST01160,Naveen Mukherjee,Male,35.0,Chennai,Tamil Nadu,2025-04-11,Social Media
CUST01161,Kunal Saxena,Male,48.0,Hyderabad,Telangana,2023-02-24,Organic Search
CUST01162,Aditya Menon,Male,23.0,Coimbatore,Tamil Nadu,2024-12-30,Referral
CUST01163,Ananya Reddy,Female,41.0,Chennai,Tamil Nadu,2025-05-20,Paid Search
CUST01164,Vivaan Menon,Male,47.0,Mumbai,Maharashtra,2023-08-25,Referral
CUST01165,Aman Verma,Male,,Surat,Gujarat,2023-07-29,Social Media
CUST01166,Anjali Chatterjee,Female,38.0,Lucknow,Uttar Pradesh,2025-06-18,Organic Search
CUST01167,Aarav Mishra,Male,49.0,Surat,Gujarat,2025-05-20,Direct
CUST01168,Karthik Shah,Male,35.0,Ahmedabad,Gujarat,2024-09-21,Paid Search
CUST01169,Vivaan Gupta,Male,41.0,Kanpur,Uttar Pradesh,2025-05-16,Email
CUST01170,Suresh Sharma,Male,18.0,Bengaluru,Karnataka,2023-05-18,Organic Search
CUST01171,Ishita Kapoor,Female,39.0,Chennai,Tamil Nadu,2024-05-05,Paid Search
CUST01172,Aman Agarwal,Male,38.0,Bengaluru,Karnataka,2025-03-12,Social Media
CUST01173,Swati Malhotra,Female,20.0,Surat,Gujarat,2023-12-10,Social Media
CUST01174,Aditya Kapoor,Male,23.0,Vadodara,Gujarat,2025-03-24,Direct
CUST01175,Pranav Yadav,Male,39.0,Mumbai,Maharashtra,2024-08-20,Email
CUST01176,Abhishek Chauhan,Male,30.0,Mumbai,Maharashtra,2025-03-22,Organic Search
CUST01177,Pranav Nair,Male,44.0,Bhopal,Madhya Pradesh,2024-07-13,Referral
CUST01178,Ishaan Joshi,Male,36.0,Hyderabad,Telangana,2024-04-08,Direct
CUST01179,Reyansh Kapoor,Male,34.0,Hyderabad,Telangana,2023-10-26,Direct
CUST01180,Tanvi Nair,Female,31.0,Pune,Maharashtra,2023-10-13,Direct
CUST01181,Aman Kapoor,Male,36.0,Kolkata,West Bengal,2025-03-23,Social Media
CUST01182,Rekha Kapoor,Female,41.0,Delhi,Delhi,2023-06-23,Email
CUST01183,Siddharth Sharma,Male,38.0,Bhopal,Madhya Pradesh,2023-05-09,Social Media
CUST01184,Ishaan Gupta,Male,29.0,Delhi,Delhi,2023-09-04,Organic Search
CUST01185,Aadhya Agarwal,Female,45.0,Ghaziabad,Uttar Pradesh,2023-09-03,Referral
CUST01186,Vihaan Gupta,Male,40.0,Bhopal,Madhya Pradesh,2025-05-19,
CUST01187,Krishna Mukherjee,Male,37.0,Delhi,Delhi,2024-05-09,Paid Search
CUST01188,Vivaan Verma,Male,34.0,Bhopal,Madhya Pradesh,2025-09-23,Paid Search
CUST01189,Naveen Yadav,Male,38.0,Lucknow,Uttar Pradesh,2023-07-17,
CUST01190,Riya Das,Female,18.0,Kochi,Kerala,2024-12-31,Email
CUST01191,Varun Shah,Male,35.0,Indore,Madhya Pradesh,2024-06-28,Paid Search
CUST01192,Sunita Chauhan,Female,49.0,Ahmedabad,Gujarat,2024-05-03,Paid Search
CUST01193,Vivaan Singh,Male,35.0,Surat,Gujarat,2025-06-29,Paid Search
CUST01194,Yash Mishra,Male,34.0,Lucknow,Uttar Pradesh,2025-09-13,Social Media
CUST01195,Suresh Saxena,Male,27.0,Thane,Maharashtra,2025-06-27,Organic Search
CUST01196,Varun Kapoor,Male,38.0,Chennai,Tamil Nadu,2023-09-24,Paid Search
CUST01197,Ananya Chauhan,Female,31.0,Ghaziabad,Uttar Pradesh,2023-10-28,Organic Search
CUST01198,Pooja Yadav,Female,46.0,Bengaluru,Karnataka,2025-01-02,Direct
CUST01199,Aarav Chatterjee,Male,24.0,Noida,Uttar Pradesh,2024-01-14,Organic Search
CUST01200,Deepak Singh,Male,28.0,Hyderabad,Telangana,2025-03-09,Direct
CUST01201,Anjali Gupta,Female,27.0,Mumbai,Maharashtra,2024-10-16,Organic Search
CUST01202,Gaurav Singh,Male,51.0,Delhi,Delhi,2024-10-02,Organic Search
CUST01203,Priya Mukherjee,Female,31.0,Gurugram,Haryana,2025-05-24,Direct
CUST01204,Manish Verma,Male,28.0,Patna,Bihar,2025-02-17,Social Media
CUST01205,Kunal Banerjee,Male,18.0,Chennai,Tamil Nadu,2023-02-11,Organic Search
CUST01206,Rohan Reddy,Male,24.0,Chandigarh,Chandigarh,2023-03-18,Social Media
CUST01207,Vihaan Pandey,Male,38.0,Bengaluru,Karnataka,2024-11-16,Organic Search
CUST01208,Payal Gupta,Female,38.0,Bengaluru,Karnataka,2024-08-03,Organic Search
CUST01209,Juhi Malhotra,Female,26.0,Delhi,Delhi,2023-12-13,Organic Search
CUST01210,Swati Gupta,Female,27.0,Chennai,Tamil Nadu,2024-05-29,Organic Search
CUST01211,Neha Mukherjee,Female,52.0,Kolkata,West Bengal,2025-03-28,Organic Search
CUST01212,Suresh Nair,Male,60.0,Delhi,Delhi,2025-05-22,Paid Search
CUST01213,Kunal Das,Male,44.0,Delhi,Delhi,2024-10-11,Referral
CUST01214,Yash Gupta,Male,49.0,Ahmedabad,Gujarat,2024-04-25,Paid Search
CUST01215,Neha Mukherjee,Female,51.0,Bengaluru,Karnataka,2023-12-25,Paid Search
CUST01216,Harsh Mukherjee,Male,55.0,Jaipur,Rajasthan,2024-09-05,Organic Search
CUST01217,Neha Chauhan,Female,30.0,Pune,Maharashtra,2024-02-11,Direct
CUST01218,Diya Verma,Female,24.0,Delhi,Delhi,2024-10-14,Organic Search
CUST01219,Sneha Singh,Female,51.0,Mumbai,Maharashtra,2025-01-20,Organic Search
CUST01220,Karthik Saxena,Male,23.0,Lucknow,Uttar Pradesh,2023-04-11,Direct
CUST01221,Divya Banerjee,Female,23.0,Visakhapatnam,Andhra Pradesh,2023-01-02,Paid Search
CUST01222,Anjali Chopra,Female,23.0,Kolkata,West Bengal,2023-10-18,Organic Search
CUST01223,Anjali Reddy,Female,32.0,Jaipur,Rajasthan,2025-07-14,Social Media
CUST01224,Aarav Desai,Male,18.0,Noida,Uttar Pradesh,2024-12-25,Organic Search
CUST01225,Ritu Menon,Female,19.0,Visakhapatnam,Andhra Pradesh,2023-08-30,Organic Search
CUST01226,Karthik Yadav,Male,27.0,Hyderabad,Telangana,2025-07-11,Social Media
CUST01227,Radhika Chatterjee,Female,21.0,Ludhiana,Punjab,2024-07-18,Direct
CUST01228,Riya Malhotra,Female,44.0,Pune,Maharashtra,2024-07-24,Direct
CUST01229,Deepak Rao,Male,33.0,Pune,Maharashtra,2025-08-14,Social Media
CUST01230,Preeti Shah,Female,39.0,Nagpur,Maharashtra,2023-04-01,Paid Search
CUST01231,Vivaan Shah,Male,38.0,Chennai,Tamil Nadu,2023-10-22,Social Media
CUST01232,Payal Das,Female,31.0,Rajkot,Gujarat,2024-11-02,Direct
CUST01233,Swati Banerjee,Female,43.0,Delhi,Delhi,2023-09-28,Social Media
CUST01234,Saanvi Chopra,Female,38.0,Chennai,Tamil Nadu,2025-01-22,Organic Search
CUST01235,Swati Chauhan,Female,30.0,Mumbai,Maharashtra,2023-10-20,Direct
CUST01236,Vihaan Verma,Male,18.0,Indore,Madhya Pradesh,2023-05-27,Direct
CUST01237,Karthik Bansal,Male,38.0,Bengaluru,Karnataka,2023-10-12,Organic Search
CUST01238,Saanvi Chauhan,Female,20.0,Chennai,Tamil Nadu,2024-06-02,Social Media
CUST01239,Abhishek Chopra,Male,37.0,Rajkot,Gujarat,2023-09-04,Referral
CUST01240,Abhishek Malhotra,Male,34.0,Delhi,Delhi,2023-07-13,Organic Search
CUST01241,Aditya Tiwari,Male,19.0,Mumbai,Maharashtra,2025-06-18,Direct
CUST01242,Harsh Pandey,Male,36.0,Jaipur,Rajasthan,2024-02-17,Organic Search
CUST01243,Saanvi Iyer,Female,35.0,Chennai,Tamil Nadu,2024-03-31,Paid Search
CUST01244,Reyansh Kapoor,Male,35.0,Mumbai,Maharashtra,2023-03-26,Direct
CUST01245,Deepak Das,Male,34.0,Hyderabad,Telangana,2024-03-28,Direct
CUST01246,Aadhya Singh,Female,26.0,Bengaluru,Karnataka,2023-12-18,Organic Search
CUST01247,Tanvi Shah,Female,39.0,Bengaluru,Karnataka,2024-11-24,Referral
CUST01248,Abhishek Mukherjee,Male,26.0,Patna,Bihar,2023-10-10,Social Media
CUST01249,Ananya Chatterjee,Female,22.0,Hyderabad,Telangana,2025-07-09,Referral
CUST01250,Naveen Joshi,Male,40.0,Kolkata,West Bengal,2025-08-09,Paid Search
CUST01251,Radhika Bansal,Female,42.0,Bengaluru,Karnataka,2023-05-28,Direct
CUST01252,Naveen Yadav,Male,39.0,Noida,Uttar Pradesh,2023-06-07,Email
CUST01253,Suresh Reddy,Male,31.0,Visakhapatnam,Andhra Pradesh,2023-06-18,Email
CUST01254,Deepak Mehta,Male,18.0,Chennai,Tamil Nadu,2024-12-02,Paid Search
CUST01255,Nisha Desai,Female,48.0,Indore,Madhya Pradesh,2023-06-27,
CUST01256,Harsh Iyer,Male,18.0,Hyderabad,Telangana,2025-06-11,Organic Search
CUST01257,Rohan Tiwari,Male,39.0,Mumbai,Maharashtra,2025-03-25,Organic Search
CUST01258,Pooja Kapoor,Female,54.0,Chennai,Tamil Nadu,2025-05-17,Direct
CUST01259,Naveen Mehta,Male,34.0,Pune,Maharashtra,2024-09-09,Social Media
CUST01260,Anjali Singh,Female,36.0,Hyderabad,Telangana,2025-09-28,Social Media
CUST01261,Reyansh Chopra,Male,37.0,Ahmedabad,Gujarat,2023-03-10,Organic Search
CUST01262,Vihaan Rao,Male,35.0,Indore,Madhya Pradesh,2024-05-12,Social Media
CUST01263,Arjun Patel,Male,57.0,Coimbatore,Tamil Nadu,2024-02-21,Paid Search
CUST01264,Kunal Mehta,Male,25.0,Coimbatore,Tamil Nadu,2025-08-24,Referral
CUST01265,Gaurav Malhotra,Male,23.0,Jaipur,Rajasthan,2024-10-25,Organic Search
CUST01266,Pranav Kapoor,Male,30.0,Surat,Gujarat,2025-05-06,Organic Search
CUST01267,Divya Singh,Female,50.0,Pune,Maharashtra,2023-08-28,Organic Search
CUST01268,Manish Kapoor,Male,27.0,Ahmedabad,Gujarat,2025-09-15,Organic Search
CUST01269,Aarav Desai,Male,37.0,Thane,Maharashtra,2024-08-14,Social Media
CUST01270,Ananya Yadav,Female,44.0,Delhi,Delhi,2024-08-10,Social Media
CUST01271,Abhishek Gupta,Male,41.0,Coimbatore,Tamil Nadu,2025-09-09,Paid Search
CUST01272,Radhika Reddy,Female,43.0,Bengaluru,Karnataka,2024-04-21,Email
CUST01273,Ishita Yadav,Female,47.0,Bengaluru,Karnataka,2024-05-08,Direct
CUST01274,Karthik Chatterjee,Male,36.0,Bengaluru,Karnataka,2024-11-01,Social Media
CUST01275,Tanvi Mishra,Female,28.0,Vadodara,Gujarat,2023-07-05,Social Media
CUST01276,Sunita Malhotra,Female,34.0,Bengaluru,Karnataka,2024-02-18,Paid Search
CUST01277,Neha Verma,Female,30.0,Surat,Gujarat,2023-09-25,Social Media
CUST01278,Simran Chatterjee,Female,58.0,Hyderabad,Telangana,2023-06-02,Organic Search
CUST01279,Pranav Reddy,Male,28.0,Lucknow,Uttar Pradesh,2025-06-22,Organic Search
CUST01280,Riya Agarwal,Female,38.0,Jaipur,Rajasthan,2024-11-05,Organic Search
CUST01281,Sanjay Kumar,Male,18.0,Guwahati,Assam,2024-03-29,Paid Search
CUST01282,Rajesh Pandey,Male,34.0,Hyderabad,Telangana,2024-05-19,Organic Search
CUST01283,Rekha Chopra,Female,30.0,Hyderabad,Telangana,2024-06-11,Paid Search
CUST01284,Arjun Joshi,Male,40.0,Delhi,Delhi,2024-12-14,Referral
CUST01285,Swati Das,Female,40.0,Chennai,Tamil Nadu,2025-08-07,Paid Search
CUST01286,Radhika Tiwari,Female,47.0,Ludhiana,Punjab,2025-08-12,Organic Search
CUST01287,Sunita Chauhan,Female,46.0,Bengaluru,Karnataka,2024-05-02,Paid Search
CUST01288,Ishita Mishra,Female,32.0,Noida,Uttar Pradesh,2024-02-27,Paid Search
CUST01289,Aadhya Yadav,Female,24.0,Mumbai,Maharashtra,2024-06-30,Organic Search
CUST01290,Meera Nair,Female,25.0,Vadodara,Gujarat,2024-10-17,Social Media
CUST01291,Komal Patel,Female,36.0,Nagpur,Maharashtra,2024-07-10,Organic Search
CUST01292,Anita Reddy,Female,35.0,Chandigarh,Chandigarh,2025-01-05,Paid Search
CUST01293,Priya Tiwari,Female,36.0,Pune,Maharashtra,2024-10-05,Social Media
CUST01294,Arjun Tiwari,Male,28.0,Kanpur,Uttar Pradesh,2024-02-18,Paid Search
CUST01295,Aarav Shah,Male,47.0,Mumbai,Maharashtra,2024-03-15,Direct
CUST01296,Rahul Shah,Male,18.0,Ahmedabad,Gujarat,2024-04-19,Organic Search
CUST01297,Ishaan Kapoor,Male,27.0,Visakhapatnam,Andhra Pradesh,2023-05-21,Paid Search
CUST01298,Vivaan Das,Male,22.0,Delhi,Delhi,2023-08-23,Organic Search
CUST01299,Siddharth Das,Male,31.0,Visakhapatnam,Andhra Pradesh,2025-02-28,Direct
CUST01300,Sneha Mishra,Female,45.0,Hyderabad,Telangana,2024-04-29,Organic Search
CUST01301,Pooja Das,Female,30.0,Hyderabad,Telangana,2023-10-21,Paid Search
CUST01302,Meera Joshi,Female,34.0,Lucknow,Uttar Pradesh,2024-10-12,Paid Search
CUST01303,Anjali Kapoor,Female,40.0,Mumbai,Maharashtra,2025-03-26,Direct
CUST01304,Riya Mukherjee,Female,30.0,Surat,Gujarat,2023-12-10,Social Media
CUST01305,Komal Joshi,Female,37.0,Chandigarh,Chandigarh,2025-05-22,Paid Search
CUST01306,Krishna Agarwal,Male,36.0,Mumbai,Maharashtra,2025-08-08,Social Media
CUST01307,Pooja Mishra,Female,22.0,Bengaluru,Karnataka,2024-11-12,Social Media
CUST01308,Kunal Mishra,Male,28.0,Mumbai,Maharashtra,2025-01-13,Organic Search
CUST01309,Yash Malhotra,Male,37.0,Kolkata,West Bengal,2023-03-22,Organic Search
CUST01310,Rajesh Reddy,Male,46.0,Thane,Maharashtra,2025-08-21,Organic Search
CUST01311,Anjali Pandey,Female,46.0,Gurugram,Haryana,2024-05-03,Paid Search
CUST01312,Rekha Malhotra,Female,54.0,Ahmedabad,Gujarat,2025-08-05,Social Media
CUST01313,Krishna Iyer,Male,38.0,Delhi,Delhi,2024-10-27,Direct
CUST01314,Priya Desai,Female,29.0,Mumbai,Maharashtra,2023-01-08,Social Media
CUST01315,Sanjay Menon,Male,32.0,Hyderabad,Telangana,2023-03-01,Organic Search
CUST01316,Harsh Chauhan,Male,32.0,Kolkata,West Bengal,2025-01-23,Paid Search
CUST01317,Pranav Nair,Male,29.0,Coimbatore,Tamil Nadu,2024-10-12,Paid Search
CUST01318,Gaurav Chatterjee,Male,37.0,Bengaluru,Karnataka,2023-02-11,Social Media
CUST01319,Radhika Bansal,Female,37.0,Visakhapatnam,Andhra Pradesh,2025-03-17,Social Media
CUST01320,Pranav Shah,Male,21.0,Kolkata,West Bengal,2025-06-11,Social Media
CUST01321,Vikram Das,Male,44.0,Nashik,Maharashtra,2024-08-12,Direct
CUST01322,Siddharth Chatterjee,Male,18.0,Nashik,Maharashtra,2024-07-14,Organic Search
CUST01323,Komal Iyer,Female,31.0,Agra,Uttar Pradesh,2023-01-09,Email
CUST01324,Meera Singh,Female,44.0,Ahmedabad,Gujarat,2025-04-21,Referral
CUST01325,Nisha Sharma,Female,39.0,Hyderabad,Telangana,2024-02-28,Organic Search
CUST01326,Payal Desai,Female,29.0,Delhi,Delhi,2025-07-02,Email
CUST01327,Radhika Das,Female,53.0,Bengaluru,Karnataka,2024-04-13,Organic Search
CUST01328,Ankit Tiwari,Male,29.0,Surat,Gujarat,2024-10-15,Social Media
CUST01329,Krishna Rao,Male,18.0,Noida,Uttar Pradesh,2023-12-24,Organic Search
CUST01330,Sanjay Verma,Male,38.0,Jaipur,Rajasthan,2023-08-16,Organic Search
CUST01331,Ishaan Chatterjee,Male,18.0,Chennai,Tamil Nadu,2025-04-11,Social Media
CUST01332,Ishaan Verma,Male,25.0,Bengaluru,Karnataka,2024-08-12,Paid Search
CUST01333,Varun Mehta,Male,39.0,Lucknow,Uttar Pradesh,2024-09-19,Organic Search
CUST01334,Aarav Malhotra,Male,28.0,Bengaluru,Karnataka,2025-09-05,Social Media
CUST01335,Krishna Chatterjee,Male,39.0,Mumbai,Maharashtra,2025-09-04,Paid Search
CUST01336,Varun Rao,Male,21.0,Mumbai,Maharashtra,2025-06-14,Organic Search
CUST01337,Nikhil Bansal,Male,42.0,Ludhiana,Punjab,2023-09-18,Referral
CUST01338,Payal Nair,Female,18.0,Ahmedabad,Gujarat,2024-11-10,Direct
CUST01339,Anjali Kumar,Female,46.0,Gurugram,Haryana,2025-07-01,Paid Search
CUST01340,Arjun Reddy,Male,28.0,Kolkata,West Bengal,2024-04-14,Direct
CUST01341,Abhishek Tiwari,Male,48.0,Nagpur,Maharashtra,2023-05-30,Direct
CUST01342,Yash Mehta,Male,25.0,Ghaziabad,Uttar Pradesh,2025-05-10,Paid Search
CUST01343,Nikhil Nair,Male,52.0,Nashik,Maharashtra,2024-07-29,Direct
CUST01344,Rohan Patel,Male,23.0,Delhi,Delhi,2024-10-14,Email
CUST01345,Abhishek Kapoor,Male,18.0,Bengaluru,Karnataka,2025-09-17,Referral
CUST01346,Simran Reddy,Female,33.0,Delhi,Delhi,2024-11-21,Organic Search
CUST01347,Tanvi Shah,Female,45.0,Chennai,Tamil Nadu,2024-06-04,Email
CUST01348,Kavya Joshi,Female,41.0,Delhi,Delhi,2024-04-10,Organic Search
CUST01349,Radhika Agarwal,Female,45.0,Lucknow,Uttar Pradesh,2024-05-28,Email
CUST01350,Radhika Joshi,Female,41.0,Ahmedabad,Gujarat,2023-06-22,Organic Search
CUST01351,Priya Banerjee,Female,25.0,Noida,Uttar Pradesh,2025-04-27,Email
CUST01352,Shreya Saxena,Female,41.0,Vadodara,Gujarat,2025-05-31,Direct
CUST01353,Neha Reddy,Female,34.0,Indore,Madhya Pradesh,2024-01-09,Paid Search
CUST01354,Divya Banerjee,Female,26.0,Nagpur,Maharashtra,2024-01-30,Paid Search
CUST01355,Anita Patel,Female,35.0,Mumbai,Maharashtra,2025-06-28,Organic Search
CUST01356,Preeti Mukherjee,Female,32.0,Mumbai,Maharashtra,2023-02-07,Organic Search
CUST01357,Gaurav Banerjee,Male,47.0,Chennai,Tamil Nadu,2024-09-04,Direct
CUST01358,Pranav Bansal,Male,28.0,Chandigarh,Chandigarh,2024-07-12,Social Media
CUST01359,Vikram Chatterjee,Male,27.0,Mumbai,Maharashtra,2025-01-31,Email
CUST01360,Krishna Kumar,Male,26.0,Chennai,Tamil Nadu,2023-08-19,Referral
CUST01361,Abhishek Tiwari,Male,52.0,Patna,Bihar,2025-01-13,Social Media
CUST01362,Rohan Reddy,Male,27.0,Hyderabad,Telangana,2024-04-17,Paid Search
CUST01363,Yash Mehta,Male,46.0,Gurugram,Haryana,2024-12-01,Paid Search
CUST01364,Swati Mishra,Female,23.0,Gurugram,Haryana,2023-03-04,Organic Search
CUST01365,Pranav Kapoor,Male,38.0,Mumbai,Maharashtra,2024-07-10,Referral
CUST01366,Vihaan Pandey,Male,36.0,Surat,Gujarat,2024-09-05,Referral
CUST01367,Reyansh Reddy,Male,45.0,Delhi,Delhi,2023-10-21,Paid Search
CUST01368,Reyansh Verma,Male,44.0,Chennai,Tamil Nadu,2023-07-20,Paid Search
CUST01369,Kavya Menon,Female,34.0,Coimbatore,Tamil Nadu,2023-09-19,Social Media
CUST01370,Ananya Mehta,Female,28.0,Mumbai,Maharashtra,2024-03-14,Social Media
CUST01371,Arjun Chopra,Male,49.0,Gurugram,Haryana,2023-05-24,
CUST01372,Suresh Shah,Male,27.0,Guwahati,Assam,2025-08-23,Organic Search
CUST01373,Yash Gupta,Male,18.0,Kanpur,Uttar Pradesh,2024-05-15,Social Media
CUST01374,Aadhya Banerjee,Female,18.0,Hyderabad,Telangana,2025-05-08,Email
CUST01375,Aditi Reddy,Female,18.0,Bengaluru,Karnataka,2025-09-12,Organic Search
CUST01376,Radhika Mehta,Female,39.0,Chennai,Tamil Nadu,2023-05-02,Social Media
CUST01377,Deepak Rao,Male,55.0,Delhi,Delhi,2024-12-30,Paid Search
CUST01378,Anita Rao,Female,18.0,Mumbai,Maharashtra,2025-06-26,Direct
CUST01379,Priya Chatterjee,Female,25.0,Mumbai,Maharashtra,2024-12-15,Direct
CUST01380,Pooja Joshi,Female,34.0,Lucknow,Uttar Pradesh,2024-06-08,Social Media
CUST01381,Gaurav Das,Male,48.0,Mumbai,Maharashtra,2024-06-10,Paid Search
CUST01382,Arjun Joshi,Male,25.0,Hyderabad,Telangana,2023-02-25,Direct
CUST01383,Ankit Singh,Male,39.0,Kanpur,Uttar Pradesh,2024-09-17,Organic Search
CUST01384,Krishna Verma,Male,30.0,Delhi,Delhi,2025-09-26,Paid Search
CUST01385,Riya Mishra,Female,59.0,Hyderabad,Telangana,2025-08-31,Paid Search
CUST01386,Aditya Shah,Male,34.0,Mumbai,Maharashtra,2023-03-04,Organic Search
CUST01387,Arjun Yadav,Male,37.0,Delhi,Delhi,2025-02-13,Direct
CUST01388,Anita Verma,Female,34.0,Bengaluru,Karnataka,2024-01-28,Organic Search
CUST01389,Ishaan Malhotra,Male,29.0,Delhi,Delhi,2025-07-20,Email
CUST01390,Payal Desai,Female,42.0,Kolkata,West Bengal,2023-03-11,Email
CUST01391,Sunita Chatterjee,Female,21.0,Delhi,Delhi,2025-08-14,Social Media
CUST01392,Komal Iyer,Female,18.0,Hyderabad,Telangana,2025-05-31,Organic Search
CUST01393,Radhika Chauhan,Female,31.0,Indore,Madhya Pradesh,2023-06-21,Paid Search
CUST01394,Pranav Chopra,Male,41.0,Lucknow,Uttar Pradesh,2023-04-02,Direct
CUST01395,Aman Kapoor,Male,27.0,Ahmedabad,Gujarat,2025-05-29,Paid Search
CUST01396,Meera Mishra,Female,35.0,Gurugram,Haryana,2023-08-10,Organic Search
CUST01397,Pranav Gupta,Male,21.0,Patna,Bihar,2024-09-17,Social Media
CUST01398,Varun Agarwal,Male,44.0,Jaipur,Rajasthan,2025-07-30,Social Media
CUST01399,Rekha Saxena,Female,40.0,Chennai,Tamil Nadu,2024-10-17,Social Media
CUST01400,Aditya Saxena,Male,33.0,Mumbai,Maharashtra,2024-05-08,Paid Search
CUST01401,Aarav Patel,Male,35.0,Chennai,Tamil Nadu,2024-06-24,Organic Search
CUST01402,Rajesh Yadav,Male,19.0,Pune,Maharashtra,2023-04-06,Organic Search
CUST01403,Pranav Verma,Male,20.0,Kochi,Kerala,2025-09-08,Social Media
CUST01404,Preeti Malhotra,Female,32.0,Noida,Uttar Pradesh,2024-02-07,Direct
CUST01405,Siddharth Kapoor,Male,38.0,Delhi,Delhi,2023-09-20,Email
CUST01406,Rahul Chatterjee,Male,39.0,Kochi,Kerala,2024-01-11,Social Media
CUST01407,Krishna Nair,Male,29.0,Bhopal,Madhya Pradesh,2025-09-04,Social Media
CUST01408,Nisha Mehta,Female,40.0,Kanpur,Uttar Pradesh,2023-05-20,Social Media
CUST01409,Harsh Nair,Male,47.0,Coimbatore,Tamil Nadu,2025-06-23,Paid Search
CUST01410,Pranav Gupta,Male,32.0,Hyderabad,Telangana,2025-02-15,Referral
CUST01411,Sneha Rao,Female,36.0,Ahmedabad,Gujarat,2025-05-25,Social Media
CUST01412,Nikhil Mukherjee,Male,31.0,Nashik,Maharashtra,2025-09-13,Organic Search
CUST01413,Diya Mukherjee,Female,32.0,Mumbai,Maharashtra,2025-06-03,Social Media
CUST01414,Sanjay Joshi,Male,35.0,Indore,Madhya Pradesh,2025-08-20,Organic Search
CUST01415,Vikram Chopra,Male,50.0,Vadodara,Gujarat,2023-07-03,Paid Search
CUST01416,Ankit Singh,Male,42.0,Rajkot,Gujarat,2025-04-28,Referral
CUST01417,Nisha Chauhan,Female,41.0,Bengaluru,Karnataka,2024-09-27,Social Media
CUST01418,Manish Nair,Male,28.0,Kanpur,Uttar Pradesh,2024-09-25,Organic Search
CUST01419,Sanjay Patel,Male,24.0,Mumbai,Maharashtra,2025-07-17,Social Media
CUST01420,Meera Patel,Female,37.0,Nashik,Maharashtra,2025-09-10,Organic Search
CUST01421,Aman Yadav,Male,45.0,Kolkata,West Bengal,2025-02-13,Social Media
CUST01422,Aditi Banerjee,Female,50.0,Surat,Gujarat,2024-07-30,Organic Search
CUST01423,Radhika Mehta,Female,18.0,Ludhiana,Punjab,2024-07-05,Social Media
CUST01424,Priya Mishra,Female,57.0,Kolkata,West Bengal,2024-04-26,Referral
CUST01425,Deepak Joshi,Male,37.0,Kolkata,West Bengal,2024-04-01,Organic Search
CUST01426,Aman Kapoor,Male,42.0,Chennai,Tamil Nadu,2024-05-02,Social Media
CUST01427,Radhika Mehta,Female,18.0,Jaipur,Rajasthan,2023-05-14,Social Media
CUST01428,Varun Iyer,Male,31.0,Indore,Madhya Pradesh,2023-04-27,Email
CUST01429,Aman Rao,Male,41.0,Vadodara,Gujarat,2025-04-15,Direct
CUST01430,Komal Mehta,Female,21.0,Mumbai,Maharashtra,2024-06-25,Paid Search
CUST01431,Divya Pandey,Female,18.0,Hyderabad,Telangana,2025-08-10,Organic Search
CUST01432,Gaurav Singh,Male,36.0,Chennai,Tamil Nadu,2024-11-25,Social Media
CUST01433,Tarun Gupta,Male,33.0,Mumbai,Maharashtra,2023-02-24,Social Media
CUST01434,Juhi Iyer,Female,47.0,Bhopal,Madhya Pradesh,2023-08-12,Referral
CUST01435,Nisha Kapoor,Female,31.0,Pune,Maharashtra,2023-10-10,Email
CUST01436,Rohan Rao,Male,32.0,Mumbai,Maharashtra,2025-09-13,Social Media
CUST01437,Arjun Shah,Male,40.0,Surat,Gujarat,2023-10-26,Paid Search
CUST01438,Vivaan Verma,Male,43.0,Hyderabad,Telangana,2024-08-30,Paid Search
CUST01439,Siddharth Yadav,Male,26.0,Indore,Madhya Pradesh,2025-08-14,Direct
CUST01440,Rahul Agarwal,Male,42.0,Delhi,Delhi,2025-09-14,Paid Search
CUST01441,Pooja Kapoor,Female,28.0,Mumbai,Maharashtra,2023-11-16,Social Media
CUST01442,Sanjay Chopra,Male,,Mumbai,Maharashtra,2023-03-17,Social Media
CUST01443,Suresh Chauhan,Male,40.0,Chennai,Tamil Nadu,2023-08-07,Organic Search
CUST01444,Sunita Mehta,Female,41.0,Bhopal,Madhya Pradesh,2023-04-07,Email
CUST01445,Aditya Bansal,Male,36.0,Jaipur,Rajasthan,2023-09-27,Organic Search
CUST01446,Krishna Singh,Male,22.0,Mumbai,Maharashtra,2024-10-18,Direct
CUST01447,Divya Mishra,Female,18.0,Jaipur,Rajasthan,2025-07-27,Social Media
CUST01448,Karthik Das,Male,31.0,Kolkata,West Bengal,2024-09-19,Organic Search
CUST01449,Meera Agarwal,Female,43.0,Patna,Bihar,2024-12-08,Email
CUST01450,Kunal Banerjee,Male,37.0,Bengaluru,Karnataka,2023-10-06,Referral
CUST01451,Manish Menon,Male,35.0,Indore,Madhya Pradesh,2025-05-02,Organic Search
CUST01452,Simran Chopra,Female,33.0,Surat,Gujarat,2024-11-30,Organic Search
CUST01453,Ishaan Rao,Male,36.0,Surat,Gujarat,2025-06-20,Paid Search
CUST01454,Simran Joshi,Female,23.0,Ahmedabad,Gujarat,2025-08-24,Social Media
CUST01455,Ankit Sharma,Male,41.0,Mumbai,Maharashtra,2024-03-18,Organic Search
CUST01456,Juhi Chauhan,,41.0,Delhi,Delhi,2023-05-15,Social Media
CUST01457,Naveen Patel,Male,29.0,Ludhiana,Punjab,2023-11-03,Paid Search
CUST01458,Sunita Desai,Female,37.0,Surat,Gujarat,2024-06-17,Referral
CUST01459,Neha Chauhan,Female,18.0,Jaipur,Rajasthan,2025-08-21,Referral
CUST01460,Vivaan Malhotra,Male,35.0,Pune,Maharashtra,2024-04-18,Organic Search
CUST01461,Nikhil Banerjee,Male,32.0,Mumbai,Maharashtra,2025-04-08,Social Media
CUST01462,Harsh Mukherjee,Male,46.0,Hyderabad,Telangana,2024-09-22,Paid Search
CUST01463,Ishita Chatterjee,Female,31.0,Surat,Gujarat,2023-09-12,Paid Search
CUST01464,Abhishek Verma,Male,42.0,Delhi,Delhi,2024-02-18,Organic Search
CUST01465,Diya Bansal,Female,29.0,Chandigarh,Chandigarh,2024-12-31,Email
CUST01466,Vihaan Tiwari,Male,18.0,Mumbai,Maharashtra,2025-01-17,Referral
CUST01467,Vikram Chopra,Male,31.0,Kanpur,Uttar Pradesh,2024-06-14,Organic Search
CUST01468,Swati Pandey,Female,,Hyderabad,Telangana,2023-11-06,Organic Search
CUST01469,Tarun Pandey,Male,35.0,Nashik,Maharashtra,2025-02-27,Social Media
CUST01470,Suresh Nair,Male,35.0,Ghaziabad,Uttar Pradesh,2023-08-26,Direct
CUST01471,Pooja Nair,Female,28.0,Hyderabad,Telangana,2025-08-15,Social Media
CUST01472,Tanvi Chatterjee,Female,30.0,Chennai,Tamil Nadu,2023-09-19,Organic Search
CUST01473,Vivaan Gupta,Male,22.0,Noida,Uttar Pradesh,2023-06-07,Referral
CUST01474,Vikram Verma,Male,18.0,Jaipur,Rajasthan,2024-08-13,Paid Search
CUST01475,Suresh Sharma,Male,32.0,Mumbai,Maharashtra,2024-09-03,Paid Search
CUST01476,Swati Mukherjee,Female,26.0,Visakhapatnam,Andhra Pradesh,2024-08-23,Organic Search
CUST01477,Suresh Das,Male,44.0,Ahmedabad,Gujarat,2024-06-16,Organic Search
CUST01478,Anjali Gupta,Female,18.0,Bengaluru,Karnataka,2025-09-27,Social Media
CUST01479,Anita Patel,Female,,Ghaziabad,Uttar Pradesh,2024-08-03,Referral
CUST01480,Juhi Agarwal,Female,54.0,Noida,Uttar Pradesh,2024-07-26,Email
CUST01481,Abhishek Mukherjee,Male,31.0,Mumbai,Maharashtra,2024-06-01,Direct
CUST01482,Pranav Bansal,Male,33.0,Ahmedabad,Gujarat,2023-04-12,Paid Search
CUST01483,Kunal Shah,Male,37.0,Bengaluru,Karnataka,2024-11-08,Social Media
CUST01484,Harsh Joshi,Male,38.0,Coimbatore,Tamil Nadu,2023-11-06,Social Media
CUST01485,Harsh Mehta,Male,29.0,Nashik,Maharashtra,2024-12-18,Paid Search
CUST01486,Priya Tiwari,Female,23.0,Coimbatore,Tamil Nadu,2023-03-20,Organic Search
CUST01487,Siddharth Mishra,Male,40.0,Mumbai,Maharashtra,2025-09-17,Referral
CUST01488,Krishna Rao,Male,18.0,Mumbai,Maharashtra,2024-07-17,Organic Search
CUST01489,Divya Kumar,Female,41.0,Pune,Maharashtra,2025-07-16,Direct
CUST01490,Divya Kumar,Female,29.0,Delhi,Delhi,2024-07-23,Referral
CUST01491,Arjun Patel,Male,33.0,Delhi,Delhi,2023-04-02,Organic Search
CUST01492,Sneha Desai,Female,28.0,Bengaluru,Karnataka,2025-05-19,Organic Search
CUST01493,Anjali Patel,Female,47.0,Indore,Madhya Pradesh,2024-12-27,Social Media
CUST01494,Abhishek Patel,Male,35.0,Kanpur,Uttar Pradesh,2025-04-17,Social Media
CUST01495,Nisha Menon,Female,30.0,Patna,Bihar,2024-06-07,Social Media
CUST01496,Vivaan Bansal,Male,30.0,Mumbai,Maharashtra,2024-12-18,Organic Search
CUST01497,Vihaan Kumar,Male,32.0,Visakhapatnam,Andhra Pradesh,2025-06-14,Direct
CUST01498,Vivaan Kumar,Male,57.0,Kolkata,West Bengal,2024-12-12,Social Media
CUST01499,Karthik Gupta,Male,20.0,Hyderabad,Telangana,2024-03-17,Social Media
CUST01500,Kavya Verma,Female,44.0,Surat,Gujarat,2025-01-08,
CUST01501,Riya Kumar,Female,39.0,Patna,Bihar,2025-01-16,Email
CUST01502,Rohan Bansal,Male,48.0,Mumbai,Maharashtra,2025-09-02,Social Media
CUST01503,Saanvi Saxena,Female,39.0,Vadodara,Gujarat,2024-04-11,Referral
CUST01504,Sanjay Shah,Male,33.0,Pune,Maharashtra,2024-06-04,Direct
CUST01505,Arjun Patel,Male,43.0,Surat,Gujarat,2025-05-11,Referral
CUST01506,Payal Kumar,Female,35.0,Rajkot,Gujarat,2024-08-21,Referral
CUST01507,Vikram Verma,Male,41.0,Indore,Madhya Pradesh,2025-03-11,Organic Search
CUST01508,Meera Chauhan,Female,47.0,Jaipur,Rajasthan,2024-07-08,Referral
CUST01509,Kunal Mukherjee,Male,34.0,Hyderabad,Telangana,2023-10-22,Direct
CUST01510,Priya Rao,Female,29.0,Kolkata,West Bengal,2025-03-18,Social Media
CUST01511,Karthik Shah,Male,27.0,Ludhiana,Punjab,2023-07-09,Social Media
CUST01512,Rajesh Patel,Male,38.0,Guwahati,Assam,2023-10-02,Social Media
CUST01513,Radhika Singh,Female,24.0,Bhopal,Madhya Pradesh,2024-12-08,Social Media
CUST01514,Deepak Kapoor,Male,30.0,Patna,Bihar,2025-03-20,Organic Search
CUST01515,Rajesh Kapoor,Male,23.0,Nagpur,Maharashtra,2025-07-14,Social Media
CUST01516,Meera Singh,Female,38.0,Visakhapatnam,Andhra Pradesh,2023-12-27,Paid Search
CUST01517,Deepak Shah,Male,25.0,Bengaluru,Karnataka,2023-06-12,Paid Search
CUST01518,Krishna Yadav,Male,20.0,Chennai,Tamil Nadu,2025-08-29,Direct
CUST01519,Arjun Das,Male,22.0,Pune,Maharashtra,2023-08-08,Organic Search
CUST01520,Sneha Patel,Female,27.0,Pune,Maharashtra,2023-10-01,Direct
CUST01521,Radhika Kapoor,Female,28.0,Jaipur,Rajasthan,2024-01-17,Social Media
CUST01522,Shreya Chauhan,Female,36.0,Noida,Uttar Pradesh,2024-09-12,Direct
CUST01523,Sneha Rao,Female,31.0,Agra,Uttar Pradesh,2025-07-05,Organic Search
CUST01524,Vivaan Agarwal,Male,37.0,Ghaziabad,Uttar Pradesh,2025-03-30,Organic Search
CUST01525,Tarun Chauhan,Male,38.0,Ghaziabad,Uttar Pradesh,2025-02-15,Social Media
CUST01526,Aarav Nair,Male,40.0,Patna,Bihar,2023-09-03,Paid Search
CUST01527,Radhika Mishra,Female,18.0,Kanpur,Uttar Pradesh,2024-03-28,Social Media
CUST01528,Krishna Menon,Male,22.0,Bengaluru,Karnataka,2024-07-26,Social Media
CUST01529,Sunita Singh,Female,39.0,Agra,Uttar Pradesh,2023-07-30,Paid Search
CUST01530,Anjali Agarwal,Female,35.0,Bengaluru,Karnataka,2023-12-28,Direct
CUST01531,Payal Patel,Female,43.0,Indore,Madhya Pradesh,2024-02-04,Organic Search
CUST01532,Sanjay Shah,Male,18.0,Delhi,Delhi,2023-07-04,
CUST01533,Varun Kapoor,Male,28.0,Pune,Maharashtra,2024-10-01,Referral
CUST01534,Swati Mukherjee,Female,30.0,Hyderabad,Telangana,2025-02-13,Paid Search
CUST01535,Anjali Gupta,Female,35.0,Indore,Madhya Pradesh,2023-04-16,Social Media
CUST01536,Varun Yadav,Male,33.0,Agra,Uttar Pradesh,2024-07-29,Social Media
CUST01537,Divya Sharma,Female,38.0,Mumbai,Maharashtra,2025-04-17,Organic Search
CUST01538,Sunita Patel,Female,32.0,Delhi,Delhi,2025-03-20,Paid Search
CUST01539,Pranav Desai,Male,47.0,Gurugram,Haryana,2025-05-13,Organic Search
CUST01540,Tanvi Bansal,Female,50.0,Bengaluru,Karnataka,2024-06-27,Organic Search
CUST01541,Naveen Chatterjee,Male,22.0,Thane,Maharashtra,2025-05-17,Organic Search
CUST01542,Radhika Chatterjee,Female,33.0,Vadodara,Gujarat,2023-11-21,Organic Search
CUST01543,Rahul Tiwari,Male,41.0,Thane,Maharashtra,2024-03-31,Referral
CUST01544,Aman Rao,Male,39.0,Mumbai,Maharashtra,2023-09-04,Direct
CUST01545,Sanjay Das,Male,29.0,Thane,Maharashtra,2024-07-16,Organic Search
CUST01546,Sunita Kapoor,Female,36.0,Noida,Uttar Pradesh,2024-05-02,Social Media
CUST01547,Meera Mishra,Female,18.0,Ahmedabad,Gujarat,2023-11-21,Paid Search
CUST01548,Naveen Agarwal,Male,33.0,Indore,Madhya Pradesh,2025-03-23,Organic Search
CUST01549,Aman Singh,Male,18.0,Bengaluru,Karnataka,2024-02-10,Organic Search
CUST01550,Aarav Agarwal,Male,38.0,Guwahati,Assam,2023-12-27,Social Media
CUST01551,Arjun Desai,Male,22.0,Delhi,Delhi,2023-07-09,Organic Search
CUST01552,Meera Bansal,Female,35.0,Hyderabad,Telangana,2024-06-18,Direct
CUST01553,Yash Gupta,Male,36.0,Delhi,Delhi,2024-01-30,Email
CUST01554,Shreya Mishra,Female,34.0,Noida,Uttar Pradesh,2024-04-09,Social Media
CUST01555,Anjali Bansal,Female,27.0,Pune,Maharashtra,2023-11-15,Referral
CUST01556,Varun Chauhan,Male,31.0,Bengaluru,Karnataka,2025-04-02,Organic Search
CUST01557,Ishita Pandey,Female,45.0,Delhi,Delhi,2025-08-10,Social Media
CUST01558,Ananya Gupta,Female,29.0,Nashik,Maharashtra,2024-08-14,Organic Search
CUST01559,Kavya Bansal,Female,33.0,Mumbai,Maharashtra,2024-12-22,Paid Search
CUST01560,Aadhya Chopra,Female,27.0,Lucknow,Uttar Pradesh,2025-06-23,Paid Search
CUST01561,Rohan Malhotra,Male,43.0,Surat,Gujarat,2025-09-30,Organic Search
CUST01562,Suresh Iyer,Male,34.0,Visakhapatnam,Andhra Pradesh,2024-11-27,Social Media
CUST01563,Radhika Mehta,Female,25.0,Kanpur,Uttar Pradesh,2025-07-10,Organic Search
CUST01564,Aditya Desai,Male,33.0,Ludhiana,Punjab,2025-07-25,Organic Search
CUST01565,Diya Reddy,Female,31.0,Mumbai,Maharashtra,2025-04-24,Referral
CUST01566,Kiran Mishra,Female,47.0,Chennai,Tamil Nadu,2024-07-09,Organic Search
CUST01567,Ankit Desai,Male,33.0,Mumbai,Maharashtra,2023-05-02,Organic Search
CUST01568,Sanjay Nair,Male,19.0,Ahmedabad,Gujarat,2023-01-26,Organic Search
CUST01569,Kunal Sharma,Male,38.0,Pune,Maharashtra,2024-07-25,Paid Search
CUST01570,Aadhya Kumar,Female,51.0,Jaipur,Rajasthan,2024-08-10,Referral
CUST01571,Deepak Reddy,Male,45.0,Gurugram,Haryana,2024-05-18,Referral
CUST01572,Vivaan Kumar,Male,22.0,Chandigarh,Chandigarh,2024-10-17,Email
CUST01573,Nisha Das,Female,30.0,Hyderabad,Telangana,2024-10-03,Paid Search
CUST01574,Sunita Chopra,Female,33.0,Nagpur,Maharashtra,2025-05-30,Direct
CUST01575,Kiran Pandey,Female,33.0,Indore,Madhya Pradesh,2023-06-09,Email
CUST01576,Anita Kapoor,Female,37.0,Noida,Uttar Pradesh,2023-11-02,Direct
CUST01577,Karthik Joshi,Male,30.0,Mumbai,Maharashtra,2025-04-26,Organic Search
CUST01578,Kavya Mehta,Female,24.0,Surat,Gujarat,2025-06-08,Social Media
CUST01579,Radhika Pandey,Female,43.0,Ahmedabad,Gujarat,2025-09-27,Organic Search
CUST01580,Siddharth Rao,Male,22.0,Hyderabad,Telangana,2025-06-27,Paid Search
CUST01581,Deepak Chopra,Male,25.0,Surat,Gujarat,2025-07-10,Referral
CUST01582,Aarav Agarwal,Male,22.0,Bengaluru,Karnataka,2024-02-11,Social Media
CUST01583,Diya Verma,Female,39.0,Mumbai,Maharashtra,2024-05-12,Email
CUST01584,Shreya Kapoor,Female,34.0,Visakhapatnam,Andhra Pradesh,2023-12-22,Organic Search
CUST01585,Sneha Mishra,Female,42.0,Mumbai,Maharashtra,2024-11-20,Paid Search
CUST01586,Divya Malhotra,Female,25.0,Hyderabad,Telangana,2025-08-16,Direct
CUST01587,Sanjay Banerjee,Male,20.0,Jaipur,Rajasthan,2024-03-14,Organic Search
CUST01588,Neha Menon,,29.0,Surat,Gujarat,2024-10-07,Organic Search
CUST01589,Anjali Kumar,Female,31.0,Lucknow,Uttar Pradesh,2024-01-22,Paid Search
CUST01590,Varun Shah,Male,35.0,Guwahati,Assam,2023-08-27,
CUST01591,Aarav Pandey,Male,18.0,Ahmedabad,Gujarat,2023-09-28,Paid Search
CUST01592,Swati Iyer,Female,38.0,Delhi,Delhi,2023-03-30,Organic Search
CUST01593,Payal Kumar,Female,24.0,Delhi,Delhi,2025-08-24,Social Media
CUST01594,Aman Iyer,Male,27.0,Kolkata,West Bengal,2024-05-13,Social Media
CUST01595,Shreya Chatterjee,Female,45.0,Ahmedabad,Gujarat,2025-05-28,Social Media
CUST01596,Siddharth Nair,Male,18.0,Chandigarh,Chandigarh,2025-01-24,Organic Search
CUST01597,Rahul Sharma,Male,36.0,Kolkata,West Bengal,2023-09-24,Organic Search
CUST01598,Ananya Iyer,Female,36.0,Chennai,Tamil Nadu,2023-09-03,Paid Search
CUST01599,Suresh Pandey,Male,25.0,Nashik,Maharashtra,2025-05-11,Paid Search
CUST01600,Aditi Reddy,Female,29.0,Patna,Bihar,2023-12-18,Organic Search
CUST01601,Sunita Nair,Female,45.0,Indore,Madhya Pradesh,2025-07-28,Referral
CUST01602,Vivaan Chopra,Male,53.0,Pune,Maharashtra,2023-07-20,Direct
CUST01603,Vivaan Kumar,Male,44.0,Bengaluru,Karnataka,2025-01-21,Organic Search
CUST01604,Yash Chauhan,Male,52.0,Pune,Maharashtra,2025-05-13,Social Media
CUST01605,Nikhil Das,Male,26.0,Delhi,Delhi,2023-11-14,Paid Search
CUST01606,Payal Das,Female,18.0,Pune,Maharashtra,2023-12-31,Paid Search
CUST01607,Varun Singh,Male,32.0,Ludhiana,Punjab,2025-09-04,Social Media
CUST01608,Tanvi Gupta,Female,41.0,Kolkata,West Bengal,2023-12-18,Paid Search
CUST01609,Varun Chauhan,Male,18.0,Mumbai,Maharashtra,2024-06-09,Paid Search
CUST01610,Aarav Shah,Male,24.0,Mumbai,Maharashtra,2024-06-12,Organic Search
CUST01611,Neha Chatterjee,Female,25.0,Agra,Uttar Pradesh,2023-12-05,Social Media
CUST01612,Reyansh Mukherjee,Male,37.0,Bengaluru,Karnataka,2025-04-12,Social Media
CUST01613,Radhika Sharma,Female,35.0,Pune,Maharashtra,2025-04-09,Organic Search
CUST01614,Juhi Chopra,Female,25.0,Visakhapatnam,Andhra Pradesh,2024-04-18,Paid Search
CUST01615,Meera Das,Female,35.0,Bengaluru,Karnataka,2025-05-29,Organic Search
CUST01616,Arjun Mishra,Male,22.0,Thane,Maharashtra,2023-10-19,Paid Search
CUST01617,Vivaan Singh,Male,29.0,Mumbai,Maharashtra,2023-01-07,Organic Search
CUST01618,Simran Patel,Female,20.0,Bhopal,Madhya Pradesh,2024-10-20,Social Media
CUST01619,Aditya Mehta,Male,31.0,Mumbai,Maharashtra,2025-09-26,Social Media
CUST01620,Anita Rao,Female,25.0,Bengaluru,Karnataka,2023-03-01,Social Media
CUST01621,Komal Tiwari,Female,40.0,Bengaluru,Karnataka,2023-10-13,Paid Search
CUST01622,Divya Joshi,Female,33.0,Coimbatore,Tamil Nadu,2024-09-02,
CUST01623,Anita Reddy,Female,31.0,Pune,Maharashtra,2025-05-09,Referral
CUST01624,Shreya Shah,Female,51.0,Ludhiana,Punjab,2023-05-13,Paid Search
CUST01625,Abhishek Mukherjee,Male,37.0,Jaipur,Rajasthan,2024-05-05,Paid Search
CUST01626,Divya Shah,Female,29.0,Vadodara,Gujarat,2025-03-20,Direct
CUST01627,Aadhya Gupta,Female,27.0,Pune,Maharashtra,2024-04-11,Social Media
CUST01628,Karthik Desai,Male,21.0,Chennai,Tamil Nadu,2023-09-20,Paid Search
CUST01629,Radhika Malhotra,Female,32.0,Lucknow,Uttar Pradesh,2023-09-28,Social Media
CUST01630,Arjun Gupta,Male,36.0,Bengaluru,Karnataka,2024-05-20,Organic Search
CUST01631,Sanjay Mukherjee,Male,18.0,Chandigarh,Chandigarh,2024-07-27,
CUST01632,Ishita Joshi,Female,19.0,Chandigarh,Chandigarh,2025-06-19,Social Media
CUST01633,Saanvi Kapoor,Female,28.0,Mumbai,Maharashtra,2024-12-22,Social Media
CUST01634,Tarun Sharma,Male,22.0,Chandigarh,Chandigarh,2025-02-01,Paid Search
CUST01635,Neha Bansal,Female,33.0,Delhi,Delhi,2025-09-18,Organic Search
CUST01636,Ankit Mukherjee,Male,35.0,Kanpur,Uttar Pradesh,2024-05-22,Direct
CUST01637,Abhishek Menon,Male,32.0,Ghaziabad,Uttar Pradesh,2024-05-14,Social Media
CUST01638,Rajesh Chatterjee,Male,39.0,Bengaluru,Karnataka,2025-08-05,Paid Search
CUST01639,Tanvi Chatterjee,Female,27.0,Delhi,Delhi,2023-11-27,Organic Search
CUST01640,Vihaan Chauhan,Male,33.0,Bhopal,Madhya Pradesh,2025-03-05,Social Media
CUST01641,Siddharth Malhotra,Male,23.0,Chennai,Tamil Nadu,2025-03-26,Organic Search
CUST01642,Divya Reddy,Female,36.0,Kolkata,West Bengal,2023-05-25,Paid Search
CUST01643,Ishaan Sharma,Male,34.0,Bhopal,Madhya Pradesh,2024-07-16,Direct
CUST01644,Aditya Iyer,Male,21.0,Bengaluru,Karnataka,2023-10-04,Social Media
CUST01645,Harsh Patel,Male,31.0,Mumbai,Maharashtra,2023-09-16,Direct
CUST01646,Swati Desai,Female,33.0,Noida,Uttar Pradesh,2024-07-12,Paid Search
CUST01647,Swati Kapoor,Female,36.0,Nagpur,Maharashtra,2024-01-15,Organic Search
CUST01648,Komal Rao,Female,36.0,Lucknow,Uttar Pradesh,2025-04-28,Direct
CUST01649,Suresh Chauhan,Male,26.0,Hyderabad,Telangana,2025-07-24,Referral
CUST01650,Rajesh Saxena,Male,41.0,Guwahati,Assam,2025-05-03,Social Media
CUST01651,Preeti Banerjee,Female,38.0,Bengaluru,Karnataka,2023-12-20,Organic Search
CUST01652,Harsh Banerjee,Male,26.0,Delhi,Delhi,2023-12-29,Social Media
CUST01653,Pranav Gupta,Male,,Hyderabad,Telangana,2023-12-07,Organic Search
CUST01654,Tarun Pandey,Male,27.0,Thane,Maharashtra,2023-07-14,Direct
CUST01655,Rohan Kumar,Male,18.0,Bengaluru,Karnataka,2025-08-20,Social Media
CUST01656,Nikhil Desai,Male,35.0,Hyderabad,Telangana,2024-05-12,Organic Search
CUST01657,Anjali Kapoor,Female,45.0,Pune,Maharashtra,2023-11-02,Organic Search
CUST01658,Vikram Nair,Male,47.0,Lucknow,Uttar Pradesh,2025-06-07,Organic Search
CUST01659,Shreya Gupta,Female,22.0,Delhi,Delhi,2024-05-09,Email
CUST01660,Vikram Kapoor,Male,41.0,Lucknow,Uttar Pradesh,2023-02-24,Organic Search
CUST01661,Radhika Nair,Female,34.0,Ahmedabad,Gujarat,2023-08-17,Paid Search
CUST01662,Ishita Kumar,Female,18.0,Hyderabad,Telangana,2024-12-19,Paid Search
CUST01663,Juhi Mishra,Female,30.0,Mumbai,Maharashtra,2025-04-18,Social Media
CUST01664,Harsh Banerjee,Male,29.0,Kochi,Kerala,2023-10-17,Social Media
CUST01665,Tanvi Chopra,Female,45.0,Nagpur,Maharashtra,2025-07-31,Organic Search
CUST01666,Krishna Rao,Male,24.0,Mumbai,Maharashtra,2025-06-10,Organic Search
CUST01667,Radhika Kumar,Female,39.0,Ahmedabad,Gujarat,2025-06-08,Organic Search
CUST01668,Simran Verma,Female,32.0,Mumbai,Maharashtra,2023-11-05,Direct
CUST01669,Swati Nair,Female,19.0,Pune,Maharashtra,2023-03-19,Paid Search
CUST01670,Ananya Verma,Female,27.0,Nagpur,Maharashtra,2025-06-23,Organic Search
CUST01671,Kavya Saxena,Female,48.0,Mumbai,Maharashtra,2024-02-02,Paid Search
CUST01672,Tanvi Shah,Female,31.0,Gurugram,Haryana,2024-12-01,Organic Search
CUST01673,Karthik Singh,Male,42.0,Ahmedabad,Gujarat,2025-03-30,Email
CUST01674,Sanjay Yadav,Male,42.0,Bengaluru,Karnataka,2023-07-05,Organic Search
CUST01675,Kiran Bansal,Female,29.0,Delhi,Delhi,2025-04-16,Direct
CUST01676,Tanvi Saxena,Female,20.0,Delhi,Delhi,2025-08-16,Social Media
CUST01677,Karthik Mehta,Male,21.0,Ludhiana,Punjab,2025-03-04,Social Media
CUST01678,Gaurav Verma,Male,48.0,Kolkata,West Bengal,2024-06-20,Organic Search
CUST01679,Meera Chopra,Female,35.0,Patna,Bihar,2025-06-30,Organic Search
CUST01680,Reyansh Yadav,Male,18.0,Bengaluru,Karnataka,2024-09-10,Organic Search
CUST01681,Yash Nair,Male,41.0,Hyderabad,Telangana,2025-03-18,Referral
CUST01682,Karthik Tiwari,Male,18.0,Chennai,Tamil Nadu,2025-05-17,Direct
CUST01683,Kunal Bansal,Male,25.0,Chennai,Tamil Nadu,2025-03-21,Organic Search
CUST01684,Sneha Menon,Female,34.0,Mumbai,Maharashtra,2024-01-13,Direct
CUST01685,Suresh Chopra,Male,58.0,Mumbai,Maharashtra,2023-06-21,Social Media
CUST01686,Ishaan Sharma,Male,41.0,Guwahati,Assam,2023-11-18,Email
CUST01687,Vivaan Nair,Male,28.0,Lucknow,Uttar Pradesh,2024-08-18,Direct
CUST01688,Manish Patel,Male,33.0,Mumbai,Maharashtra,2024-08-21,Direct
CUST01689,Aarav Rao,Male,42.0,Visakhapatnam,Andhra Pradesh,2024-10-30,Social Media
CUST01690,Naveen Shah,Male,47.0,Ahmedabad,Gujarat,2024-05-05,Paid Search
CUST01691,Rajesh Chopra,Male,31.0,Patna,Bihar,2025-04-21,Social Media
CUST01692,Rekha Yadav,Female,31.0,Noida,Uttar Pradesh,2025-07-28,Organic Search
CUST01693,Rohan Patel,Male,25.0,Mumbai,Maharashtra,2023-11-27,Paid Search
CUST01694,Arjun Menon,Male,40.0,Noida,Uttar Pradesh,2025-03-11,Referral
CUST01695,Sanjay Joshi,Male,43.0,Delhi,Delhi,2025-01-21,Organic Search
CUST01696,Naveen Kumar,Male,18.0,Hyderabad,Telangana,2024-09-06,Paid Search
CUST01697,Deepak Nair,Male,29.0,Surat,Gujarat,2023-09-19,Organic Search
CUST01698,Suresh Patel,Male,21.0,Indore,Madhya Pradesh,2025-04-27,Social Media
CUST01699,Aarav Das,Male,35.0,Delhi,Delhi,2025-09-02,Organic Search
CUST01700,Karthik Mishra,Male,21.0,Delhi,Delhi,2025-02-27,Direct
CUST01701,Simran Chatterjee,Female,20.0,Bengaluru,Karnataka,2025-08-01,Email
CUST01702,Rahul Malhotra,Male,44.0,Hyderabad,Telangana,2025-09-19,Organic Search
CUST01703,Manish Chopra,Male,31.0,Hyderabad,Telangana,2024-03-22,Organic Search
CUST01704,Simran Saxena,Female,32.0,Delhi,Delhi,2024-12-18,Organic Search
CUST01705,Karthik Desai,Male,37.0,Noida,Uttar Pradesh,2024-07-22,
CUST01706,Shreya Patel,Female,43.0,Patna,Bihar,2025-09-21,Paid Search
CUST01707,Krishna Sharma,Male,29.0,Kochi,Kerala,2023-05-20,Organic Search
CUST01708,Rohan Kumar,Male,29.0,Mumbai,Maharashtra,2024-05-23,Paid Search
CUST01709,Kavya Singh,Female,29.0,Mumbai,Maharashtra,2025-06-29,Organic Search
CUST01710,Aarav Mukherjee,Male,44.0,Pune,Maharashtra,2024-01-09,Organic Search
CUST01711,Pranav Chatterjee,Male,32.0,Surat,Gujarat,2025-04-21,Direct
CUST01712,Kiran Desai,Female,30.0,Lucknow,Uttar Pradesh,2024-04-23,Referral
CUST01713,Anita Gupta,Female,37.0,Mumbai,Maharashtra,2025-09-16,Organic Search
CUST01714,Manish Yadav,Male,51.0,Ludhiana,Punjab,2025-07-05,Social Media
CUST01715,Riya Singh,Female,34.0,Kolkata,West Bengal,2024-01-28,Organic Search
CUST01716,Rajesh Malhotra,Male,30.0,Ahmedabad,Gujarat,2025-04-07,Email
CUST01717,Simran Malhotra,Female,52.0,Kolkata,West Bengal,2024-03-06,Referral
CUST01718,Rohan Joshi,Male,46.0,Mumbai,Maharashtra,2024-11-20,Social Media
CUST01719,Komal Patel,Female,45.0,Bengaluru,Karnataka,2025-01-05,Social Media
CUST01720,Suresh Desai,Male,28.0,Guwahati,Assam,2025-05-25,Referral
CUST01721,Neha Mishra,Female,27.0,Pune,Maharashtra,2023-02-08,Organic Search
CUST01722,Arjun Yadav,Male,18.0,Mumbai,Maharashtra,2023-10-28,Social Media
CUST01723,Anita Singh,Female,43.0,Bengaluru,Karnataka,2025-02-19,Organic Search
CUST01724,Meera Rao,Female,34.0,Delhi,Delhi,2024-10-13,Organic Search
CUST01725,Divya Bansal,Female,18.0,Gurugram,Haryana,2024-08-11,Social Media
CUST01726,Nisha Patel,Female,45.0,Vadodara,Gujarat,2023-03-26,Organic Search
CUST01727,Varun Chopra,Male,30.0,Pune,Maharashtra,2024-03-18,Organic Search
CUST01728,Ishita Mishra,Female,31.0,Noida,Uttar Pradesh,2025-06-21,Organic Search
CUST01729,Aarav Reddy,Male,18.0,Ahmedabad,Gujarat,2023-02-18,
CUST01730,Neha Gupta,Female,38.0,Nashik,Maharashtra,2024-05-07,Organic Search
CUST01731,Nisha Chatterjee,Female,38.0,Chennai,Tamil Nadu,2025-08-21,Paid Search
CUST01732,Kunal Rao,Male,33.0,Ludhiana,Punjab,2023-03-20,Organic Search
CUST01733,Yash Mukherjee,Male,29.0,Coimbatore,Tamil Nadu,2025-03-22,
CUST01734,Ananya Rao,Female,59.0,Chennai,Tamil Nadu,2023-12-10,Organic Search
CUST01735,Sneha Mukherjee,Female,21.0,Delhi,Delhi,2025-06-22,Social Media
CUST01736,Simran Kumar,Female,26.0,Delhi,Delhi,2025-03-19,Paid Search
CUST01737,Kunal Patel,,40.0,Bengaluru,Karnataka,2025-07-07,Social Media
CUST01738,Tarun Iyer,Male,23.0,Bengaluru,Karnataka,2023-10-22,Direct
CUST01739,Radhika Gupta,Female,22.0,Ahmedabad,Gujarat,2024-09-14,Organic Search
CUST01740,Riya Saxena,Female,44.0,Kolkata,West Bengal,2025-04-15,Organic Search
CUST01741,Kavya Rao,Female,39.0,Mumbai,Maharashtra,2023-11-26,Paid Search
CUST01742,Sunita Patel,Female,38.0,Chandigarh,Chandigarh,2023-11-09,Paid Search
CUST01743,Sneha Chopra,Female,35.0,Mumbai,Maharashtra,2023-02-12,Direct
CUST01744,Shreya Menon,Female,26.0,Delhi,Delhi,2025-08-31,Organic Search
CUST01745,Swati Tiwari,Female,30.0,Mumbai,Maharashtra,2025-02-17,Referral
CUST01746,Komal Verma,Female,32.0,Kochi,Kerala,2024-12-16,Organic Search
CUST01747,Rekha Banerjee,Female,41.0,Chennai,Tamil Nadu,2025-03-17,Organic Search
CUST01748,Siddharth Mehta,Male,37.0,Delhi,Delhi,2024-09-14,Email
CUST01749,Rohan Chopra,Male,24.0,Delhi,Delhi,2024-07-24,Email
CUST01750,Tanvi Das,Female,41.0,Ahmedabad,Gujarat,2024-06-28,Organic Search
CUST01751,Riya Mehta,Female,18.0,Kochi,Kerala,2024-12-20,Direct
CUST01752,Kavya Mukherjee,Female,30.0,Pune,Maharashtra,2023-10-05,Organic Search
CUST01753,Simran Bansal,Female,22.0,Hyderabad,Telangana,2025-07-09,Direct
CUST01754,Rajesh Saxena,Male,24.0,Ahmedabad,Gujarat,2025-05-11,Organic Search
CUST01755,Naveen Shah,Male,52.0,Delhi,Delhi,2024-03-19,Organic Search
CUST01756,Aditi Verma,Female,18.0,Kolkata,West Bengal,2024-10-27,Referral
CUST01757,Payal Das,Female,25.0,Chennai,Tamil Nadu,2023-07-22,Organic Search
CUST01758,Aarav Rao,Male,38.0,Indore,Madhya Pradesh,2025-09-10,Paid Search
CUST01759,Naveen Agarwal,Male,28.0,Delhi,Delhi,2025-07-20,Referral
CUST01760,Vikram Bansal,Male,35.0,Delhi,Delhi,2025-08-04,Organic Search
CUST01761,Reyansh Patel,Male,47.0,Jaipur,Rajasthan,2024-03-01,Email
CUST01762,Deepak Chatterjee,Male,40.0,Thane,Maharashtra,2023-08-26,Paid Search
CUST01763,Krishna Sharma,Male,28.0,Kolkata,West Bengal,2023-10-18,Organic Search
CUST01764,Manish Chopra,Male,32.0,Patna,Bihar,2023-05-14,Organic Search
CUST01765,Anjali Das,Female,38.0,Ludhiana,Punjab,2023-06-24,Organic Search
CUST01766,Kavya Saxena,Female,39.0,Chandigarh,Chandigarh,2023-04-18,Paid Search
CUST01767,Preeti Nair,Female,33.0,Ahmedabad,Gujarat,2025-09-23,Paid Search
CUST01768,Gaurav Kapoor,Male,37.0,Coimbatore,Tamil Nadu,2023-04-22,Social Media
CUST01769,Arjun Joshi,Male,37.0,Indore,Madhya Pradesh,2023-07-11,Paid Search
CUST01770,Ishaan Das,Male,32.0,Surat,Gujarat,2025-05-23,Paid Search
CUST01771,Shreya Menon,Female,27.0,Pune,Maharashtra,2024-10-28,Referral
CUST01772,Rajesh Iyer,Male,40.0,Mumbai,Maharashtra,2025-04-11,Paid Search
CUST01773,Ritu Shah,Female,36.0,Pune,Maharashtra,2024-12-12,Direct
CUST01774,Diya Malhotra,Female,18.0,Visakhapatnam,Andhra Pradesh,2025-07-04,Social Media
CUST01775,Anita Chopra,Female,25.0,Kochi,Kerala,2024-12-18,Direct
CUST01776,Rahul Malhotra,Male,28.0,Chennai,Tamil Nadu,2024-09-05,Direct
CUST01777,Vivaan Saxena,Male,31.0,Kochi,Kerala,2025-02-19,Paid Search
CUST01778,Juhi Rao,Female,45.0,Delhi,Delhi,2024-06-26,Social Media
CUST01779,Karthik Kumar,Male,65.0,Noida,Uttar Pradesh,2024-03-16,Organic Search
CUST01780,Tanvi Verma,Female,18.0,Jaipur,Rajasthan,2024-07-16,Paid Search
CUST01781,Kunal Singh,Male,36.0,Lucknow,Uttar Pradesh,2023-08-27,Paid Search
CUST01782,Tanvi Mehta,Female,34.0,Pune,Maharashtra,2025-04-28,Paid Search
CUST01783,Meera Verma,Female,31.0,Kochi,Kerala,2023-12-13,Organic Search
CUST01784,Rohan Tiwari,Male,38.0,Mumbai,Maharashtra,2023-08-07,Referral
CUST01785,Anita Rao,Female,34.0,Chennai,Tamil Nadu,2023-11-27,Organic Search
CUST01786,Juhi Mishra,Female,29.0,Nashik,Maharashtra,2025-06-03,Email
CUST01787,Divya Iyer,Female,33.0,Delhi,Delhi,2024-02-28,Direct
CUST01788,Yash Das,Male,39.0,Pune,Maharashtra,2025-01-28,Organic Search
CUST01789,Rohan Joshi,Male,38.0,Pune,Maharashtra,2025-06-15,Paid Search
CUST01790,Sneha Iyer,Female,35.0,Vadodara,Gujarat,2023-04-27,Social Media
CUST01791,Rajesh Nair,Male,27.0,Chandigarh,Chandigarh,2025-04-03,Direct
CUST01792,Kiran Kapoor,Female,61.0,Bengaluru,Karnataka,2024-02-04,Referral
CUST01793,Pranav Mishra,Male,37.0,Nagpur,Maharashtra,2023-10-23,Paid Search
CUST01794,Juhi Agarwal,Female,41.0,Pune,Maharashtra,2025-01-30,Direct
CUST01795,Manish Chatterjee,Male,28.0,Lucknow,Uttar Pradesh,2025-07-25,Organic Search
CUST01796,Ishita Bansal,Female,35.0,Delhi,Delhi,2024-01-21,Organic Search
CUST01797,Abhishek Desai,Male,35.0,Bengaluru,Karnataka,2024-10-18,Paid Search
CUST01798,Pranav Mukherjee,Male,18.0,Pune,Maharashtra,2024-01-15,Email
CUST01799,Vihaan Pandey,Male,26.0,Mumbai,Maharashtra,2024-10-05,Organic Search
CUST01800,Divya Mukherjee,Female,26.0,Indore,Madhya Pradesh,2024-12-04,Email
CUST01801,Deepak Chatterjee,Male,27.0,Delhi,Delhi,2024-11-24,
CUST01802,Meera Malhotra,Female,22.0,Gurugram,Haryana,2024-12-05,Organic Search
CUST01803,Karthik Chatterjee,Male,33.0,Agra,Uttar Pradesh,2023-07-14,Direct
CUST01804,Aadhya Reddy,Female,47.0,Surat,Gujarat,2025-02-03,Social Media
CUST01805,Simran Mukherjee,Female,34.0,Coimbatore,Tamil Nadu,2025-01-18,Paid Search
CUST01806,Aman Tiwari,Male,21.0,Kochi,Kerala,2025-01-25,Social Media
CUST01807,Krishna Mukherjee,Male,23.0,Visakhapatnam,Andhra Pradesh,2023-04-22,Paid Search
CUST01808,Aditya Saxena,Male,29.0,Surat,Gujarat,2024-06-26,Organic Search
CUST01809,Komal Yadav,Female,19.0,Chennai,Tamil Nadu,2024-05-19,Paid Search
CUST01810,Neha Banerjee,Female,36.0,Vadodara,Gujarat,2023-05-10,Direct
CUST01811,Manish Nair,Male,47.0,Indore,Madhya Pradesh,2023-10-30,Organic Search
CUST01812,Ananya Kapoor,Female,27.0,Kolkata,West Bengal,2024-06-20,Organic Search
CUST01813,Ananya Tiwari,Female,34.0,Kolkata,West Bengal,2025-03-16,Email
CUST01814,Aadhya Menon,Female,29.0,Bengaluru,Karnataka,2023-11-16,Paid Search
CUST01815,Karthik Shah,Male,27.0,Patna,Bihar,2025-05-25,Organic Search
CUST01816,Tanvi Singh,Female,35.0,Rajkot,Gujarat,2024-09-27,Paid Search
CUST01817,Kunal Mukherjee,Male,26.0,Mumbai,Maharashtra,2025-03-30,Direct
CUST01818,Swati Chatterjee,Female,25.0,Delhi,Delhi,2024-07-21,Organic Search
CUST01819,Aarav Mukherjee,Male,18.0,Kochi,Kerala,2024-08-15,Organic Search
CUST01820,Ananya Banerjee,Female,34.0,Delhi,Delhi,2024-12-02,Paid Search
CUST01821,Anita Joshi,Female,44.0,Thane,Maharashtra,2025-08-08,Paid Search
CUST01822,Simran Rao,Female,40.0,Kolkata,West Bengal,2024-08-08,Organic Search
CUST01823,Tarun Banerjee,Male,48.0,Kolkata,West Bengal,2024-09-11,Social Media
CUST01824,Swati Menon,Female,26.0,Delhi,Delhi,2024-11-16,Social Media
CUST01825,Aman Mukherjee,Male,42.0,Delhi,Delhi,2025-03-12,Social Media
CUST01826,Komal Chatterjee,Female,22.0,Jaipur,Rajasthan,2023-04-19,Paid Search
CUST01827,Aditya Kapoor,Male,40.0,Ahmedabad,Gujarat,2024-08-30,Organic Search
CUST01828,Sneha Chopra,Female,49.0,Patna,Bihar,2024-07-29,Organic Search
CUST01829,Kunal Menon,Male,38.0,Noida,Uttar Pradesh,2025-08-03,Referral
CUST01830,Pranav Chopra,Male,50.0,Vadodara,Gujarat,2024-08-09,Social Media
CUST01831,Suresh Mishra,Male,27.0,Ahmedabad,Gujarat,2024-07-17,Paid Search
CUST01832,Naveen Bansal,Male,32.0,Kolkata,West Bengal,2025-09-03,Social Media
CUST01833,Tarun Bansal,Male,24.0,Delhi,Delhi,2024-06-29,Paid Search
CUST01834,Komal Chopra,Female,33.0,Nagpur,Maharashtra,2023-09-10,Referral
CUST01835,Meera Iyer,Female,36.0,Chennai,Tamil Nadu,2023-10-24,Social Media
CUST01836,Preeti Tiwari,Female,33.0,Agra,Uttar Pradesh,2023-05-22,Organic Search
CUST01837,Anita Patel,Female,28.0,Lucknow,Uttar Pradesh,2023-01-01,
CUST01838,Kunal Reddy,Male,28.0,Delhi,Delhi,2024-06-11,Organic Search
CUST01839,Varun Shah,Male,36.0,Chennai,Tamil Nadu,2025-04-07,Organic Search
CUST01840,Yash Banerjee,Male,31.0,Kanpur,Uttar Pradesh,2025-03-08,Paid Search
CUST01841,Rahul Agarwal,Male,21.0,Agra,Uttar Pradesh,2023-02-20,Organic Search
CUST01842,Simran Mehta,,18.0,Hyderabad,Telangana,2024-10-19,Social Media
CUST01843,Ishita Tiwari,Female,27.0,Lucknow,Uttar Pradesh,2023-08-08,Paid Search
CUST01844,Tanvi Kapoor,Female,19.0,Delhi,Delhi,2025-08-18,Organic Search
CUST01845,Saanvi Tiwari,Female,25.0,Chandigarh,Chandigarh,2023-08-24,Organic Search
CUST01846,Manish Desai,Male,29.0,Jaipur,Rajasthan,2024-12-08,Organic Search
CUST01847,Swati Joshi,Female,32.0,Visakhapatnam,Andhra Pradesh,2024-02-24,Paid Search
CUST01848,Krishna Tiwari,Male,26.0,Ahmedabad,Gujarat,2024-12-21,Social Media
CUST01849,Kiran Tiwari,Female,55.0,Gurugram,Haryana,2024-05-23,Paid Search
CUST01850,Arjun Malhotra,Male,20.0,Indore,Madhya Pradesh,2025-03-30,Organic Search
CUST01851,Reyansh Singh,Male,45.0,Delhi,Delhi,2023-11-09,Direct
CUST01852,Naveen Singh,Male,31.0,Pune,Maharashtra,2025-07-22,Paid Search
CUST01853,Vivaan Verma,Male,26.0,Bengaluru,Karnataka,2024-08-16,Paid Search
CUST01854,Aman Kumar,Male,39.0,Ghaziabad,Uttar Pradesh,2025-03-27,Paid Search
CUST01855,Aditya Das,Male,28.0,Patna,Bihar,2025-06-09,Organic Search
CUST01856,Riya Chatterjee,Female,25.0,Kolkata,West Bengal,2025-09-30,Social Media
CUST01857,Saanvi Malhotra,Female,51.0,Hyderabad,Telangana,2023-11-01,Social Media
CUST01858,Siddharth Pandey,Male,18.0,Agra,Uttar Pradesh,2024-01-12,Organic Search
CUST01859,Kunal Iyer,Male,31.0,Ludhiana,Punjab,2023-12-02,Organic Search
CUST01860,Pooja Pandey,Female,35.0,Kolkata,West Bengal,2023-12-16,Social Media
CUST01861,Aman Pandey,Male,47.0,Indore,Madhya Pradesh,2024-10-30,Paid Search
CUST01862,Ishita Malhotra,Female,29.0,Bengaluru,Karnataka,2025-09-26,Direct
CUST01863,Manish Chauhan,Male,60.0,Hyderabad,Telangana,2025-09-23,Paid Search
CUST01864,Aditya Mishra,Male,41.0,Gurugram,Haryana,2024-09-10,Direct
CUST01865,Tarun Chatterjee,Male,18.0,Thane,Maharashtra,2024-12-19,Organic Search
CUST01866,Rajesh Mukherjee,Male,18.0,Mumbai,Maharashtra,2025-06-17,
CUST01867,Rekha Mukherjee,Female,35.0,Chennai,Tamil Nadu,2025-08-12,Organic Search
CUST01868,Nisha Chatterjee,Female,22.0,Ahmedabad,Gujarat,2023-10-08,Direct
CUST01869,Tarun Tiwari,Male,38.0,Bengaluru,Karnataka,2024-09-11,Social Media
CUST01870,Ritu Gupta,Female,28.0,Guwahati,Assam,2025-05-27,Social Media
CUST01871,Krishna Nair,Male,21.0,Delhi,Delhi,2024-01-30,Organic Search
CUST01872,Vihaan Mishra,Male,23.0,Hyderabad,Telangana,2024-06-19,Paid Search
CUST01873,Neha Bansal,Female,42.0,Ludhiana,Punjab,2025-09-20,Social Media
CUST01874,Aditi Reddy,Female,18.0,Delhi,Delhi,2025-09-20,Organic Search
CUST01875,Simran Kapoor,Female,43.0,Ahmedabad,Gujarat,2025-07-23,Social Media
CUST01876,Rajesh Sharma,Male,44.0,Surat,Gujarat,2025-04-30,Paid Search
CUST01877,Vikram Mukherjee,Male,30.0,Hyderabad,Telangana,2023-12-23,Social Media
CUST01878,Aarav Mishra,Male,19.0,Chennai,Tamil Nadu,2024-02-18,Paid Search
CUST01879,Payal Desai,Female,39.0,Pune,Maharashtra,2024-09-28,Social Media
CUST01880,Aman Mishra,Male,28.0,Noida,Uttar Pradesh,2024-10-11,Organic Search
CUST01881,Divya Gupta,Female,18.0,Nashik,Maharashtra,2024-08-21,Paid Search
CUST01882,Tarun Das,Male,52.0,Delhi,Delhi,2024-12-17,Direct
CUST01883,Nikhil Malhotra,Male,24.0,Pune,Maharashtra,2024-05-19,Organic Search
CUST01884,Arjun Sharma,Male,18.0,Lucknow,Uttar Pradesh,2025-03-21,Referral
CUST01885,Manish Chauhan,Male,36.0,Hyderabad,Telangana,2024-03-02,Direct
CUST01886,Tanvi Mehta,Female,32.0,Bengaluru,Karnataka,2024-02-28,Organic Search
CUST01887,Tanvi Chauhan,Female,48.0,Jaipur,Rajasthan,2023-07-04,Organic Search
CUST01888,Preeti Reddy,Female,29.0,Chennai,Tamil Nadu,2023-09-20,Email
CUST01889,Simran Saxena,Female,29.0,Chandigarh,Chandigarh,2025-06-10,Direct
CUST01890,Nikhil Pandey,Male,36.0,Delhi,Delhi,2024-06-25,Organic Search
CUST01891,Neha Chauhan,Female,35.0,Mumbai,Maharashtra,2023-11-06,Direct
CUST01892,Kavya Malhotra,Female,35.0,Coimbatore,Tamil Nadu,2025-03-30,Organic Search
CUST01893,Sneha Menon,Female,36.0,Coimbatore,Tamil Nadu,2024-10-04,Paid Search
CUST01894,Varun Chatterjee,Male,35.0,Chennai,Tamil Nadu,2023-02-03,Direct
CUST01895,Yash Joshi,Male,29.0,Bhopal,Madhya Pradesh,2024-02-13,Organic Search
CUST01896,Kiran Reddy,Female,41.0,Ludhiana,Punjab,2023-09-05,Email
CUST01897,Rajesh Mehta,Male,29.0,Bengaluru,Karnataka,2025-01-02,Organic Search
CUST01898,Varun Banerjee,Male,,Lucknow,Uttar Pradesh,2023-12-30,Paid Search
CUST01899,Sanjay Mukherjee,Male,47.0,Thane,Maharashtra,2023-04-09,Direct
CUST01900,Diya Bansal,Female,26.0,Ahmedabad,Gujarat,2023-03-26,Organic Search
CUST01901,Tarun Agarwal,Male,57.0,Gurugram,Haryana,2024-10-29,Social Media
CUST01902,Kavya Desai,Female,26.0,Noida,Uttar Pradesh,2023-02-04,Direct
CUST01903,Aadhya Kapoor,Female,26.0,Kolkata,West Bengal,2025-06-09,Email
CUST01904,Manish Pandey,Male,38.0,Mumbai,Maharashtra,2023-08-09,Direct
CUST01905,Nikhil Verma,Male,37.0,Chandigarh,Chandigarh,2024-11-20,Direct
CUST01906,Juhi Joshi,Female,34.0,Pune,Maharashtra,2024-06-24,Organic Search
CUST01907,Naveen Verma,Male,41.0,Delhi,Delhi,2024-06-22,Social Media
CUST01908,Ishaan Singh,Male,36.0,Thane,Maharashtra,2023-04-19,Paid Search
CUST01909,Rohan Banerjee,Male,54.0,Nagpur,Maharashtra,2025-05-03,Social Media
CUST01910,Rajesh Iyer,Male,32.0,Delhi,Delhi,2025-07-13,Email
CUST01911,Shreya Agarwal,Female,24.0,Bengaluru,Karnataka,2023-01-18,Organic Search
CUST01912,Siddharth Yadav,Male,27.0,Nashik,Maharashtra,2023-09-07,Email
CUST01913,Saanvi Bansal,Female,38.0,Noida,Uttar Pradesh,2025-07-21,Paid Search
CUST01914,Kunal Joshi,Male,38.0,Ahmedabad,Gujarat,2024-09-30,Social Media
CUST01915,Neha Sharma,Female,,Delhi,Delhi,2023-08-02,Paid Search
CUST01916,Tanvi Sharma,Female,25.0,Hyderabad,Telangana,2023-10-07,Paid Search
CUST01917,Aditya Patel,Male,44.0,Kolkata,West Bengal,2025-01-06,Social Media
CUST01918,Kavya Reddy,Female,52.0,Hyderabad,Telangana,2025-03-01,Social Media
CUST01919,Krishna Chatterjee,Male,33.0,Surat,Gujarat,2024-11-14,Referral
CUST01920,Juhi Iyer,Female,51.0,Mumbai,Maharashtra,2025-08-27,Email
CUST01921,Aadhya Kumar,Female,42.0,Vadodara,Gujarat,2024-08-10,Referral
CUST01922,Yash Gupta,Male,55.0,Ludhiana,Punjab,2024-01-27,Email
CUST01923,Abhishek Sharma,Male,38.0,Patna,Bihar,2024-07-25,Direct
CUST01924,Diya Gupta,Female,34.0,Hyderabad,Telangana,2024-03-30,Organic Search
CUST01925,Aditi Sharma,Female,41.0,Surat,Gujarat,2023-11-02,Social Media
CUST01926,Naveen Sharma,Male,29.0,Ahmedabad,Gujarat,2023-03-12,Organic Search
CUST01927,Ankit Chatterjee,Male,37.0,Ahmedabad,Gujarat,2024-03-22,Paid Search
CUST01928,Ishaan Malhotra,Male,46.0,Indore,Madhya Pradesh,2025-02-18,Referral
CUST01929,Simran Menon,Female,41.0,Ludhiana,Punjab,2023-01-30,Social Media
CUST01930,Saanvi Mehta,Female,33.0,Ghaziabad,Uttar Pradesh,2024-06-18,Social Media
CUST01931,Ananya Desai,Female,35.0,Bengaluru,Karnataka,2024-12-23,Social Media
CUST01932,Sneha Desai,Female,41.0,Lucknow,Uttar Pradesh,2024-11-24,Organic Search
CUST01933,Sunita Chopra,Female,40.0,Bengaluru,Karnataka,2025-04-13,Direct
CUST01934,Manish Reddy,Male,41.0,Surat,Gujarat,2025-05-10,Organic Search
CUST01935,Rekha Tiwari,Female,36.0,Ahmedabad,Gujarat,2025-02-18,Organic Search
CUST01936,Suresh Patel,Male,25.0,Patna,Bihar,2023-06-01,Organic Search
CUST01937,Priya Tiwari,Female,26.0,Gurugram,Haryana,2024-07-23,Direct
CUST01938,Ankit Desai,Male,38.0,Bengaluru,Karnataka,2024-11-18,Paid Search
CUST01939,Simran Reddy,,41.0,Nashik,Maharashtra,2023-11-26,Paid Search
CUST01940,Aditi Patel,Female,40.0,Thane,Maharashtra,2023-03-07,Paid Search
CUST01941,Radhika Shah,Female,26.0,Pune,Maharashtra,2023-11-01,Organic Search
CUST01942,Karthik Kapoor,Male,31.0,Pune,Maharashtra,2024-07-04,Organic Search
CUST01943,Shreya Tiwari,Female,21.0,Hyderabad,Telangana,2024-05-24,Organic Search
CUST01944,Yash Pandey,Male,19.0,Delhi,Delhi,2023-09-05,Paid Search
CUST01945,Nikhil Saxena,Male,34.0,Mumbai,Maharashtra,2025-05-21,Organic Search
CUST01946,Simran Rao,Female,47.0,Indore,Madhya Pradesh,2025-08-06,Paid Search
CUST01947,Anita Iyer,Female,34.0,Bengaluru,Karnataka,2023-10-05,Paid Search
CUST01948,Rohan Agarwal,Male,52.0,Kolkata,West Bengal,2025-08-09,Paid Search
CUST01949,Divya Mehta,Female,31.0,Coimbatore,Tamil Nadu,2023-01-29,Direct
CUST01950,Yash Nair,Male,33.0,Kanpur,Uttar Pradesh,2025-08-06,Organic Search
CUST01951,Payal Reddy,Female,23.0,Delhi,Delhi,2025-08-26,Paid Search
CUST01952,Anjali Menon,Female,30.0,Thane,Maharashtra,2023-01-20,Organic Search
CUST01953,Shreya Bansal,Female,21.0,Bengaluru,Karnataka,2025-04-02,Direct
CUST01954,Sneha Sharma,Female,18.0,Visakhapatnam,Andhra Pradesh,2025-09-09,Direct
CUST01955,Aadhya Sharma,Female,21.0,Mumbai,Maharashtra,2025-07-22,Organic Search
CUST01956,Aditi Sharma,Female,34.0,Delhi,Delhi,2025-09-09,Organic Search
CUST01957,Pranav Kapoor,Male,26.0,Gurugram,Haryana,2024-10-01,Organic Search
CUST01958,Aarav Nair,Male,28.0,Bengaluru,Karnataka,2023-04-28,Organic Search
CUST01959,Ritu Banerjee,Female,37.0,Delhi,Delhi,2025-06-09,Organic Search
CUST01960,Kunal Chatterjee,Male,18.0,Bengaluru,Karnataka,2024-11-27,Organic Search
CUST01961,Sneha Shah,Female,34.0,Ahmedabad,Gujarat,2024-11-28,Organic Search
CUST01962,Rajesh Bansal,Male,41.0,Ludhiana,Punjab,2024-05-28,Organic Search
CUST01963,Swati Patel,Female,42.0,Delhi,Delhi,2024-10-21,Paid Search
CUST01964,Aman Malhotra,Male,38.0,Mumbai,Maharashtra,2023-08-07,Organic Search
CUST01965,Riya Agarwal,Female,32.0,Nashik,Maharashtra,2025-03-14,Paid Search
CUST01966,Aditi Mehta,Female,27.0,Hyderabad,Telangana,2023-04-23,Direct
CUST01967,Rahul Chopra,Male,32.0,Mumbai,Maharashtra,2025-03-05,Paid Search
CUST01968,Payal Shah,Female,50.0,Mumbai,Maharashtra,2025-06-09,Organic Search
CUST01969,Gaurav Mukherjee,Male,36.0,Coimbatore,Tamil Nadu,2024-07-20,Direct
CUST01970,Preeti Chopra,Female,32.0,Pune,Maharashtra,2024-08-25,Organic Search
CUST01971,Aadhya Kumar,Female,39.0,Surat,Gujarat,2024-02-09,Organic Search
CUST01972,Pranav Malhotra,Male,33.0,Surat,Gujarat,2025-09-08,Social Media
CUST01973,Yash Singh,Male,35.0,Pune,Maharashtra,2025-03-08,Organic Search
CUST01974,Sanjay Gupta,Male,31.0,Visakhapatnam,Andhra Pradesh,2024-04-09,Paid Search
CUST01975,Gaurav Nair,Male,29.0,Chandigarh,Chandigarh,2023-09-03,Email
CUST01976,Pooja Shah,Female,43.0,Lucknow,Uttar Pradesh,2023-10-27,Social Media
CUST01977,Vihaan Kumar,Male,18.0,Ludhiana,Punjab,2024-07-12,Referral
CUST01978,Sunita Mehta,Female,38.0,Mumbai,Maharashtra,2025-08-19,Paid Search
CUST01979,Pooja Agarwal,Female,28.0,Kolkata,West Bengal,2025-03-09,Organic Search
CUST01980,Divya Chauhan,Female,18.0,Jaipur,Rajasthan,2023-10-22,Paid Search
CUST01981,Rekha Tiwari,Female,23.0,Delhi,Delhi,2025-06-17,Paid Search
CUST01982,Ankit Tiwari,Male,33.0,Delhi,Delhi,2024-04-18,Social Media
CUST01983,Simran Desai,Female,34.0,Delhi,Delhi,2025-06-11,Social Media
CUST01984,Anjali Malhotra,Female,40.0,Bengaluru,Karnataka,2023-11-22,Organic Search
CUST01985,Divya Rao,Female,41.0,Ghaziabad,Uttar Pradesh,2024-12-01,Direct
CUST01986,Aarav Pandey,Male,18.0,Mumbai,Maharashtra,2025-08-07,Organic Search
CUST01987,Rohan Nair,Male,37.0,Jaipur,Rajasthan,2023-12-10,Direct
CUST01988,Ritu Agarwal,Female,40.0,Mumbai,Maharashtra,2025-02-03,Organic Search
CUST01989,Swati Bansal,Female,35.0,Jaipur,Rajasthan,2025-09-21,Social Media
CUST01990,Tarun Saxena,Male,38.0,Bengaluru,Karnataka,2023-08-03,Social Media
CUST01991,Shreya Sharma,Female,18.0,Delhi,Delhi,2023-05-12,Social Media
CUST01992,Vihaan Mehta,Male,23.0,Chennai,Tamil Nadu,2025-01-18,Email
CUST01993,Sunita Banerjee,Female,47.0,Bengaluru,Karnataka,2024-03-09,Social Media
CUST01994,Deepak Bansal,Male,30.0,Ahmedabad,Gujarat,2023-04-18,Social Media
CUST01995,Ankit Chopra,Male,55.0,Surat,Gujarat,2024-07-23,Referral
CUST01996,Yash Gupta,Male,20.0,Gurugram,Haryana,2025-03-25,Organic Search
CUST01997,Rahul Chauhan,Male,49.0,Surat,Gujarat,2024-01-10,Paid Search
CUST01998,Vihaan Menon,Male,27.0,Kolkata,West Bengal,2024-03-04,Social Media
CUST01999,Harsh Chauhan,Male,42.0,Pune,Maharashtra,2025-06-06,Organic Search
CUST02000,Kunal Pandey,Male,30.0,Kolkata,West Bengal,2024-09-03,Organic Search
CUST02001,Diya Mishra,Female,34.0,Pune,Maharashtra,2025-06-04,Organic Search
CUST02002,Shreya Bansal,Female,39.0,Pune,Maharashtra,2024-06-25,Organic Search
CUST02003,Neha Agarwal,Female,27.0,Kolkata,West Bengal,2025-08-27,Social Media
CUST02004,Arjun Mukherjee,Male,41.0,Patna,Bihar,2024-12-29,Social Media
CUST02005,Vivaan Das,Male,30.0,Ahmedabad,Gujarat,2023-06-19,Organic Search
CUST02006,Tanvi Mukherjee,Female,35.0,Delhi,Delhi,2025-07-07,Paid Search
CUST02007,Diya Mukherjee,Female,18.0,Lucknow,Uttar Pradesh,2024-08-05,Organic Search
CUST02008,Riya Shah,Female,30.0,Patna,Bihar,2023-07-22,Direct
CUST02009,Anita Rao,Female,46.0,Visakhapatnam,Andhra Pradesh,2023-08-06,Social Media
CUST02010,Anjali Patel,Female,40.0,Bengaluru,Karnataka,2025-01-29,Organic Search
CUST02011,Nisha Chopra,Female,42.0,Lucknow,Uttar Pradesh,2023-03-14,Organic Search
CUST02012,Naveen Menon,Male,34.0,Guwahati,Assam,2024-01-12,Referral
CUST02013,Ananya Mehta,Female,50.0,Delhi,Delhi,2023-07-20,Social Media
CUST02014,Tanvi Bansal,Female,36.0,Pune,Maharashtra,2024-06-20,Paid Search
CUST02015,Sunita Pandey,Female,26.0,Hyderabad,Telangana,2024-05-25,Social Media
CUST02016,Ishaan Sharma,Male,42.0,Patna,Bihar,2024-09-05,Paid Search
CUST02017,Rajesh Pandey,Male,42.0,Hyderabad,Telangana,2024-01-04,Direct
CUST02018,Vihaan Sharma,Male,39.0,Thane,Maharashtra,2023-02-20,Referral
CUST02019,Varun Chopra,Male,29.0,Delhi,Delhi,2024-11-27,Organic Search
CUST02020,Diya Pandey,Female,36.0,Mumbai,Maharashtra,2024-04-14,Social Media
CUST02021,Tanvi Mehta,Female,47.0,Mumbai,Maharashtra,2024-12-29,Referral
CUST02022,Yash Tiwari,Male,38.0,Bengaluru,Karnataka,2023-06-09,Organic Search
CUST02023,Meera Chopra,Female,18.0,Ludhiana,Punjab,2023-01-22,Referral
CUST02024,Gaurav Saxena,Male,27.0,Delhi,Delhi,2023-11-29,Paid Search
CUST02025,Ishita Patel,Female,26.0,Mumbai,Maharashtra,2024-07-05,Organic Search
CUST02026,Ishaan Singh,Male,25.0,Agra,Uttar Pradesh,2024-05-04,Direct
CUST02027,Ishita Kapoor,Female,18.0,Ahmedabad,Gujarat,2025-05-09,Social Media
CUST02028,Anita Mukherjee,Female,52.0,Jaipur,Rajasthan,2024-04-18,Organic Search
CUST02029,Payal Yadav,Female,24.0,Mumbai,Maharashtra,2024-09-13,Paid Search
CUST02030,Neha Menon,Female,25.0,Chandigarh,Chandigarh,2024-11-09,Social Media
CUST02031,Rajesh Sharma,Male,18.0,Kolkata,West Bengal,2023-02-04,Social Media
CUST02032,Kiran Banerjee,Female,42.0,Mumbai,Maharashtra,2024-08-30,Organic Search
CUST02033,Rohan Kapoor,Male,32.0,Surat,Gujarat,2024-03-14,Social Media
CUST02034,Karthik Rao,Male,29.0,Ahmedabad,Gujarat,2024-06-01,Referral
CUST02035,Simran Mukherjee,Female,30.0,Hyderabad,Telangana,2023-05-29,Referral
CUST02036,Kavya Desai,Female,39.0,Ahmedabad,Gujarat,2025-04-17,Organic Search
CUST02037,Pooja Chopra,Female,28.0,Kolkata,West Bengal,2025-08-19,Direct
CUST02038,Gaurav Mehta,Male,18.0,Surat,Gujarat,2023-02-05,Organic Search
CUST02039,Ishita Reddy,Female,20.0,Delhi,Delhi,2024-11-16,Email
CUST02040,Rajesh Malhotra,Male,20.0,Bhopal,Madhya Pradesh,2025-04-02,Organic Search
CUST02041,Preeti Nair,Female,36.0,Mumbai,Maharashtra,2024-01-10,Direct
CUST02042,Aditi Agarwal,Female,42.0,Nagpur,Maharashtra,2025-04-21,Referral
CUST02043,Pooja Reddy,Female,48.0,Delhi,Delhi,2024-12-13,Direct
CUST02044,Anita Agarwal,Female,18.0,Chennai,Tamil Nadu,2025-08-09,Organic Search
CUST02045,Shreya Kumar,Female,39.0,Pune,Maharashtra,2025-09-17,Email
CUST02046,Harsh Chatterjee,Male,27.0,Lucknow,Uttar Pradesh,2023-03-07,Organic Search
CUST02047,Ananya Patel,Female,62.0,Patna,Bihar,2024-06-24,Paid Search
CUST02048,Anita Mukherjee,Female,47.0,Kolkata,West Bengal,2024-09-28,Direct
CUST02049,Arjun Chopra,Male,50.0,Rajkot,Gujarat,2023-07-29,Social Media
CUST02050,Rajesh Mukherjee,Male,41.0,Noida,Uttar Pradesh,2024-03-05,Social Media
CUST02051,Aditya Kumar,Male,37.0,Kochi,Kerala,2025-09-21,Organic Search
CUST02052,Kavya Mishra,Female,29.0,Hyderabad,Telangana,2023-01-26,Paid Search
CUST02053,Riya Sharma,Female,27.0,Mumbai,Maharashtra,2024-07-01,Organic Search
CUST02054,Neha Chopra,Female,25.0,Indore,Madhya Pradesh,2025-06-04,Organic Search
CUST02055,Krishna Chopra,Male,39.0,Bengaluru,Karnataka,2024-02-21,Direct
CUST02056,Aarav Pandey,Male,49.0,Visakhapatnam,Andhra Pradesh,2024-07-27,Social Media
CUST02057,Vikram Chauhan,Male,29.0,Mumbai,Maharashtra,2025-09-14,Organic Search
CUST02058,Ankit Kumar,Male,26.0,Visakhapatnam,Andhra Pradesh,2024-07-23,Paid Search
CUST02059,Rajesh Tiwari,Male,18.0,Mumbai,Maharashtra,2023-07-09,Organic Search
CUST02060,Gaurav Kumar,Male,35.0,Rajkot,Gujarat,2023-03-21,Organic Search
CUST02061,Vikram Das,Male,45.0,Lucknow,Uttar Pradesh,2025-08-21,Referral
CUST02062,Harsh Kumar,Male,46.0,Delhi,Delhi,2023-12-19,Organic Search
CUST02063,Nisha Iyer,Female,47.0,Kolkata,West Bengal,2024-08-19,Organic Search
CUST02064,Ishaan Bansal,Male,37.0,Kolkata,West Bengal,2023-05-15,Organic Search
CUST02065,Vikram Tiwari,Male,34.0,Rajkot,Gujarat,2024-06-03,Social Media
CUST02066,Priya Rao,Female,46.0,Pune,Maharashtra,2025-08-10,Organic Search
CUST02067,Aditi Chatterjee,Female,22.0,Pune,Maharashtra,2024-08-18,Organic Search
CUST02068,Anjali Yadav,Female,29.0,Hyderabad,Telangana,2025-09-09,Direct
CUST02069,Saanvi Joshi,Female,50.0,Indore,Madhya Pradesh,2023-12-11,Social Media
CUST02070,Sneha Pandey,Female,22.0,Mumbai,Maharashtra,2024-08-20,Organic Search
CUST02071,Saanvi Rao,Female,33.0,Noida,Uttar Pradesh,2025-06-17,Referral
CUST02072,Kavya Patel,,39.0,Jaipur,Rajasthan,2024-06-27,Paid Search
CUST02073,Ishaan Das,Male,34.0,Ludhiana,Punjab,2024-01-04,Referral
CUST02074,Shreya Banerjee,Female,44.0,Visakhapatnam,Andhra Pradesh,2025-06-14,Organic Search
CUST02075,Naveen Pandey,Male,48.0,Bengaluru,Karnataka,2024-04-30,Organic Search
CUST02076,Krishna Gupta,Male,38.0,Bengaluru,Karnataka,2024-09-13,Organic Search
CUST02077,Suresh Verma,Male,47.0,Bengaluru,Karnataka,2025-09-13,Paid Search
CUST02078,Deepak Patel,Male,24.0,Bengaluru,Karnataka,2023-09-17,Paid Search
CUST02079,Reyansh Malhotra,Male,31.0,Mumbai,Maharashtra,2024-01-28,Paid Search
CUST02080,Ritu Rao,Female,57.0,Ghaziabad,Uttar Pradesh,2023-02-18,Paid Search
CUST02081,Aman Gupta,Male,52.0,Pune,Maharashtra,2024-05-02,Paid Search
CUST02082,Naveen Pandey,Male,20.0,Jaipur,Rajasthan,2023-10-04,Paid Search
CUST02083,Arjun Agarwal,Male,33.0,Kolkata,West Bengal,2025-01-23,Organic Search
CUST02084,Pranav Pandey,Male,34.0,Delhi,Delhi,2023-09-11,Social Media
CUST02085,Divya Singh,Female,37.0,Chennai,Tamil Nadu,2025-01-18,Referral
CUST02086,Sanjay Rao,Male,46.0,Bengaluru,Karnataka,2023-12-17,Direct
CUST02087,Aman Desai,Male,51.0,Coimbatore,Tamil Nadu,2024-03-25,Organic Search
CUST02088,Nikhil Gupta,Male,33.0,Nagpur,Maharashtra,2024-03-19,Paid Search
CUST02089,Deepak Saxena,Male,44.0,Delhi,Delhi,2025-02-23,Organic Search
CUST02090,Reyansh Saxena,Male,39.0,Nagpur,Maharashtra,2024-07-15,Social Media
CUST02091,Vihaan Mukherjee,Male,33.0,Pune,Maharashtra,2024-04-01,Paid Search
CUST02092,Ishita Saxena,Female,18.0,Mumbai,Maharashtra,2025-06-12,Referral
CUST02093,Ritu Tiwari,Female,43.0,Mumbai,Maharashtra,2024-10-21,Direct
CUST02094,Diya Desai,Female,39.0,Delhi,Delhi,2023-10-20,Organic Search
CUST02095,Kunal Gupta,Male,37.0,Vadodara,Gujarat,2025-07-18,Paid Search
CUST02096,Pranav Singh,Male,23.0,Ghaziabad,Uttar Pradesh,2024-03-12,Paid Search
CUST02097,Saanvi Reddy,Female,53.0,Jaipur,Rajasthan,2023-03-02,Social Media
CUST02098,Pranav Yadav,Male,35.0,Mumbai,Maharashtra,2024-08-11,Email
CUST02099,Divya Das,Female,22.0,Hyderabad,Telangana,2023-06-29,Organic Search
CUST02100,Diya Yadav,Female,20.0,Ahmedabad,Gujarat,2023-11-18,Organic Search
CUST02101,Vivaan Chopra,Male,40.0,Bengaluru,Karnataka,2025-03-20,Social Media
CUST02102,Rahul Yadav,Male,40.0,Jaipur,Rajasthan,2023-07-08,Paid Search
CUST02103,Ananya Mehta,Female,28.0,Mumbai,Maharashtra,2025-05-07,Social Media
CUST02104,Nisha Chopra,Female,38.0,Mumbai,Maharashtra,2025-08-15,Organic Search
CUST02105,Ananya Gupta,Female,40.0,Jaipur,Rajasthan,2024-11-20,Organic Search
CUST02106,Aman Malhotra,Male,34.0,Bengaluru,Karnataka,2025-02-17,Organic Search
CUST02107,Rekha Banerjee,Female,26.0,Kanpur,Uttar Pradesh,2025-02-20,Email
CUST02108,Nikhil Nair,Male,43.0,Visakhapatnam,Andhra Pradesh,2025-09-25,Paid Search
CUST02109,Nikhil Malhotra,Male,41.0,Surat,Gujarat,2024-03-11,Organic Search
CUST02110,Riya Sharma,Female,39.0,Kochi,Kerala,2023-08-19,Organic Search
CUST02111,Neha Bansal,Female,25.0,Lucknow,Uttar Pradesh,2024-09-03,Referral
CUST02112,Yash Das,Male,20.0,Visakhapatnam,Andhra Pradesh,2024-09-16,Paid Search
CUST02113,Yash Menon,Male,34.0,Lucknow,Uttar Pradesh,2023-09-06,Referral
CUST02114,Ankit Mukherjee,Male,42.0,Vadodara,Gujarat,2024-11-26,Direct
CUST02115,Aarav Reddy,Male,43.0,Ahmedabad,Gujarat,2023-01-23,Organic Search
CUST02116,Suresh Desai,Male,39.0,Chennai,Tamil Nadu,2025-08-08,Direct
CUST02117,Payal Shah,Female,28.0,Hyderabad,Telangana,2023-12-18,Paid Search
CUST02118,Reyansh Mishra,Male,25.0,Jaipur,Rajasthan,2023-03-03,Social Media
CUST02119,Anjali Bansal,Female,33.0,Ahmedabad,Gujarat,2023-06-08,Paid Search
CUST02120,Vivaan Pandey,Male,33.0,Kochi,Kerala,2023-11-20,Social Media
CUST02121,Yash Chopra,Male,44.0,Jaipur,Rajasthan,2023-12-28,Social Media
CUST02122,Rohan Gupta,Male,28.0,Hyderabad,Telangana,2023-02-21,Organic Search
CUST02123,Krishna Mukherjee,Male,29.0,Kolkata,West Bengal,2024-01-03,Paid Search
CUST02124,Radhika Chopra,Female,54.0,Visakhapatnam,Andhra Pradesh,2023-09-25,Organic Search
CUST02125,Shreya Desai,Female,49.0,Vadodara,Gujarat,2024-04-19,Organic Search
CUST02126,Payal Malhotra,Female,24.0,Lucknow,Uttar Pradesh,2024-04-25,Social Media
CUST02127,Vihaan Das,Male,48.0,Mumbai,Maharashtra,2024-03-08,Social Media
CUST02128,Juhi Desai,Female,22.0,Nashik,Maharashtra,2024-02-26,Organic Search
CUST02129,Anjali Das,Female,29.0,Chandigarh,Chandigarh,2023-05-14,Organic Search
CUST02130,Ankit Gupta,Male,30.0,Nashik,Maharashtra,2023-02-09,Direct
CUST02131,Kavya Joshi,Female,32.0,Kanpur,Uttar Pradesh,2023-10-06,Paid Search
CUST02132,Ishita Chatterjee,Female,,Mumbai,Maharashtra,2025-03-27,Social Media
CUST02133,Payal Mukherjee,Female,34.0,Noida,Uttar Pradesh,2025-09-24,Organic Search
CUST02134,Preeti Gupta,Female,39.0,Mumbai,Maharashtra,2025-08-09,Social Media
CUST02135,Meera Mishra,Female,29.0,Delhi,Delhi,2024-08-20,Email
CUST02136,Deepak Chauhan,Male,37.0,Surat,Gujarat,2024-09-14,Organic Search
CUST02137,Divya Verma,Female,34.0,Chennai,Tamil Nadu,2024-02-11,Paid Search
CUST02138,Pooja Pandey,Female,19.0,Bhopal,Madhya Pradesh,2025-04-10,Organic Search
CUST02139,Krishna Chauhan,Male,38.0,Surat,Gujarat,2025-04-03,Organic Search
CUST02140,Nisha Bansal,Female,34.0,Mumbai,Maharashtra,2025-06-05,Social Media
CUST02141,Abhishek Mishra,Male,26.0,Lucknow,Uttar Pradesh,2025-07-15,Social Media
CUST02142,Sanjay Kapoor,Male,29.0,Agra,Uttar Pradesh,2024-06-14,Social Media
CUST02143,Saanvi Singh,Female,29.0,Ludhiana,Punjab,2025-04-05,Paid Search
CUST02144,Aditi Kumar,Female,31.0,Delhi,Delhi,2025-05-06,Paid Search
CUST02145,Diya Gupta,Female,51.0,Hyderabad,Telangana,2024-02-05,Paid Search
CUST02146,Ananya Menon,Female,54.0,Delhi,Delhi,2025-08-09,Organic Search
CUST02147,Aditya Kumar,Male,18.0,Bhopal,Madhya Pradesh,2023-05-20,Organic Search
CUST02148,Juhi Verma,Female,38.0,Surat,Gujarat,2025-09-26,Organic Search
CUST02149,Saanvi Mukherjee,Female,43.0,Kolkata,West Bengal,2025-04-07,Direct
CUST02150,Riya Rao,Female,31.0,Hyderabad,Telangana,2023-05-19,Organic Search
CUST02151,Manish Patel,Male,42.0,Patna,Bihar,2025-01-03,Paid Search
CUST02152,Ankit Chopra,Male,50.0,Patna,Bihar,2023-02-23,Paid Search
CUST02153,Ananya Joshi,Female,19.0,Kolkata,West Bengal,2025-04-07,Email
CUST02154,Karthik Das,Male,34.0,Delhi,Delhi,2025-05-01,Email
CUST02155,Rajesh Nair,Male,53.0,Chennai,Tamil Nadu,2024-11-17,Social Media
CUST02156,Rekha Agarwal,Female,21.0,Coimbatore,Tamil Nadu,2025-06-15,Organic Search
CUST02157,Preeti Kumar,Female,32.0,Jaipur,Rajasthan,2023-05-25,Organic Search
CUST02158,Sunita Chatterjee,Female,29.0,Bhopal,Madhya Pradesh,2023-12-31,Referral
CUST02159,Aditi Iyer,Female,44.0,Bengaluru,Karnataka,2024-05-25,Referral
CUST02160,Priya Bansal,Female,45.0,Hyderabad,Telangana,2023-03-07,Direct
CUST02161,Rahul Patel,Male,35.0,Delhi,Delhi,2024-06-27,Referral
CUST02162,Sunita Saxena,Female,33.0,Hyderabad,Telangana,2023-12-19,
CUST02163,Neha Kumar,Female,18.0,Delhi,Delhi,2024-05-03,Organic Search
CUST02164,Shreya Chatterjee,Female,47.0,Pune,Maharashtra,2024-06-04,Social Media
CUST02165,Rohan Desai,Male,29.0,Ahmedabad,Gujarat,2025-07-02,Social Media
CUST02166,Aarav Menon,Male,32.0,Ludhiana,Punjab,2023-12-24,Organic Search
CUST02167,Aadhya Pandey,Female,43.0,Ahmedabad,Gujarat,2025-07-13,Social Media
CUST02168,Sunita Kapoor,Female,35.0,Bengaluru,Karnataka,2024-06-05,Direct
CUST02169,Rekha Malhotra,Female,43.0,Mumbai,Maharashtra,2024-02-25,Organic Search
CUST02170,Swati Pandey,Female,39.0,Bengaluru,Karnataka,2024-08-18,Paid Search
CUST02171,Rekha Singh,Female,35.0,Nagpur,Maharashtra,2024-05-28,Paid Search
CUST02172,Rahul Chatterjee,Male,36.0,Surat,Gujarat,2023-12-10,Organic Search
CUST02173,Aditi Menon,Female,22.0,Surat,Gujarat,2024-08-18,Email
CUST02174,Juhi Agarwal,Female,32.0,Agra,Uttar Pradesh,2023-08-05,Social Media
CUST02175,Rahul Chauhan,Male,44.0,Bengaluru,Karnataka,2024-03-22,Organic Search
CUST02176,Gaurav Chatterjee,Male,24.0,Kolkata,West Bengal,2024-10-15,Referral
CUST02177,Saanvi Singh,Female,26.0,Delhi,Delhi,2024-05-24,Paid Search
CUST02178,Sunita Agarwal,Female,24.0,Bengaluru,Karnataka,2025-05-20,Social Media
CUST02179,Yash Bansal,Male,35.0,Ahmedabad,Gujarat,2023-12-09,Social Media
CUST02180,Manish Reddy,Male,47.0,Indore,Madhya Pradesh,2025-09-08,Referral
CUST02181,Siddharth Patel,Male,38.0,Ghaziabad,Uttar Pradesh,2025-04-19,Organic Search
CUST02182,Kiran Kumar,Female,18.0,Hyderabad,Telangana,2025-09-07,Social Media
CUST02183,Payal Singh,Female,39.0,Ahmedabad,Gujarat,2025-05-31,Social Media
CUST02184,Siddharth Reddy,Male,29.0,Coimbatore,Tamil Nadu,2023-07-23,Direct
CUST02185,Rekha Chopra,Female,38.0,Visakhapatnam,Andhra Pradesh,2024-09-09,Email
CUST02186,Rahul Reddy,Male,32.0,Nagpur,Maharashtra,2023-08-28,Direct
CUST02187,Pranav Chauhan,Male,24.0,Ahmedabad,Gujarat,2025-05-16,Organic Search
CUST02188,Yash Nair,Male,32.0,Hyderabad,Telangana,2024-11-01,Paid Search
CUST02189,Diya Chopra,Female,29.0,Indore,Madhya Pradesh,2023-12-17,Organic Search
CUST02190,Riya Shah,Female,36.0,Mumbai,Maharashtra,2025-08-09,Paid Search
CUST02191,Harsh Singh,Male,24.0,Pune,Maharashtra,2023-06-18,Referral
CUST02192,Komal Mehta,Female,22.0,Mumbai,Maharashtra,2024-10-13,Paid Search
CUST02193,Pooja Desai,Female,40.0,Surat,Gujarat,2025-02-26,Organic Search
CUST02194,Swati Kapoor,Female,44.0,Pune,Maharashtra,2023-03-31,Social Media
CUST02195,Kiran Desai,Female,39.0,Mumbai,Maharashtra,2024-11-13,Organic Search
CUST02196,Anjali Menon,Female,27.0,Chennai,Tamil Nadu,2025-05-14,Organic Search
CUST02197,Vihaan Das,Male,26.0,Delhi,Delhi,2023-04-13,Social Media
CUST02198,Aman Tiwari,Male,26.0,Patna,Bihar,2024-08-27,Referral
CUST02199,Radhika Gupta,Female,42.0,Chandigarh,Chandigarh,2023-12-11,Organic Search
CUST02200,Nisha Gupta,Female,25.0,Hyderabad,Telangana,2025-01-08,Social Media
CUST02201,Sneha Banerjee,Female,,Mumbai,Maharashtra,2023-06-22,Social Media
CUST02202,Neha Yadav,Female,39.0,Coimbatore,Tamil Nadu,2025-08-15,Organic Search
CUST02203,Ananya Pandey,Female,45.0,Ludhiana,Punjab,2025-07-14,Social Media
CUST02204,Tanvi Chopra,Female,44.0,Patna,Bihar,2023-09-16,Organic Search
CUST02205,Tanvi Shah,Female,38.0,Hyderabad,Telangana,2024-02-21,Referral
CUST02206,Deepak Agarwal,Male,18.0,Mumbai,Maharashtra,2024-11-04,Email
CUST02207,Sneha Shah,Female,39.0,Kochi,Kerala,2025-02-24,Organic Search
CUST02208,Anjali Sharma,Female,34.0,Kolkata,West Bengal,2024-06-22,Organic Search
CUST02209,Sanjay Kumar,Male,29.0,Ahmedabad,Gujarat,2023-08-10,Organic Search
CUST02210,Karthik Saxena,Male,47.0,Visakhapatnam,Andhra Pradesh,2023-06-03,Direct
CUST02211,Ishita Chopra,,31.0,Kanpur,Uttar Pradesh,2025-09-30,Referral
CUST02212,Priya Kumar,Female,28.0,Mumbai,Maharashtra,2024-07-04,Referral
CUST02213,Vikram Rao,Male,44.0,Noida,Uttar Pradesh,2025-06-27,Paid Search
CUST02214,Suresh Pandey,Male,29.0,Pune,Maharashtra,2024-07-30,Referral
CUST02215,Ankit Chopra,Male,27.0,Delhi,Delhi,2025-08-04,Social Media
CUST02216,Deepak Mehta,Male,22.0,Mumbai,Maharashtra,2023-05-11,Organic Search
CUST02217,Meera Saxena,Female,25.0,Pune,Maharashtra,2023-06-16,Paid Search
CUST02218,Kiran Joshi,,26.0,Jaipur,Rajasthan,2025-08-09,Paid Search
CUST02219,Rekha Das,Female,39.0,Mumbai,Maharashtra,2025-08-23,Paid Search
CUST02220,Vihaan Joshi,Male,23.0,Pune,Maharashtra,2024-02-11,Organic Search
CUST02221,Arjun Chopra,Male,18.0,Chennai,Tamil Nadu,2024-03-25,Paid Search
CUST02222,Naveen Mehta,Male,36.0,Chennai,Tamil Nadu,2024-07-01,Social Media
CUST02223,Neha Sharma,Female,27.0,Kochi,Kerala,2024-05-27,Organic Search
CUST02224,Pooja Kapoor,Female,33.0,Hyderabad,Telangana,2023-09-21,Organic Search
CUST02225,Reyansh Banerjee,Male,46.0,Rajkot,Gujarat,2025-07-17,Social Media
CUST02226,Preeti Yadav,Female,34.0,Hyderabad,Telangana,2023-12-05,Paid Search
CUST02227,Vivaan Mishra,Male,48.0,Delhi,Delhi,2025-02-13,Paid Search
CUST02228,Yash Desai,Male,32.0,Delhi,Delhi,2023-04-12,Direct
CUST02229,Preeti Joshi,Female,43.0,Gurugram,Haryana,2023-03-02,Paid Search
CUST02230,Siddharth Kapoor,Male,28.0,Mumbai,Maharashtra,2024-12-31,Organic Search
CUST02231,Juhi Gupta,Female,34.0,Bengaluru,Karnataka,2024-03-08,Organic Search
CUST02232,Ankit Nair,Male,24.0,Hyderabad,Telangana,2025-01-02,Organic Search
CUST02233,Komal Kapoor,Female,25.0,Lucknow,Uttar Pradesh,2023-05-20,Organic Search
CUST02234,Aditya Mukherjee,Male,31.0,Ahmedabad,Gujarat,2025-08-25,Referral
CUST02235,Yash Bansal,Male,20.0,Mumbai,Maharashtra,2025-03-21,Direct
CUST02236,Suresh Singh,Male,35.0,Kolkata,West Bengal,2025-06-30,Paid Search
CUST02237,Tanvi Kapoor,Female,30.0,Rajkot,Gujarat,2023-07-16,Organic Search
CUST02238,Preeti Chauhan,Female,35.0,Rajkot,Gujarat,2024-02-17,Organic Search
CUST02239,Tanvi Kapoor,Female,20.0,Guwahati,Assam,2024-04-08,Social Media
CUST02240,Vikram Gupta,Male,40.0,Hyderabad,Telangana,2024-09-19,Referral
CUST02241,Arjun Kapoor,Male,50.0,Delhi,Delhi,2024-01-23,Paid Search
CUST02242,Pranav Chauhan,Male,48.0,Mumbai,Maharashtra,2023-04-03,Referral
CUST02243,Komal Kumar,Female,52.0,Nashik,Maharashtra,2024-04-09,Organic Search
CUST02244,Manish Desai,Male,33.0,Bhopal,Madhya Pradesh,2023-12-06,Social Media
CUST02245,Deepak Banerjee,Male,29.0,Surat,Gujarat,2024-04-26,Organic Search
CUST02246,Radhika Shah,Female,38.0,Kolkata,West Bengal,2023-09-30,Social Media
CUST02247,Komal Chatterjee,Female,31.0,Chennai,Tamil Nadu,2023-12-15,Social Media
CUST02248,Rajesh Menon,Male,18.0,Kolkata,West Bengal,2024-12-08,Social Media
CUST02249,Aman Joshi,Male,41.0,Ahmedabad,Gujarat,2024-04-28,Email
CUST02250,Vikram Agarwal,Male,31.0,Kolkata,West Bengal,2024-03-15,Organic Search
CUST02251,Ishita Gupta,Female,18.0,Bengaluru,Karnataka,2024-09-16,Organic Search
CUST02252,Rahul Shah,Male,28.0,Delhi,Delhi,2025-04-09,Social Media
CUST02253,Simran Kapoor,Female,31.0,Bengaluru,Karnataka,2024-04-19,Social Media
CUST02254,Arjun Singh,Male,33.0,Noida,Uttar Pradesh,2024-11-04,Direct
CUST02255,Komal Kapoor,Female,33.0,Kochi,Kerala,2025-09-06,Email
CUST02256,Juhi Kapoor,Female,47.0,Bhopal,Madhya Pradesh,2024-09-05,Paid Search
CUST02257,Siddharth Nair,Male,20.0,Ludhiana,Punjab,2025-07-25,Paid Search
CUST02258,Kunal Saxena,Male,31.0,Mumbai,Maharashtra,2025-04-26,Social Media
CUST02259,Manish Banerjee,Male,24.0,Delhi,Delhi,2023-03-31,Organic Search
CUST02260,Anjali Tiwari,Female,46.0,Mumbai,Maharashtra,2024-06-08,Paid Search
CUST02261,Saanvi Patel,Female,27.0,Mumbai,Maharashtra,2025-02-07,Organic Search
CUST02262,Preeti Tiwari,Female,30.0,Thane,Maharashtra,2025-09-21,Organic Search
CUST02263,Rohan Joshi,Male,43.0,Mumbai,Maharashtra,2024-07-07,Referral
CUST02264,Rohan Saxena,Male,46.0,Noida,Uttar Pradesh,2023-05-18,Social Media
CUST02265,Ishita Joshi,Female,,Lucknow,Uttar Pradesh,2024-10-12,Referral
CUST02266,Anita Mishra,Female,18.0,Delhi,Delhi,2023-07-03,Direct
CUST02267,Sunita Nair,Female,38.0,Ghaziabad,Uttar Pradesh,2025-03-23,Referral
CUST02268,Shreya Desai,Female,36.0,Ghaziabad,Uttar Pradesh,2024-08-23,Email
CUST02269,Komal Sharma,Female,32.0,Pune,Maharashtra,2025-02-28,Organic Search
CUST02270,Simran Joshi,Female,34.0,Mumbai,Maharashtra,2025-06-25,Organic Search
CUST02271,Kavya Iyer,Female,46.0,Ahmedabad,Gujarat,2024-12-10,Social Media
CUST02272,Sunita Yadav,Female,43.0,Pune,Maharashtra,2024-11-26,Organic Search
CUST02273,Komal Banerjee,Female,42.0,Thane,Maharashtra,2025-03-26,Paid Search
CUST02274,Swati Mukherjee,Female,35.0,Hyderabad,Telangana,2025-06-04,Direct
CUST02275,Suresh Saxena,Male,56.0,Nashik,Maharashtra,2025-06-24,Social Media
CUST02276,Ishita Pandey,Female,29.0,Bengaluru,Karnataka,2023-02-26,Organic Search
CUST02277,Kavya Mishra,Female,18.0,Guwahati,Assam,2024-10-06,Social Media
CUST02278,Siddharth Patel,Male,30.0,Delhi,Delhi,2023-10-23,Email
CUST02279,Diya Pandey,Female,34.0,Ghaziabad,Uttar Pradesh,2025-06-18,Direct
CUST02280,Ankit Menon,Male,46.0,Delhi,Delhi,2024-12-27,Social Media
CUST02281,Pranav Chauhan,Male,28.0,Bhopal,Madhya Pradesh,2024-05-31,Organic Search
CUST02282,Reyansh Mukherjee,Male,38.0,Nashik,Maharashtra,2023-09-19,Email
CUST02283,Nisha Malhotra,Female,18.0,Hyderabad,Telangana,2024-03-08,Social Media
CUST02284,Kiran Mehta,Female,44.0,Mumbai,Maharashtra,2025-02-12,Paid Search
CUST02285,Priya Patel,Female,34.0,Guwahati,Assam,2023-10-09,Email
CUST02286,Gaurav Das,Male,30.0,Noida,Uttar Pradesh,2023-05-19,Paid Search
CUST02287,Radhika Kumar,Female,54.0,Bhopal,Madhya Pradesh,2025-07-09,Direct
CUST02288,Gaurav Desai,Male,44.0,Ahmedabad,Gujarat,2025-04-02,Direct
CUST02289,Siddharth Sharma,Male,23.0,Delhi,Delhi,2023-10-03,Organic Search
CUST02290,Suresh Patel,Male,32.0,Chennai,Tamil Nadu,2024-01-18,Paid Search
CUST02291,Payal Reddy,Female,60.0,Indore,Madhya Pradesh,2025-09-10,Organic Search
CUST02292,Suresh Patel,Male,53.0,Delhi,Delhi,2025-02-15,Organic Search
CUST02293,Rekha Singh,Female,42.0,Mumbai,Maharashtra,2024-11-24,Organic Search
CUST02294,Neha Agarwal,Female,18.0,Coimbatore,Tamil Nadu,2024-02-04,Paid Search
CUST02295,Rohan Menon,Male,46.0,Nagpur,Maharashtra,2024-01-25,Organic Search
CUST02296,Meera Mehta,Female,27.0,Nagpur,Maharashtra,2023-03-03,Email
CUST02297,Nikhil Rao,Male,46.0,Gurugram,Haryana,2025-03-04,Organic Search
CUST02298,Sanjay Bansal,Male,26.0,Kolkata,West Bengal,2023-03-08,Organic Search
CUST02299,Varun Shah,Male,38.0,Hyderabad,Telangana,2023-01-08,Organic Search
CUST02300,Swati Agarwal,Female,27.0,Chandigarh,Chandigarh,2025-03-05,Paid Search
CUST02301,Sunita Chopra,Female,29.0,Kochi,Kerala,2025-08-24,Organic Search
CUST02302,Divya Gupta,Female,39.0,Mumbai,Maharashtra,2025-03-27,Referral
CUST02303,Anita Mishra,Female,20.0,Hyderabad,Telangana,2024-07-20,Paid Search
CUST02304,Gaurav Das,Male,57.0,Ahmedabad,Gujarat,2024-08-02,Direct
CUST02305,Swati Chauhan,Female,23.0,Delhi,Delhi,2024-06-15,Organic Search
CUST02306,Gaurav Rao,Male,22.0,Bengaluru,Karnataka,2024-02-22,Organic Search
CUST02307,Deepak Malhotra,Male,39.0,Mumbai,Maharashtra,2024-09-05,Referral
CUST02308,Swati Desai,Female,46.0,Nagpur,Maharashtra,2024-06-10,Paid Search
CUST02309,Tarun Reddy,Male,30.0,Delhi,Delhi,2024-11-13,Organic Search
CUST02310,Karthik Chauhan,Male,22.0,Coimbatore,Tamil Nadu,2025-07-17,Organic Search
CUST02311,Reyansh Yadav,Male,24.0,Jaipur,Rajasthan,2025-09-27,Direct
CUST02312,Ishaan Malhotra,Male,23.0,Hyderabad,Telangana,2023-04-29,Organic Search
CUST02313,Komal Pandey,Female,36.0,Vadodara,Gujarat,2024-04-25,Paid Search
CUST02314,Deepak Shah,Male,32.0,Lucknow,Uttar Pradesh,2023-09-10,Direct
CUST02315,Sneha Chopra,Female,37.0,Bhopal,Madhya Pradesh,2024-03-22,Social Media
CUST02316,Rajesh Reddy,Male,37.0,Nashik,Maharashtra,2024-01-12,Email
CUST02317,Anita Tiwari,Female,41.0,Vadodara,Gujarat,2023-09-02,Paid Search
CUST02318,Diya Das,Female,29.0,Visakhapatnam,Andhra Pradesh,2025-04-02,Social Media
CUST02319,Sunita Chauhan,Female,26.0,Indore,Madhya Pradesh,2024-08-12,Social Media
CUST02320,Priya Patel,Female,35.0,Ahmedabad,Gujarat,2025-08-02,Organic Search
CUST02321,Meera Rao,Female,32.0,Lucknow,Uttar Pradesh,2023-02-20,Social Media
CUST02322,Juhi Agarwal,Female,36.0,Pune,Maharashtra,2023-04-12,Direct
CUST02323,Anjali Nair,Female,26.0,Noida,Uttar Pradesh,2024-05-14,Paid Search
CUST02324,Aarav Gupta,Male,39.0,Kolkata,West Bengal,2023-05-01,Paid Search
CUST02325,Vikram Kapoor,Male,21.0,Bengaluru,Karnataka,2023-12-16,Paid Search
CUST02326,Ritu Singh,Female,29.0,Chennai,Tamil Nadu,2025-09-20,Social Media
CUST02327,Arjun Das,Male,44.0,Chennai,Tamil Nadu,2023-10-14,Social Media
CUST02328,Aditya Chauhan,Male,22.0,Chennai,Tamil Nadu,2023-10-01,Paid Search
CUST02329,Meera Joshi,Female,44.0,Jaipur,Rajasthan,2024-10-22,Organic Search
CUST02330,Harsh Mukherjee,Male,19.0,Noida,Uttar Pradesh,2024-08-14,Organic Search
CUST02331,Aditya Shah,Male,18.0,Bengaluru,Karnataka,2024-10-28,Organic Search
CUST02332,Sneha Kumar,Female,18.0,Noida,Uttar Pradesh,2024-04-17,Social Media
CUST02333,Sanjay Sharma,Male,34.0,Visakhapatnam,Andhra Pradesh,2025-05-22,Paid Search
CUST02334,Arjun Yadav,Male,40.0,Delhi,Delhi,2023-07-19,Paid Search
CUST02335,Vihaan Sharma,Male,46.0,Bengaluru,Karnataka,2024-06-08,Paid Search
CUST02336,Manish Chauhan,Male,45.0,Chandigarh,Chandigarh,2025-01-31,Paid Search
CUST02337,Ishaan Iyer,Male,42.0,Vadodara,Gujarat,2025-06-24,Social Media
CUST02338,Payal Mishra,Female,25.0,Delhi,Delhi,2024-04-09,Social Media
CUST02339,Rohan Kumar,Male,25.0,Jaipur,Rajasthan,2024-10-17,Email
CUST02340,Ishaan Yadav,Male,41.0,Bengaluru,Karnataka,2023-04-15,Organic Search
CUST02341,Sneha Chauhan,Female,47.0,Surat,Gujarat,2023-08-28,Email
CUST02342,Gaurav Menon,Male,23.0,Delhi,Delhi,2023-04-15,Organic Search
CUST02343,Ankit Saxena,Male,46.0,Hyderabad,Telangana,2025-03-04,Organic Search
CUST02344,Varun Shah,Male,18.0,Ahmedabad,Gujarat,2024-01-13,Social Media
CUST02345,Karthik Singh,Male,37.0,Pune,Maharashtra,2025-02-28,Organic Search
CUST02346,Nikhil Saxena,Male,32.0,Bengaluru,Karnataka,2023-04-11,Organic Search
CUST02347,Karthik Mehta,Male,31.0,Indore,Madhya Pradesh,2025-06-19,Organic Search
CUST02348,Aditi Sharma,Female,33.0,Vadodara,Gujarat,2025-05-29,Social Media
CUST02349,Riya Iyer,Female,24.0,Lucknow,Uttar Pradesh,2023-05-13,Organic Search
CUST02350,Radhika Saxena,Female,37.0,Coimbatore,Tamil Nadu,2023-02-07,Referral
CUST02351,Naveen Chauhan,Male,34.0,Patna,Bihar,2023-03-28,Paid Search
CUST02352,Ananya Gupta,Female,42.0,Mumbai,Maharashtra,2025-06-12,Organic Search
CUST02353,Juhi Nair,Female,49.0,Mumbai,Maharashtra,2023-11-14,Paid Search
CUST02354,Arjun Das,Male,34.0,Lucknow,Uttar Pradesh,2024-09-29,
CUST02355,Aditi Bansal,Female,25.0,Indore,Madhya Pradesh,2024-06-06,Social Media
CUST02356,Divya Patel,Female,22.0,Noida,Uttar Pradesh,2025-04-28,Organic Search
CUST02357,Varun Gupta,Male,50.0,Mumbai,Maharashtra,2024-08-05,Email
CUST02358,Saanvi Agarwal,Female,49.0,Bengaluru,Karnataka,2024-08-16,Paid Search
CUST02359,Reyansh Sharma,Male,42.0,Ghaziabad,Uttar Pradesh,2025-09-23,Direct
CUST02360,Tarun Mukherjee,Male,34.0,Coimbatore,Tamil Nadu,2023-08-02,Paid Search
CUST02361,Harsh Chopra,Male,41.0,Chennai,Tamil Nadu,2025-05-25,Organic Search
CUST02362,Kunal Malhotra,Male,46.0,Kolkata,West Bengal,2023-03-21,Email
CUST02363,Simran Mukherjee,Female,27.0,Agra,Uttar Pradesh,2024-07-25,Organic Search
CUST02364,Aadhya Bansal,Female,33.0,Chennai,Tamil Nadu,2025-07-08,Social Media
CUST02365,Gaurav Joshi,Male,22.0,Patna,Bihar,2025-01-10,Social Media
CUST02366,Pooja Yadav,Female,32.0,Noida,Uttar Pradesh,2025-01-27,Organic Search
CUST02367,Payal Joshi,Female,48.0,Bengaluru,Karnataka,2023-12-16,Organic Search
CUST02368,Kavya Menon,Female,44.0,Bengaluru,Karnataka,2024-05-29,Organic Search
CUST02369,Priya Joshi,Female,,Gurugram,Haryana,2024-04-06,Organic Search
CUST02370,Ishita Menon,Female,18.0,Chennai,Tamil Nadu,2024-09-05,Paid Search
CUST02371,Tanvi Shah,Female,26.0,Mumbai,Maharashtra,2024-07-11,Social Media
CUST02372,Gaurav Banerjee,Male,34.0,Kolkata,West Bengal,2024-02-24,Organic Search
CUST02373,Komal Tiwari,Female,31.0,Surat,Gujarat,2024-02-01,Organic Search
CUST02374,Yash Joshi,Male,33.0,Bengaluru,Karnataka,2023-12-02,Referral
CUST02375,Siddharth Chopra,Male,35.0,Indore,Madhya Pradesh,2024-04-05,Organic Search
CUST02376,Vivaan Kapoor,Male,28.0,Bengaluru,Karnataka,2023-08-02,Referral
CUST02377,Karthik Chatterjee,Male,33.0,Delhi,Delhi,2025-06-27,Organic Search
CUST02378,Nisha Menon,Female,32.0,Bengaluru,Karnataka,2024-11-17,Referral
CUST02379,Neha Patel,Female,26.0,Pune,Maharashtra,2023-07-12,Social Media
CUST02380,Siddharth Sharma,Male,51.0,Agra,Uttar Pradesh,2025-02-03,Organic Search
CUST02381,Komal Chauhan,Female,28.0,Pune,Maharashtra,2025-06-08,Organic Search
CUST02382,Suresh Reddy,Male,18.0,Ludhiana,Punjab,2023-11-17,Organic Search
CUST02383,Payal Joshi,Female,51.0,Mumbai,Maharashtra,2023-08-03,Organic Search
CUST02384,Ishaan Chatterjee,Male,25.0,Ahmedabad,Gujarat,2023-01-14,Paid Search
CUST02385,Aditya Singh,Male,42.0,Chennai,Tamil Nadu,2023-03-14,Social Media
CUST02386,Anjali Verma,Female,26.0,Vadodara,Gujarat,2025-04-01,Social Media
CUST02387,Juhi Tiwari,Female,39.0,Surat,Gujarat,2025-09-21,Organic Search
CUST02388,Karthik Nair,Male,33.0,Patna,Bihar,2023-03-11,Social Media
CUST02389,Harsh Rao,Male,43.0,Hyderabad,Telangana,2025-03-20,Organic Search
CUST02390,Harsh Gupta,Male,31.0,Gurugram,Haryana,2023-04-19,Organic Search
CUST02391,Kiran Sharma,Female,26.0,Vadodara,Gujarat,2024-11-08,Organic Search
CUST02392,Ankit Chopra,Male,36.0,Chandigarh,Chandigarh,2025-03-27,Paid Search
CUST02393,Manish Pandey,Male,29.0,Bengaluru,Karnataka,2024-03-29,Organic Search
CUST02394,Nisha Mehta,Female,18.0,Mumbai,Maharashtra,2023-01-18,Organic Search
CUST02395,Anita Chatterjee,Female,27.0,Surat,Gujarat,2024-11-10,Paid Search
CUST02396,Suresh Desai,Male,62.0,Kolkata,West Bengal,2025-09-24,Direct
CUST02397,Ritu Patel,Female,18.0,Visakhapatnam,Andhra Pradesh,2023-12-10,Social Media
CUST02398,Aarav Iyer,Male,35.0,Mumbai,Maharashtra,2023-09-21,Direct
CUST02399,Aditya Banerjee,Male,31.0,Jaipur,Rajasthan,2023-06-29,Organic Search
CUST02400,Sneha Kapoor,Female,51.0,Delhi,Delhi,2024-10-06,Referral
CUST02401,Suresh Saxena,Male,22.0,Kolkata,West Bengal,2024-11-12,Organic Search
CUST02402,Aarav Banerjee,Male,34.0,Delhi,Delhi,2025-04-25,Organic Search
CUST02403,Ritu Mehta,Female,40.0,Chandigarh,Chandigarh,2025-03-24,Organic Search
CUST02404,Komal Kapoor,Female,31.0,Delhi,Delhi,2025-07-12,Paid Search
CUST02405,Shreya Singh,Female,25.0,Jaipur,Rajasthan,2025-05-06,Organic Search
CUST02406,Anita Sharma,Female,33.0,Mumbai,Maharashtra,2023-11-28,Social Media
CUST02407,Karthik Iyer,Male,30.0,Delhi,Delhi,2024-10-06,Email
CUST02408,Ishita Gupta,Female,30.0,Kolkata,West Bengal,2024-01-23,Organic Search
CUST02409,Naveen Banerjee,Male,42.0,Mumbai,Maharashtra,2024-02-27,Email
CUST02410,Ishita Rao,Female,37.0,Pune,Maharashtra,2025-08-11,Organic Search
CUST02411,Nikhil Pandey,Male,39.0,Delhi,Delhi,2025-01-24,Organic Search
CUST02412,Manish Patel,Male,36.0,Indore,Madhya Pradesh,2025-09-12,Organic Search
CUST02413,Gaurav Malhotra,Male,43.0,Nashik,Maharashtra,2024-05-27,Organic Search
CUST02414,Saanvi Desai,Female,46.0,Bhopal,Madhya Pradesh,2024-09-19,Organic Search
CUST02415,Aman Saxena,Male,30.0,Mumbai,Maharashtra,2024-08-03,Organic Search
CUST02416,Meera Joshi,Female,41.0,Kolkata,West Bengal,2023-06-07,Organic Search
CUST02417,Simran Yadav,Female,20.0,Delhi,Delhi,2023-11-16,Referral
CUST02418,Diya Nair,Female,18.0,Chennai,Tamil Nadu,2024-09-10,Referral
CUST02419,Aarav Gupta,Male,51.0,Ludhiana,Punjab,2023-04-13,Direct
CUST02420,Gaurav Menon,Male,30.0,Mumbai,Maharashtra,2025-08-11,Organic Search
CUST02421,Simran Malhotra,Female,36.0,Bengaluru,Karnataka,2023-06-29,Organic Search
CUST02422,Aditi Mehta,Female,21.0,Ghaziabad,Uttar Pradesh,2023-10-01,Social Media
CUST02423,Vikram Kumar,Male,20.0,Ahmedabad,Gujarat,2025-04-03,Social Media
CUST02424,Divya Singh,Female,26.0,Bengaluru,Karnataka,2023-05-24,Organic Search
CUST02425,Pranav Mukherjee,Male,39.0,Noida,Uttar Pradesh,2025-07-18,Email
CUST02426,Aditya Nair,Male,28.0,Delhi,Delhi,2025-03-02,Direct
CUST02427,Harsh Agarwal,Male,30.0,Patna,Bihar,2023-04-14,Organic Search
CUST02428,Varun Kapoor,Male,26.0,Delhi,Delhi,2025-02-02,Direct
CUST02429,Tarun Tiwari,Male,45.0,Noida,Uttar Pradesh,2024-12-12,Organic Search
CUST02430,Divya Saxena,Female,42.0,Patna,Bihar,2025-03-28,Paid Search
CUST02431,Suresh Sharma,Male,28.0,Bengaluru,Karnataka,2025-05-23,Organic Search
CUST02432,Payal Mehta,Female,40.0,Kochi,Kerala,2025-02-24,Social Media
CUST02433,Komal Mehta,Female,31.0,Delhi,Delhi,2024-11-02,Organic Search
CUST02434,Shreya Pandey,Female,30.0,Agra,Uttar Pradesh,2024-02-20,Paid Search
CUST02435,Harsh Singh,Male,33.0,Nagpur,Maharashtra,2025-02-06,Organic Search
CUST02436,Tanvi Menon,Female,39.0,Delhi,Delhi,2025-08-30,Paid Search
CUST02437,Sanjay Verma,Male,24.0,Pune,Maharashtra,2024-11-04,Social Media
CUST02438,Ananya Banerjee,Female,38.0,Mumbai,Maharashtra,2025-01-10,Organic Search
CUST02439,Aman Verma,Male,58.0,Pune,Maharashtra,2024-06-16,Social Media
CUST02440,Ishita Chopra,Female,35.0,Jaipur,Rajasthan,2025-03-27,Direct
CUST02441,Nikhil Mukherjee,Male,33.0,Ahmedabad,Gujarat,2025-09-29,Referral
CUST02442,Anita Saxena,Female,32.0,Ghaziabad,Uttar Pradesh,2023-08-15,Direct
CUST02443,Manish Saxena,Male,38.0,Gurugram,Haryana,2023-10-06,Organic Search
CUST02444,Rohan Bansal,Male,18.0,Pune,Maharashtra,2024-09-21,Paid Search
CUST02445,Rekha Reddy,Female,50.0,Kanpur,Uttar Pradesh,2024-07-29,Email
CUST02446,Vihaan Singh,Male,43.0,Delhi,Delhi,2024-10-20,Direct
CUST02447,Nisha Kumar,Female,27.0,Guwahati,Assam,2023-03-17,
CUST02448,Rekha Malhotra,Female,33.0,Agra,Uttar Pradesh,2024-05-15,Direct
CUST02449,Payal Kumar,Female,27.0,Noida,Uttar Pradesh,2024-10-31,Paid Search
CUST02450,Saanvi Reddy,Female,36.0,Visakhapatnam,Andhra Pradesh,2024-11-02,Email
CUST02451,Shreya Gupta,Female,34.0,Hyderabad,Telangana,2025-01-04,Paid Search
CUST02452,Shreya Verma,Female,35.0,Bengaluru,Karnataka,2025-02-25,Organic Search
CUST02453,Arjun Iyer,Male,23.0,Kolkata,West Bengal,2024-12-21,Organic Search
CUST02454,Anita Menon,Female,28.0,Mumbai,Maharashtra,2025-04-23,Organic Search
CUST02455,Simran Patel,Female,44.0,Pune,Maharashtra,2024-12-06,Social Media
CUST02456,Aditya Mishra,Male,28.0,Ahmedabad,Gujarat,2024-09-19,Social Media
CUST02457,Manish Desai,Male,18.0,Indore,Madhya Pradesh,2024-11-20,Paid Search
CUST02458,Ankit Reddy,Male,31.0,Surat,Gujarat,2023-05-30,Social Media
CUST02459,Diya Chauhan,Female,57.0,Bengaluru,Karnataka,2023-12-28,Paid Search
CUST02460,Suresh Das,Male,41.0,Thane,Maharashtra,2024-09-10,Organic Search
CUST02461,Juhi Chatterjee,Female,27.0,Hyderabad,Telangana,2025-06-27,Organic Search
CUST02462,Diya Agarwal,Female,32.0,Bengaluru,Karnataka,2025-01-22,Paid Search
CUST02463,Preeti Iyer,Female,40.0,Chennai,Tamil Nadu,2023-05-15,Paid Search
CUST02464,Reyansh Yadav,Male,18.0,Delhi,Delhi,2024-11-08,
CUST02465,Diya Sharma,Female,24.0,Hyderabad,Telangana,2023-10-29,Direct
CUST02466,Komal Mehta,Female,37.0,Bengaluru,Karnataka,2025-03-09,Paid Search
CUST02467,Harsh Mukherjee,Male,49.0,Mumbai,Maharashtra,2025-05-23,Organic Search
CUST02468,Pranav Chauhan,Male,29.0,Hyderabad,Telangana,2024-11-09,Email
CUST02469,Gaurav Agarwal,Male,49.0,Chennai,Tamil Nadu,2024-11-07,Organic Search
CUST02470,Aadhya Tiwari,Female,25.0,Ghaziabad,Uttar Pradesh,2024-03-08,Paid Search
CUST02471,Pranav Mehta,Male,18.0,Delhi,Delhi,2024-06-25,Direct
CUST02472,Sanjay Mishra,Male,40.0,Hyderabad,Telangana,2025-06-20,Referral
CUST02473,Karthik Singh,Male,38.0,Mumbai,Maharashtra,2025-02-28,Direct
CUST02474,Tarun Patel,Male,40.0,Mumbai,Maharashtra,2024-09-03,Organic Search
CUST02475,Arjun Banerjee,Male,40.0,Hyderabad,Telangana,2024-04-08,Paid Search
CUST02476,Meera Shah,Female,35.0,Kolkata,West Bengal,2023-03-19,Email
CUST02477,Naveen Sharma,Male,30.0,Bhopal,Madhya Pradesh,2023-07-24,Organic Search
CUST02478,Aditi Kapoor,Female,31.0,Bhopal,Madhya Pradesh,2023-09-25,Email
CUST02479,Ishaan Menon,Male,28.0,Chandigarh,Chandigarh,2024-04-13,Paid Search
CUST02480,Aditya Mishra,Male,29.0,Chandigarh,Chandigarh,2025-08-20,Direct
CUST02481,Simran Saxena,Female,18.0,Mumbai,Maharashtra,2024-08-20,Paid Search
CUST02482,Diya Mishra,Female,21.0,Delhi,Delhi,2023-11-14,Organic Search
CUST02483,Preeti Mukherjee,Female,31.0,Kolkata,West Bengal,2023-06-05,Direct
CUST02484,Deepak Rao,Male,18.0,Jaipur,Rajasthan,2024-03-08,Social Media
CUST02485,Sanjay Tiwari,Male,18.0,Jaipur,Rajasthan,2025-05-14,Paid Search
CUST02486,Preeti Iyer,Female,30.0,Kolkata,West Bengal,2024-04-23,Direct
CUST02487,Vikram Iyer,Male,32.0,Kochi,Kerala,2025-04-09,Social Media
CUST02488,Sneha Kapoor,Female,30.0,Kolkata,West Bengal,2025-05-03,Social Media
CUST02489,Siddharth Kapoor,Male,18.0,Gurugram,Haryana,2023-06-12,Paid Search
CUST02490,Tarun Singh,Male,49.0,Kochi,Kerala,2024-11-22,Referral
CUST02491,Divya Patel,Female,19.0,Chennai,Tamil Nadu,2025-08-31,Social Media
CUST02492,Diya Sharma,Female,25.0,Delhi,Delhi,2024-05-12,Social Media
CUST02493,Anjali Gupta,Female,20.0,Hyderabad,Telangana,2023-03-20,Direct
CUST02494,Simran Nair,Female,46.0,Ahmedabad,Gujarat,2025-08-05,Organic Search
CUST02495,Krishna Tiwari,Male,37.0,Coimbatore,Tamil Nadu,2025-07-06,
CUST02496,Rekha Bansal,Female,28.0,Noida,Uttar Pradesh,2024-09-05,Referral
CUST02497,Ritu Shah,Female,28.0,Delhi,Delhi,2024-10-03,Organic Search
CUST02498,Deepak Singh,Male,35.0,Mumbai,Maharashtra,2023-10-18,Social Media
CUST02499,Sanjay Saxena,Male,21.0,Ghaziabad,Uttar Pradesh,2025-05-17,Referral
CUST02500,Riya Chopra,Female,37.0,Pune,Maharashtra,2024-08-14,Paid Search
CUST02501,Vivaan Mukherjee,Male,28.0,Bhopal,Madhya Pradesh,2023-02-22,Organic Search
CUST02502,Saanvi Saxena,Female,38.0,Hyderabad,Telangana,2025-01-25,Organic Search
CUST02503,Manish Tiwari,Male,38.0,Delhi,Delhi,2025-08-25,Organic Search
CUST02504,Aditi Singh,Female,27.0,Bengaluru,Karnataka,2025-05-24,Paid Search
CUST02505,Kiran Kapoor,Female,18.0,Mumbai,Maharashtra,2024-01-01,Social Media
CUST02506,Divya Malhotra,Female,31.0,Ahmedabad,Gujarat,2023-03-23,Social Media
CUST02507,Meera Chauhan,Female,19.0,Mumbai,Maharashtra,2025-08-17,Paid Search
CUST02508,Deepak Banerjee,Male,34.0,Chennai,Tamil Nadu,2025-08-15,Paid Search
CUST02509,Komal Malhotra,Female,30.0,Patna,Bihar,2024-09-15,Social Media
CUST02510,Neha Nair,Female,27.0,Mumbai,Maharashtra,2024-12-22,Direct
CUST02511,Ishita Menon,Female,20.0,Coimbatore,Tamil Nadu,2024-07-11,Referral
CUST02512,Sunita Das,Female,45.0,Delhi,Delhi,2024-05-30,Social Media
CUST02513,Ritu Shah,Female,28.0,Lucknow,Uttar Pradesh,2023-06-23,Organic Search
CUST02514,Anjali Bansal,Female,57.0,Bengaluru,Karnataka,2023-05-24,Direct
CUST02515,Simran Banerjee,Female,33.0,Ludhiana,Punjab,2023-11-11,Referral
CUST02516,Ritu Chauhan,Female,37.0,Mumbai,Maharashtra,2025-05-30,Direct
CUST02517,Divya Bansal,Female,33.0,Chennai,Tamil Nadu,2023-07-28,Social Media
CUST02518,Krishna Das,Male,36.0,Noida,Uttar Pradesh,2023-11-04,Organic Search
CUST02519,Ishaan Malhotra,Male,44.0,Delhi,Delhi,2024-09-30,Paid Search
CUST02520,Sneha Chauhan,Female,44.0,Bhopal,Madhya Pradesh,2023-10-22,Organic Search
CUST02521,Pranav Nair,Male,18.0,Indore,Madhya Pradesh,2023-08-19,Paid Search
CUST02522,Vivaan Chopra,Male,42.0,Hyderabad,Telangana,2024-10-13,Paid Search
CUST02523,Pranav Mishra,Male,38.0,Mumbai,Maharashtra,2024-04-08,Direct
CUST02524,Riya Sharma,Female,33.0,Ghaziabad,Uttar Pradesh,2024-12-08,Paid Search
CUST02525,Ishita Banerjee,Female,50.0,Chandigarh,Chandigarh,2025-07-27,Paid Search
CUST02526,Neha Kumar,Female,51.0,Delhi,Delhi,2023-08-04,Social Media
CUST02527,Kavya Iyer,Female,42.0,Ludhiana,Punjab,2025-07-28,Organic Search
CUST02528,Diya Yadav,Female,28.0,Ghaziabad,Uttar Pradesh,2025-07-20,Organic Search
CUST02529,Abhishek Patel,Male,21.0,Jaipur,Rajasthan,2025-05-24,Social Media
CUST02530,Nikhil Verma,Male,41.0,Patna,Bihar,2024-12-12,Organic Search
CUST02531,Aditya Reddy,Male,47.0,Mumbai,Maharashtra,2024-12-02,Organic Search
CUST02532,Yash Bansal,Male,18.0,Kolkata,West Bengal,2024-12-19,Paid Search
CUST02533,Simran Singh,Female,44.0,Noida,Uttar Pradesh,2025-02-01,Organic Search
CUST02534,Krishna Joshi,Male,30.0,Visakhapatnam,Andhra Pradesh,2023-01-27,Organic Search
CUST02535,Anjali Agarwal,Female,18.0,Bengaluru,Karnataka,2025-08-31,Paid Search
CUST02536,Sunita Joshi,Female,38.0,Surat,Gujarat,2024-11-02,Direct
CUST02537,Nikhil Tiwari,Male,42.0,Bengaluru,Karnataka,2025-04-16,Organic Search
CUST02538,Sunita Agarwal,Female,29.0,Bengaluru,Karnataka,2024-04-17,Paid Search
CUST02539,Shreya Gupta,Female,22.0,Delhi,Delhi,2023-01-20,Paid Search
CUST02540,Sunita Chauhan,Female,50.0,Delhi,Delhi,2024-08-25,Social Media
CUST02541,Payal Das,Female,26.0,Kolkata,West Bengal,2024-08-22,Paid Search
CUST02542,Radhika Saxena,Female,45.0,Hyderabad,Telangana,2024-06-16,Social Media
CUST02543,Radhika Saxena,Female,18.0,Visakhapatnam,Andhra Pradesh,2024-03-09,Referral
CUST02544,Pooja Kumar,Female,37.0,Coimbatore,Tamil Nadu,2023-12-01,Organic Search
CUST02545,Manish Mehta,Male,37.0,Kolkata,West Bengal,2024-09-10,Referral
CUST02546,Aadhya Kapoor,Female,42.0,Delhi,Delhi,2024-04-15,Organic Search
CUST02547,Vihaan Verma,Male,48.0,Guwahati,Assam,2025-09-08,Referral
CUST02548,Reyansh Menon,Male,25.0,Mumbai,Maharashtra,2023-08-31,Social Media
CUST02549,Rajesh Saxena,Male,38.0,Pune,Maharashtra,2024-02-17,Social Media
CUST02550,Deepak Mukherjee,Male,19.0,Bengaluru,Karnataka,2024-01-20,Paid Search
CUST02551,Rohan Rao,Male,19.0,Gurugram,Haryana,2024-09-25,Social Media
CUST02552,Deepak Patel,Male,27.0,Hyderabad,Telangana,2024-08-15,Organic Search
CUST02553,Aditya Agarwal,Male,37.0,Noida,Uttar Pradesh,2024-12-23,Paid Search
CUST02554,Tanvi Mishra,Female,50.0,Noida,Uttar Pradesh,2025-08-25,Social Media
CUST02555,Swati Mishra,Female,52.0,Gurugram,Haryana,2024-01-10,Paid Search
CUST02556,Payal Verma,Female,29.0,Patna,Bihar,2025-02-03,Paid Search
CUST02557,Rahul Gupta,Male,36.0,Thane,Maharashtra,2023-02-09,Paid Search
CUST02558,Priya Saxena,Female,42.0,Noida,Uttar Pradesh,2023-12-15,Referral
CUST02559,Kunal Tiwari,Male,41.0,Bengaluru,Karnataka,2024-07-12,Paid Search
CUST02560,Gaurav Shah,Male,31.0,Vadodara,Gujarat,2023-02-18,Social Media
CUST02561,Rahul Patel,Male,34.0,Delhi,Delhi,2024-11-30,Direct
CUST02562,Radhika Joshi,Female,32.0,Ahmedabad,Gujarat,2025-01-21,Organic Search
CUST02563,Diya Rao,Female,31.0,Ahmedabad,Gujarat,2025-03-19,Organic Search
CUST02564,Shreya Chopra,Female,30.0,Guwahati,Assam,2024-08-31,Direct
CUST02565,Juhi Shah,Female,32.0,Hyderabad,Telangana,2024-11-18,Social Media
CUST02566,Simran Yadav,Female,29.0,Pune,Maharashtra,2024-05-06,Paid Search
CUST02567,Ritu Reddy,Female,22.0,Surat,Gujarat,2023-03-05,Organic Search
CUST02568,Aman Kumar,Male,42.0,Kanpur,Uttar Pradesh,2023-05-28,Paid Search
CUST02569,Nikhil Nair,Male,38.0,Delhi,Delhi,2025-01-02,Email
CUST02570,Divya Sharma,Female,52.0,Pune,Maharashtra,2025-09-27,Paid Search
CUST02571,Radhika Kapoor,Female,37.0,Surat,Gujarat,2023-01-26,Referral
CUST02572,Ishaan Gupta,Male,29.0,Coimbatore,Tamil Nadu,2024-10-08,Organic Search
CUST02573,Rahul Kumar,Male,27.0,Noida,Uttar Pradesh,2025-03-23,Paid Search
CUST02574,Reyansh Bansal,Male,33.0,Bengaluru,Karnataka,2025-05-22,Organic Search
CUST02575,Vivaan Mukherjee,Male,39.0,Bengaluru,Karnataka,2024-09-26,Paid Search
CUST02576,Harsh Joshi,Male,31.0,Kanpur,Uttar Pradesh,2024-12-02,Referral
CUST02577,Saanvi Reddy,Female,18.0,Kolkata,West Bengal,2025-02-06,Organic Search
CUST02578,Reyansh Saxena,Male,26.0,Thane,Maharashtra,2025-06-16,Social Media
CUST02579,Suresh Saxena,Male,33.0,Ludhiana,Punjab,2023-06-27,Organic Search
CUST02580,Arjun Nair,Male,40.0,Mumbai,Maharashtra,2025-08-07,Paid Search
CUST02581,Sneha Bansal,Female,18.0,Rajkot,Gujarat,2023-02-10,Organic Search
CUST02582,Aditya Yadav,Male,36.0,Bengaluru,Karnataka,2025-05-30,Paid Search
CUST02583,Gaurav Mishra,Male,35.0,Noida,Uttar Pradesh,2023-04-26,Direct
CUST02584,Pooja Chauhan,Female,28.0,Chennai,Tamil Nadu,2023-09-27,Organic Search
CUST02585,Juhi Chatterjee,Female,27.0,Agra,Uttar Pradesh,2023-01-07,Organic Search
CUST02586,Naveen Nair,Male,26.0,Delhi,Delhi,2024-06-24,Organic Search
CUST02587,Nisha Tiwari,Female,34.0,Pune,Maharashtra,2024-03-03,Social Media
CUST02588,Reyansh Menon,Male,44.0,Mumbai,Maharashtra,2023-08-23,Organic Search
CUST02589,Diya Mukherjee,Female,45.0,Thane,Maharashtra,2024-06-30,Direct
CUST02590,Rohan Gupta,Male,22.0,Gurugram,Haryana,2024-05-13,Social Media
CUST02591,Aditi Reddy,Female,31.0,Ludhiana,Punjab,2025-04-05,Social Media
CUST02592,Simran Kumar,Female,,Kanpur,Uttar Pradesh,2025-07-13,Organic Search
CUST02593,Priya Gupta,Female,34.0,Delhi,Delhi,2024-12-30,Paid Search
CUST02594,Simran Iyer,Female,39.0,Kochi,Kerala,2023-06-30,Referral
CUST02595,Pranav Mukherjee,Male,49.0,Hyderabad,Telangana,2024-01-21,Paid Search
CUST02596,Kavya Bansal,Female,18.0,Surat,Gujarat,2025-07-28,Social Media
CUST02597,Naveen Desai,Male,22.0,Bengaluru,Karnataka,2023-05-13,Social Media
CUST02598,Suresh Yadav,Male,34.0,Ghaziabad,Uttar Pradesh,2024-05-17,Direct
CUST02599,Saanvi Shah,Female,18.0,Ahmedabad,Gujarat,2025-08-19,Paid Search
CUST02600,Ritu Bansal,Female,35.0,Ahmedabad,Gujarat,2025-08-25,Referral
CUST02601,Kavya Verma,Female,39.0,Mumbai,Maharashtra,2024-05-22,Organic Search
CUST02602,Sunita Reddy,Female,20.0,Jaipur,Rajasthan,2025-01-12,Social Media
CUST02603,Aadhya Chatterjee,Female,34.0,Bengaluru,Karnataka,2024-07-05,Social Media
CUST02604,Priya Tiwari,Female,21.0,Gurugram,Haryana,2025-03-25,Paid Search
CUST02605,Preeti Gupta,Female,47.0,Patna,Bihar,2023-02-19,Organic Search
CUST02606,Radhika Mehta,Female,35.0,Noida,Uttar Pradesh,2023-07-26,Paid Search
CUST02607,Arjun Kumar,Male,27.0,Ahmedabad,Gujarat,2024-11-27,Organic Search
CUST02608,Anjali Menon,Female,21.0,Lucknow,Uttar Pradesh,2023-11-11,Paid Search
CUST02609,Aditi Rao,Female,37.0,Chennai,Tamil Nadu,2025-01-11,Organic Search
CUST02610,Swati Gupta,Female,47.0,Chandigarh,Chandigarh,2024-03-21,Paid Search
CUST02611,Kunal Banerjee,Male,25.0,Hyderabad,Telangana,2025-07-08,Paid Search
CUST02612,Nikhil Banerjee,Male,29.0,Hyderabad,Telangana,2025-05-16,Organic Search
CUST02613,Varun Desai,Male,25.0,Ahmedabad,Gujarat,2024-08-09,Social Media
CUST02614,Aman Chauhan,Male,49.0,Kolkata,West Bengal,2025-04-09,Organic Search
CUST02615,Saanvi Saxena,Female,18.0,Coimbatore,Tamil Nadu,2023-12-25,Social Media
CUST02616,Deepak Singh,Male,46.0,Delhi,Delhi,2024-08-10,Direct
CUST02617,Gaurav Nair,Male,29.0,Lucknow,Uttar Pradesh,2023-09-30,Referral
CUST02618,Diya Saxena,Female,32.0,Hyderabad,Telangana,2025-06-18,Paid Search
CUST02619,Naveen Joshi,Male,30.0,Mumbai,Maharashtra,2025-05-19,Paid Search
CUST02620,Vihaan Iyer,Male,35.0,Noida,Uttar Pradesh,2025-07-20,Paid Search
CUST02621,Simran Chatterjee,Female,26.0,Patna,Bihar,2025-07-01,Paid Search
CUST02622,Sunita Chauhan,Female,44.0,Noida,Uttar Pradesh,2025-09-01,Organic Search
CUST02623,Kavya Chauhan,Female,44.0,Ahmedabad,Gujarat,2023-11-06,Organic Search
CUST02624,Tanvi Reddy,Female,23.0,Bhopal,Madhya Pradesh,2025-08-11,Direct
CUST02625,Aditi Rao,Female,40.0,Lucknow,Uttar Pradesh,2024-10-20,Organic Search
CUST02626,Ankit Malhotra,Male,29.0,Surat,Gujarat,2024-06-02,Paid Search
CUST02627,Radhika Gupta,Female,34.0,Mumbai,Maharashtra,2024-10-10,Organic Search
CUST02628,Anita Chauhan,Female,48.0,Mumbai,Maharashtra,2024-03-12,Organic Search
CUST02629,Ishita Sharma,Female,26.0,Delhi,Delhi,2024-01-14,Organic Search
CUST02630,Vivaan Chatterjee,Male,42.0,Bhopal,Madhya Pradesh,2023-11-21,Paid Search
CUST02631,Vikram Bansal,Male,38.0,Patna,Bihar,2023-05-04,Social Media
CUST02632,Siddharth Mishra,Male,31.0,Lucknow,Uttar Pradesh,2024-08-12,Direct
CUST02633,Saanvi Desai,Female,37.0,Delhi,Delhi,2025-07-09,Social Media
CUST02634,Meera Mukherjee,Female,35.0,Visakhapatnam,Andhra Pradesh,2024-12-11,Referral
CUST02635,Sanjay Malhotra,Male,21.0,Delhi,Delhi,2024-09-04,Social Media
CUST02636,Simran Chauhan,Female,27.0,Coimbatore,Tamil Nadu,2024-06-08,Organic Search
CUST02637,Anjali Sharma,Female,23.0,Ahmedabad,Gujarat,2024-07-13,Referral
CUST02638,Aadhya Desai,Female,30.0,Indore,Madhya Pradesh,2023-10-15,Paid Search
CUST02639,Arjun Bansal,Male,46.0,Delhi,Delhi,2025-05-19,Email
CUST02640,Ananya Mishra,Female,39.0,Hyderabad,Telangana,2023-10-01,Organic Search
CUST02641,Tanvi Iyer,Female,19.0,Kolkata,West Bengal,2025-02-22,Paid Search
CUST02642,Komal Mishra,Female,30.0,Kolkata,West Bengal,2025-03-30,Organic Search
CUST02643,Preeti Desai,Female,35.0,Mumbai,Maharashtra,2024-10-23,Organic Search
CUST02644,Riya Nair,Female,40.0,Pune,Maharashtra,2025-06-20,Social Media
CUST02645,Aman Saxena,Male,26.0,Mumbai,Maharashtra,2024-01-16,Referral
CUST02646,Nisha Verma,Female,21.0,Gurugram,Haryana,2025-07-04,Referral
CUST02647,Arjun Pandey,Male,32.0,Chennai,Tamil Nadu,2025-03-05,Referral
CUST02648,Shreya Mukherjee,Female,39.0,Chennai,Tamil Nadu,2025-04-30,Referral
CUST02649,Aditi Joshi,Female,35.0,Jaipur,Rajasthan,2025-01-10,Referral
CUST02650,Divya Yadav,Female,24.0,Visakhapatnam,Andhra Pradesh,2025-06-07,Social Media
CUST02651,Sneha Mishra,Female,51.0,Mumbai,Maharashtra,2025-09-25,Email
CUST02652,Aditya Pandey,Male,32.0,Nagpur,Maharashtra,2024-05-30,Organic Search
CUST02653,Vihaan Chatterjee,Male,35.0,Chandigarh,Chandigarh,2025-05-12,Direct
CUST02654,Riya Chopra,Female,26.0,Chennai,Tamil Nadu,2025-03-17,Paid Search
CUST02655,Manish Agarwal,Male,44.0,Mumbai,Maharashtra,2024-07-02,Organic Search
CUST02656,Vikram Nair,Male,39.0,Bengaluru,Karnataka,2025-08-07,Paid Search
CUST02657,Simran Rao,Female,36.0,Gurugram,Haryana,2024-05-05,Referral
CUST02658,Krishna Yadav,Male,21.0,Delhi,Delhi,2024-10-15,Social Media
CUST02659,Tarun Das,Male,44.0,Mumbai,Maharashtra,2023-06-05,Organic Search
CUST02660,Abhishek Shah,Male,41.0,Gurugram,Haryana,2023-11-03,Paid Search
CUST02661,Ananya Pandey,Female,43.0,Nashik,Maharashtra,2025-06-02,Email
CUST02662,Kunal Banerjee,Male,33.0,Chennai,Tamil Nadu,2024-05-07,Social Media
CUST02663,Komal Pandey,Female,32.0,Mumbai,Maharashtra,2024-05-04,Organic Search
CUST02664,Aman Kumar,Male,31.0,Jaipur,Rajasthan,2023-11-27,Email
CUST02665,Deepak Pandey,Male,56.0,Vadodara,Gujarat,2024-08-08,Social Media
CUST02666,Nikhil Menon,Male,28.0,Bengaluru,Karnataka,2025-05-06,Organic Search
CUST02667,Ishaan Reddy,Male,21.0,Delhi,Delhi,2025-07-14,Organic Search
CUST02668,Payal Iyer,Female,29.0,Chandigarh,Chandigarh,2023-04-16,Paid Search
CUST02669,Sanjay Desai,Male,28.0,Visakhapatnam,Andhra Pradesh,2024-10-23,Social Media
CUST02670,Karthik Rao,Male,46.0,Chennai,Tamil Nadu,2024-07-16,Direct
CUST02671,Ankit Kapoor,Male,19.0,Chandigarh,Chandigarh,2024-11-27,Direct
CUST02672,Harsh Mukherjee,Male,27.0,Jaipur,Rajasthan,2024-06-26,Social Media
CUST02673,Ananya Kapoor,Female,35.0,Gurugram,Haryana,2024-05-09,Paid Search
CUST02674,Aarav Nair,Male,,Mumbai,Maharashtra,2024-07-20,Organic Search
CUST02675,Payal Mehta,Female,40.0,Chennai,Tamil Nadu,2024-10-30,Social Media
CUST02676,Naveen Malhotra,Male,49.0,Kanpur,Uttar Pradesh,2024-08-17,Paid Search
CUST02677,Aditi Mukherjee,Female,,Ahmedabad,Gujarat,2024-07-20,Social Media
CUST02678,Meera Kumar,Female,31.0,Hyderabad,Telangana,2025-05-15,Direct
CUST02679,Naveen Kapoor,Male,42.0,Nagpur,Maharashtra,2025-03-18,Organic Search
CUST02680,Preeti Reddy,Female,19.0,Jaipur,Rajasthan,2024-03-11,Paid Search
CUST02681,Riya Nair,Female,18.0,Bengaluru,Karnataka,2025-05-02,Social Media
CUST02682,Shreya Chauhan,Female,43.0,Chennai,Tamil Nadu,2025-06-12,Paid Search
CUST02683,Neha Shah,Female,35.0,Indore,Madhya Pradesh,2023-08-07,Organic Search
CUST02684,Saanvi Menon,Female,43.0,Surat,Gujarat,2024-10-30,Social Media
CUST02685,Vihaan Gupta,Male,24.0,Chennai,Tamil Nadu,2024-01-10,Organic Search
CUST02686,Sneha Chatterjee,Female,46.0,Bengaluru,Karnataka,2025-03-13,Paid Search
CUST02687,Siddharth Mishra,Male,40.0,Delhi,Delhi,2023-11-18,Direct
CUST02688,Aditi Das,Female,33.0,Ludhiana,Punjab,2025-01-16,Paid Search
CUST02689,Radhika Pandey,Female,35.0,Ghaziabad,Uttar Pradesh,2023-12-07,Organic Search
CUST02690,Diya Das,Female,36.0,Surat,Gujarat,2024-08-26,Referral
CUST02691,Sneha Verma,Female,24.0,Pune,Maharashtra,2025-08-24,Organic Search
CUST02692,Rajesh Mukherjee,Male,29.0,Delhi,Delhi,2024-04-21,Organic Search
CUST02693,Rekha Shah,Female,36.0,Chennai,Tamil Nadu,2025-06-29,Direct
CUST02694,Yash Menon,Male,29.0,Kolkata,West Bengal,2025-09-21,Email
CUST02695,Priya Mehta,Female,18.0,Chennai,Tamil Nadu,2025-06-29,Organic Search
CUST02696,Neha Singh,Female,36.0,Bengaluru,Karnataka,2023-08-22,Social Media
CUST02697,Naveen Shah,Male,41.0,Delhi,Delhi,2025-05-17,Paid Search
CUST02698,Payal Menon,Female,44.0,Gurugram,Haryana,2023-02-20,Direct
CUST02699,Vihaan Yadav,Male,38.0,Pune,Maharashtra,2024-05-04,Social Media
CUST02700,Preeti Bansal,Female,,Nashik,Maharashtra,2025-06-26,Social Media
CUST02701,Sneha Verma,Female,43.0,Kanpur,Uttar Pradesh,2025-01-30,Organic Search
CUST02702,Ritu Bansal,Female,34.0,Ghaziabad,Uttar Pradesh,2024-09-15,
CUST02703,Juhi Sharma,Female,18.0,Bengaluru,Karnataka,2024-04-28,Organic Search
CUST02704,Yash Gupta,Male,45.0,Delhi,Delhi,2025-05-11,Social Media
CUST02705,Aarav Agarwal,Male,24.0,Surat,Gujarat,2025-02-17,Social Media
CUST02706,Varun Iyer,Male,22.0,Pune,Maharashtra,2024-07-17,Organic Search
CUST02707,Ankit Rao,Male,22.0,Mumbai,Maharashtra,2025-07-12,Organic Search
CUST02708,Vihaan Iyer,Male,58.0,Surat,Gujarat,2023-11-08,Paid Search
CUST02709,Juhi Mukherjee,Female,37.0,Delhi,Delhi,2023-08-28,Organic Search
CUST02710,Simran Desai,Female,23.0,Delhi,Delhi,2024-12-22,Referral
CUST02711,Rajesh Malhotra,Male,,Kochi,Kerala,2025-09-10,Referral
CUST02712,Saanvi Gupta,Female,33.0,Pune,Maharashtra,2023-11-28,Social Media
CUST02713,Saanvi Kumar,Female,38.0,Hyderabad,Telangana,2023-12-01,Direct
CUST02714,Suresh Chatterjee,Male,36.0,Mumbai,Maharashtra,2023-07-20,Social Media
CUST02715,Sneha Chauhan,Female,24.0,Chandigarh,Chandigarh,2025-06-18,Paid Search
CUST02716,Gaurav Agarwal,Male,36.0,Gurugram,Haryana,2023-11-04,Social Media
CUST02717,Rekha Patel,Female,27.0,Bengaluru,Karnataka,2024-08-19,Organic Search
CUST02718,Anjali Reddy,Female,43.0,Chennai,Tamil Nadu,2025-09-24,Organic Search
CUST02719,Ankit Iyer,Male,34.0,Lucknow,Uttar Pradesh,2023-01-20,Social Media
CUST02720,Vikram Chauhan,Male,25.0,Delhi,Delhi,2024-10-07,Organic Search
CUST02721,Anjali Saxena,Female,40.0,Pune,Maharashtra,2024-08-27,Referral
CUST02722,Krishna Gupta,Male,37.0,Bengaluru,Karnataka,2025-05-07,Organic Search
CUST02723,Kavya Banerjee,Female,28.0,Bengaluru,Karnataka,2024-03-25,
CUST02724,Ananya Nair,Female,40.0,Jaipur,Rajasthan,2024-05-21,Paid Search
CUST02725,Karthik Rao,Male,39.0,Hyderabad,Telangana,2023-08-25,
CUST02726,Kavya Banerjee,Female,45.0,Pune,Maharashtra,2025-03-14,Organic Search
CUST02727,Neha Chopra,Female,40.0,Bengaluru,Karnataka,2025-04-19,Paid Search
CUST02728,Nikhil Joshi,Male,31.0,Kolkata,West Bengal,2023-07-16,Organic Search
CUST02729,Ritu Menon,Female,18.0,Gurugram,Haryana,2024-05-04,Organic Search
CUST02730,Reyansh Chopra,Male,35.0,Kolkata,West Bengal,2025-07-13,Organic Search
CUST02731,Radhika Menon,Female,36.0,Kolkata,West Bengal,2023-01-05,
CUST02732,Ankit Kapoor,Male,34.0,Kolkata,West Bengal,2024-01-25,Referral
CUST02733,Vivaan Patel,Male,18.0,Agra,Uttar Pradesh,2024-10-05,Referral
CUST02734,Swati Nair,Female,40.0,Kanpur,Uttar Pradesh,2024-03-03,Paid Search
CUST02735,Priya Joshi,Female,24.0,Mumbai,Maharashtra,2023-12-26,Social Media
CUST02736,Vikram Mishra,Male,40.0,Delhi,Delhi,2024-07-09,Direct
CUST02737,Tanvi Sharma,Female,50.0,Jaipur,Rajasthan,2023-09-11,Paid Search
CUST02738,Manish Chopra,Male,30.0,Bhopal,Madhya Pradesh,2024-09-12,Direct
CUST02739,Aman Banerjee,Male,37.0,Delhi,Delhi,2025-02-14,Email
CUST02740,Swati Agarwal,Female,33.0,Kolkata,West Bengal,2024-10-24,Organic Search
CUST02741,Radhika Singh,Female,38.0,Lucknow,Uttar Pradesh,2023-05-19,Paid Search
CUST02742,Manish Joshi,Male,34.0,Ahmedabad,Gujarat,2025-06-05,Direct
CUST02743,Juhi Menon,Female,28.0,Nagpur,Maharashtra,2023-09-03,Organic Search
CUST02744,Diya Rao,Female,24.0,Hyderabad,Telangana,2025-04-03,Organic Search
CUST02745,Aditi Sharma,,49.0,Surat,Gujarat,2024-03-31,Organic Search
CUST02746,Radhika Mukherjee,Female,37.0,Visakhapatnam,Andhra Pradesh,2025-04-17,Organic Search
CUST02747,Krishna Nair,Male,41.0,Noida,Uttar Pradesh,2023-10-11,Organic Search
CUST02748,Aman Mishra,Male,37.0,Lucknow,Uttar Pradesh,2023-09-17,Paid Search
CUST02749,Preeti Agarwal,Female,43.0,Hyderabad,Telangana,2024-08-13,Email
CUST02750,Ananya Gupta,Female,24.0,Indore,Madhya Pradesh,2023-02-21,Organic Search
CUST02751,Naveen Rao,Male,34.0,Vadodara,Gujarat,2023-11-03,Referral
CUST02752,Reyansh Mehta,Male,38.0,Chennai,Tamil Nadu,2025-03-01,Direct
CUST02753,Rajesh Malhotra,Male,46.0,Ahmedabad,Gujarat,2025-05-31,Paid Search
CUST02754,Neha Joshi,Female,60.0,Delhi,Delhi,2023-05-02,Direct
CUST02755,Preeti Nair,Female,,Kanpur,Uttar Pradesh,2025-07-04,Social Media
CUST02756,Saanvi Shah,Female,26.0,Chennai,Tamil Nadu,2025-04-29,Organic Search
CUST02757,Tarun Chatterjee,Male,21.0,Delhi,Delhi,2025-06-25,Organic Search
CUST02758,Simran Mehta,Female,24.0,Pune,Maharashtra,2025-02-07,Paid Search
CUST02759,Yash Patel,Male,25.0,Kochi,Kerala,2025-01-18,Direct
CUST02760,Vihaan Yadav,Male,18.0,Mumbai,Maharashtra,2024-09-08,Organic Search
CUST02761,Deepak Saxena,Male,26.0,Kolkata,West Bengal,2024-12-31,Social Media
CUST02762,Kiran Agarwal,Female,40.0,Gurugram,Haryana,2025-08-01,Referral
CUST02763,Kiran Verma,Female,34.0,Noida,Uttar Pradesh,2023-05-29,Direct
CUST02764,Rahul Tiwari,Male,30.0,Hyderabad,Telangana,2024-02-12,Direct
CUST02765,Abhishek Chatterjee,Male,18.0,Delhi,Delhi,2023-04-20,Organic Search
CUST02766,Komal Mehta,Female,44.0,Chennai,Tamil Nadu,2025-08-21,Organic Search
CUST02767,Karthik Bansal,Male,38.0,Hyderabad,Telangana,2024-06-24,Organic Search
CUST02768,Aditya Sharma,Male,33.0,Kolkata,West Bengal,2025-01-19,Organic Search
CUST02769,Ishaan Sharma,Male,18.0,Jaipur,Rajasthan,2025-06-03,Referral
CUST02770,Vikram Agarwal,Male,28.0,Visakhapatnam,Andhra Pradesh,2025-09-24,Social Media
CUST02771,Rajesh Kumar,Male,37.0,Surat,Gujarat,2023-08-17,Direct
CUST02772,Komal Banerjee,Female,33.0,Coimbatore,Tamil Nadu,2025-05-01,Paid Search
CUST02773,Karthik Mukherjee,Male,35.0,Thane,Maharashtra,2025-07-08,Paid Search
CUST02774,Arjun Saxena,Male,40.0,Kolkata,West Bengal,2023-03-17,Organic Search
CUST02775,Meera Rao,Female,35.0,Delhi,Delhi,2025-03-25,Paid Search
CUST02776,Suresh Rao,Male,39.0,Vadodara,Gujarat,2024-03-25,Email
CUST02777,Payal Banerjee,Female,25.0,Indore,Madhya Pradesh,2024-12-27,Social Media
CUST02778,Naveen Banerjee,Male,21.0,Hyderabad,Telangana,2024-08-29,Email
CUST02779,Nisha Das,Female,38.0,Bengaluru,Karnataka,2023-12-12,Referral
CUST02780,Tarun Pandey,Male,40.0,Lucknow,Uttar Pradesh,2023-07-14,Organic Search
CUST02781,Meera Chopra,Female,38.0,Mumbai,Maharashtra,2023-06-20,Organic Search
CUST02782,Riya Chauhan,Female,34.0,Patna,Bihar,2023-06-02,Social Media
CUST02783,Rekha Iyer,Female,30.0,Bengaluru,Karnataka,2024-12-18,Paid Search
CUST02784,Juhi Bansal,Female,35.0,Jaipur,Rajasthan,2024-03-21,Organic Search
CUST02785,Reyansh Tiwari,Male,37.0,Hyderabad,Telangana,2023-10-23,Organic Search
CUST02786,Rohan Gupta,Male,37.0,Kolkata,West Bengal,2025-02-02,Direct
CUST02787,Sneha Chatterjee,,59.0,Vadodara,Gujarat,2025-01-29,Referral
CUST02788,Ishita Joshi,Female,24.0,Bengaluru,Karnataka,2024-09-21,Organic Search
CUST02789,Manish Joshi,Male,65.0,Mumbai,Maharashtra,2025-08-13,Social Media
CUST02790,Shreya Mukherjee,Female,20.0,Mumbai,Maharashtra,2024-04-26,Organic Search
CUST02791,Aadhya Yadav,Female,37.0,Mumbai,Maharashtra,2025-05-30,Organic Search
CUST02792,Rekha Shah,Female,21.0,Chennai,Tamil Nadu,2023-04-24,Organic Search
CUST02793,Saanvi Tiwari,Female,36.0,Mumbai,Maharashtra,2025-03-14,Organic Search
CUST02794,Kiran Yadav,Female,43.0,Chennai,Tamil Nadu,2025-09-22,
CUST02795,Gaurav Reddy,Male,33.0,Nagpur,Maharashtra,2025-06-07,Organic Search
CUST02796,Neha Sharma,Female,43.0,Rajkot,Gujarat,2024-10-28,Social Media
CUST02797,Vikram Chopra,Male,29.0,Bengaluru,Karnataka,2024-12-08,Referral
CUST02798,Vihaan Sharma,Male,18.0,Nashik,Maharashtra,2024-03-23,Organic Search
CUST02799,Aadhya Banerjee,Female,39.0,Kochi,Kerala,2025-01-22,Social Media
CUST02800,Kiran Joshi,Female,33.0,Surat,Gujarat,2025-04-07,Paid Search
CUST02801,Yash Saxena,Male,28.0,Thane,Maharashtra,2025-09-29,
CUST02802,Juhi Rao,Female,29.0,Kolkata,West Bengal,2024-08-09,Organic Search
CUST02803,Manish Chopra,Male,37.0,Mumbai,Maharashtra,2023-04-04,Referral
CUST02804,Ishaan Tiwari,Male,25.0,Noida,Uttar Pradesh,2024-11-11,Paid Search
CUST02805,Saanvi Chatterjee,Female,37.0,Gurugram,Haryana,2023-06-23,Organic Search
CUST02806,Payal Singh,Female,45.0,Hyderabad,Telangana,2023-11-25,Paid Search
CUST02807,Tarun Singh,Male,54.0,Delhi,Delhi,2024-02-26,Referral
CUST02808,Ishaan Iyer,Male,47.0,Mumbai,Maharashtra,2025-03-06,Social Media
CUST02809,Nisha Rao,,35.0,Kolkata,West Bengal,2023-09-14,Direct
CUST02810,Nikhil Rao,Male,36.0,Gurugram,Haryana,2023-08-22,
CUST02811,Sneha Banerjee,Female,29.0,Mumbai,Maharashtra,2023-03-11,Organic Search
CUST02812,Rohan Das,Male,28.0,Surat,Gujarat,2025-06-28,Organic Search
CUST02813,Divya Mehta,Female,42.0,Ludhiana,Punjab,2025-02-03,Paid Search
CUST02814,Siddharth Chatterjee,Male,30.0,Ahmedabad,Gujarat,2023-03-03,Paid Search
CUST02815,Gaurav Kapoor,Male,37.0,Surat,Gujarat,2023-02-14,Social Media
CUST02816,Rohan Das,Male,23.0,Chennai,Tamil Nadu,2024-10-09,Social Media
CUST02817,Meera Agarwal,Female,47.0,Mumbai,Maharashtra,2024-01-07,Organic Search
CUST02818,Rekha Reddy,Female,30.0,Kolkata,West Bengal,2024-11-12,Direct
CUST02819,Riya Iyer,Female,44.0,Mumbai,Maharashtra,2024-06-14,Paid Search
CUST02820,Aman Das,Male,26.0,Kanpur,Uttar Pradesh,2025-08-05,Social Media
CUST02821,Ishaan Mishra,Male,25.0,Hyderabad,Telangana,2024-01-13,Paid Search
CUST02822,Komal Desai,Female,46.0,Vadodara,Gujarat,2025-01-22,Social Media
CUST02823,Rajesh Reddy,Male,27.0,Jaipur,Rajasthan,2023-03-24,Direct
CUST02824,Sunita Verma,Female,,Gurugram,Haryana,2025-08-29,Organic Search
CUST02825,Arjun Mukherjee,Male,23.0,Thane,Maharashtra,2025-09-16,Paid Search
CUST02826,Ishita Tiwari,Female,42.0,Indore,Madhya Pradesh,2025-03-13,Social Media
CUST02827,Payal Malhotra,Female,41.0,Hyderabad,Telangana,2024-07-14,Referral
CUST02828,Naveen Menon,Male,25.0,Chennai,Tamil Nadu,2023-10-27,Social Media
CUST02829,Yash Gupta,Male,27.0,Thane,Maharashtra,2025-05-11,Organic Search
CUST02830,Preeti Singh,Female,40.0,Indore,Madhya Pradesh,2025-03-11,Social Media
CUST02831,Vihaan Agarwal,Male,46.0,Nagpur,Maharashtra,2023-10-30,Social Media
CUST02832,Simran Rao,Female,32.0,Mumbai,Maharashtra,2024-06-30,Organic Search
CUST02833,Aadhya Reddy,Female,39.0,Mumbai,Maharashtra,2024-07-11,Social Media
CUST02834,Manish Shah,Male,42.0,Mumbai,Maharashtra,2025-05-22,Paid Search
CUST02835,Radhika Pandey,Female,55.0,Mumbai,Maharashtra,2025-01-26,Organic Search
CUST02836,Siddharth Rao,Male,21.0,Visakhapatnam,Andhra Pradesh,2024-12-22,Organic Search
CUST02837,Kavya Patel,Female,26.0,Pune,Maharashtra,2024-12-28,Email
CUST02838,Aditya Iyer,Male,28.0,Kolkata,West Bengal,2023-12-25,Organic Search
CUST02839,Juhi Chopra,Female,41.0,Mumbai,Maharashtra,2024-04-11,Organic Search
CUST02840,Vivaan Menon,Male,30.0,Visakhapatnam,Andhra Pradesh,2023-03-12,Social Media
CUST02841,Karthik Agarwal,Male,36.0,Mumbai,Maharashtra,2025-04-21,Organic Search
CUST02842,Sanjay Malhotra,Male,34.0,Bengaluru,Karnataka,2024-06-12,Organic Search
CUST02843,Vivaan Nair,Male,33.0,Ghaziabad,Uttar Pradesh,2024-06-17,Direct
CUST02844,Sneha Pandey,Female,34.0,Nagpur,Maharashtra,2023-11-26,Social Media
CUST02845,Varun Gupta,Male,43.0,Mumbai,Maharashtra,2023-10-15,Organic Search
CUST02846,Arjun Agarwal,Male,23.0,Mumbai,Maharashtra,2024-11-04,Organic Search
CUST02847,Aman Mukherjee,Male,32.0,Ahmedabad,Gujarat,2023-11-11,Organic Search
CUST02848,Rahul Rao,Male,21.0,Jaipur,Rajasthan,2023-04-08,Email
CUST02849,Vihaan Menon,Male,35.0,Bengaluru,Karnataka,2025-04-05,Paid Search
CUST02850,Harsh Joshi,Male,31.0,Jaipur,Rajasthan,2024-04-16,Organic Search
CUST02851,Kavya Reddy,Female,44.0,Ahmedabad,Gujarat,2024-04-20,Direct
CUST02852,Simran Desai,Female,33.0,Jaipur,Rajasthan,2024-06-11,Social Media
CUST02853,Tanvi Mukherjee,Female,29.0,Indore,Madhya Pradesh,2025-05-13,Referral
CUST02854,Abhishek Bansal,Male,31.0,Ludhiana,Punjab,2024-02-18,Social Media
CUST02855,Juhi Patel,Female,50.0,Delhi,Delhi,2025-03-28,Direct
CUST02856,Anjali Nair,Female,18.0,Mumbai,Maharashtra,2025-08-17,Paid Search
CUST02857,Saanvi Mukherjee,Female,27.0,Delhi,Delhi,2025-01-07,Organic Search
CUST02858,Vivaan Chopra,Male,33.0,Delhi,Delhi,2024-06-11,Organic Search
CUST02859,Rohan Nair,Male,27.0,Hyderabad,Telangana,2025-03-20,Organic Search
CUST02860,Ishaan Rao,Male,38.0,Mumbai,Maharashtra,2024-07-06,Referral
CUST02861,Manish Pandey,Male,32.0,Ghaziabad,Uttar Pradesh,2024-05-25,Social Media
CUST02862,Saanvi Singh,Female,36.0,Ludhiana,Punjab,2024-09-08,Organic Search
CUST02863,Karthik Chopra,Male,34.0,Indore,Madhya Pradesh,2024-02-15,Organic Search
CUST02864,Varun Yadav,Male,32.0,Hyderabad,Telangana,2023-06-03,Social Media
CUST02865,Suresh Mehta,Male,20.0,Indore,Madhya Pradesh,2024-05-25,Paid Search
CUST02866,Rajesh Chatterjee,Male,35.0,Jaipur,Rajasthan,2023-06-29,
CUST02867,Suresh Mukherjee,Male,18.0,Lucknow,Uttar Pradesh,2024-05-21,Direct
CUST02868,Pranav Bansal,Male,26.0,Mumbai,Maharashtra,2024-10-07,Email
CUST02869,Tanvi Pandey,Female,38.0,Nashik,Maharashtra,2025-08-10,Organic Search
CUST02870,Gaurav Iyer,Male,45.0,Hyderabad,Telangana,2023-02-26,Social Media
CUST02871,Neha Nair,Female,56.0,Bengaluru,Karnataka,2024-12-04,Social Media
CUST02872,Kavya Nair,Female,29.0,Ahmedabad,Gujarat,2024-07-06,Referral
CUST02873,Juhi Patel,Female,24.0,Bengaluru,Karnataka,2023-02-01,Organic Search
CUST02874,Juhi Verma,Female,38.0,Guwahati,Assam,2023-12-01,Social Media
CUST02875,Arjun Pandey,Male,52.0,Lucknow,Uttar Pradesh,2023-06-22,Social Media
CUST02876,Kiran Rao,Female,48.0,Coimbatore,Tamil Nadu,2023-10-24,Paid Search
CUST02877,Kavya Sharma,Female,23.0,Noida,Uttar Pradesh,2023-12-29,Organic Search
CUST02878,Krishna Kumar,Male,32.0,Jaipur,Rajasthan,2024-05-12,Organic Search
CUST02879,Suresh Tiwari,Male,42.0,Vadodara,Gujarat,2024-09-12,Referral
CUST02880,Priya Verma,Female,42.0,Chandigarh,Chandigarh,2023-01-02,Organic Search
CUST02881,Tarun Malhotra,Male,39.0,Delhi,Delhi,2023-08-17,
CUST02882,Anjali Bansal,Female,29.0,Bengaluru,Karnataka,2023-05-19,Paid Search
CUST02883,Suresh Agarwal,Male,39.0,Ahmedabad,Gujarat,2024-10-01,Organic Search
CUST02884,Reyansh Nair,Male,42.0,Surat,Gujarat,2024-02-27,Social Media
CUST02885,Kiran Kapoor,Female,24.0,Visakhapatnam,Andhra Pradesh,2024-09-29,Organic Search
CUST02886,Sunita Reddy,Female,46.0,Hyderabad,Telangana,2023-10-29,Paid Search
CUST02887,Anjali Menon,Female,43.0,Ludhiana,Punjab,2023-02-08,Organic Search
CUST02888,Ishita Yadav,Female,26.0,Lucknow,Uttar Pradesh,2025-08-18,Paid Search
CUST02889,Nisha Desai,Female,42.0,Ahmedabad,Gujarat,2023-06-08,Social Media
CUST02890,Varun Banerjee,Male,41.0,Kanpur,Uttar Pradesh,2023-07-03,Referral
CUST02891,Anita Malhotra,Female,42.0,Ludhiana,Punjab,2023-07-29,Organic Search
CUST02892,Rajesh Agarwal,Male,49.0,Hyderabad,Telangana,2025-09-17,Organic Search
CUST02893,Aditya Mishra,Male,33.0,Ahmedabad,Gujarat,2024-11-30,Organic Search
CUST02894,Kiran Bansal,Female,36.0,Nagpur,Maharashtra,2024-11-24,Organic Search
CUST02895,Vivaan Banerjee,Male,18.0,Chennai,Tamil Nadu,2025-09-21,Paid Search
CUST02896,Meera Shah,Female,44.0,Delhi,Delhi,2023-05-12,Direct
CUST02897,Naveen Banerjee,Male,43.0,Agra,Uttar Pradesh,2025-09-12,Paid Search
CUST02898,Naveen Chatterjee,Male,47.0,Delhi,Delhi,2023-10-08,Organic Search
CUST02899,Nikhil Joshi,Male,24.0,Bengaluru,Karnataka,2024-12-05,Direct
CUST02900,Nisha Desai,Female,43.0,Nashik,Maharashtra,2024-05-30,Social Media
CUST02901,Preeti Shah,Female,43.0,Lucknow,Uttar Pradesh,2024-04-24,Paid Search
CUST02902,Ankit Yadav,Male,26.0,Chennai,Tamil Nadu,2025-08-11,Email
CUST02903,Kunal Menon,Male,44.0,Ahmedabad,Gujarat,2023-08-01,Social Media
CUST02904,Siddharth Bansal,Male,38.0,Delhi,Delhi,2025-09-28,Referral
CUST02905,Sanjay Sharma,Male,18.0,Mumbai,Maharashtra,2024-04-19,Organic Search
CUST02906,Payal Bansal,Female,39.0,Chandigarh,Chandigarh,2024-12-27,Paid Search
CUST02907,Kiran Das,Female,25.0,Mumbai,Maharashtra,2025-09-07,Social Media
CUST02908,Sanjay Menon,Male,18.0,Mumbai,Maharashtra,2023-03-29,Direct
CUST02909,Suresh Kumar,,37.0,Bhopal,Madhya Pradesh,2025-08-04,Social Media
CUST02910,Neha Pandey,Female,32.0,Coimbatore,Tamil Nadu,2024-10-17,Organic Search
CUST02911,Kunal Verma,Male,47.0,Indore,Madhya Pradesh,2025-02-12,Direct
CUST02912,Reyansh Singh,Male,35.0,Bengaluru,Karnataka,2023-08-01,Paid Search
CUST02913,Radhika Chauhan,Female,41.0,Bengaluru,Karnataka,2024-09-16,Paid Search
CUST02914,Nikhil Malhotra,Male,38.0,Noida,Uttar Pradesh,2025-01-17,Organic Search
CUST02915,Deepak Chauhan,Male,43.0,Nagpur,Maharashtra,2024-07-05,Referral
CUST02916,Pranav Saxena,Male,24.0,Ghaziabad,Uttar Pradesh,2023-08-09,Paid Search
CUST02917,Sneha Nair,Female,35.0,Chennai,Tamil Nadu,2023-11-24,Direct
CUST02918,Vihaan Yadav,Male,32.0,Visakhapatnam,Andhra Pradesh,2025-06-13,Paid Search
CUST02919,Divya Verma,Female,40.0,Kochi,Kerala,2023-02-23,Organic Search
CUST02920,Kunal Mishra,Male,36.0,Ahmedabad,Gujarat,2025-02-16,Email
CUST02921,Yash Kapoor,Male,27.0,Hyderabad,Telangana,2025-09-30,Organic Search
CUST02922,Juhi Mishra,Female,30.0,Mumbai,Maharashtra,2023-01-12,Organic Search
CUST02923,Vikram Das,,49.0,Thane,Maharashtra,2023-08-16,Direct
CUST02924,Karthik Desai,Male,18.0,Bengaluru,Karnataka,2025-01-18,Direct
CUST02925,Tarun Mishra,Male,40.0,Bengaluru,Karnataka,2023-04-02,Email
CUST02926,Komal Rao,Female,45.0,Surat,Gujarat,2024-11-06,Organic Search
CUST02927,Varun Nair,Male,39.0,Thane,Maharashtra,2025-01-26,Email
CUST02928,Ananya Chauhan,Female,53.0,Ahmedabad,Gujarat,2024-11-04,Social Media
CUST02929,Karthik Tiwari,Male,42.0,Gurugram,Haryana,2024-04-05,Paid Search
CUST02930,Vikram Malhotra,Male,37.0,Delhi,Delhi,2025-02-06,Paid Search
CUST02931,Nikhil Menon,Male,28.0,Pune,Maharashtra,2024-11-10,Paid Search
CUST02932,Pranav Singh,Male,37.0,Surat,Gujarat,2023-10-13,Organic Search
CUST02933,Aadhya Desai,Female,40.0,Surat,Gujarat,2024-10-13,Paid Search
CUST02934,Tarun Yadav,Male,33.0,Lucknow,Uttar Pradesh,2025-07-04,Organic Search
CUST02935,Simran Singh,Female,26.0,Surat,Gujarat,2025-01-12,Referral
CUST02936,Vivaan Reddy,Male,21.0,Patna,Bihar,2024-07-20,Direct
CUST02937,Simran Singh,Female,35.0,Vadodara,Gujarat,2024-02-19,Paid Search
CUST02938,Aman Nair,Male,18.0,Kochi,Kerala,2023-05-09,Direct
CUST02939,Aadhya Joshi,Female,28.0,Gurugram,Haryana,2023-11-25,Email
CUST02940,Ishaan Singh,Male,18.0,Kolkata,West Bengal,2023-01-18,Referral
CUST02941,Divya Banerjee,Female,41.0,Indore,Madhya Pradesh,2025-09-21,Direct
CUST02942,Riya Sharma,Female,,Ahmedabad,Gujarat,2023-10-30,Paid Search
CUST02943,Ishita Yadav,Female,34.0,Lucknow,Uttar Pradesh,2025-05-13,Referral
CUST02944,Kunal Malhotra,Male,51.0,Mumbai,Maharashtra,2023-08-26,Organic Search
CUST02945,Neha Kapoor,Female,46.0,Ahmedabad,Gujarat,2024-01-08,Direct
CUST02946,Pranav Chauhan,Male,,Chandigarh,Chandigarh,2024-05-29,Social Media
CUST02947,Ankit Kumar,Male,32.0,Kanpur,Uttar Pradesh,2024-02-22,Social Media
CUST02948,Manish Saxena,Male,30.0,Mumbai,Maharashtra,2025-04-30,Organic Search
CUST02949,Ritu Verma,Female,39.0,Pune,Maharashtra,2025-08-30,Organic Search
CUST02950,Naveen Chatterjee,Male,32.0,Ahmedabad,Gujarat,2025-06-29,Organic Search
CUST02951,Aadhya Sharma,Female,38.0,Vadodara,Gujarat,2023-08-07,Organic Search
CUST02952,Divya Mishra,Female,39.0,Delhi,Delhi,2025-04-13,Paid Search
CUST02953,Deepak Banerjee,Male,31.0,Jaipur,Rajasthan,2023-07-31,Organic Search
CUST02954,Sanjay Reddy,Male,44.0,Indore,Madhya Pradesh,2025-07-28,Direct
CUST02955,Ananya Chatterjee,Female,31.0,Jaipur,Rajasthan,2024-09-01,Referral
CUST02956,Reyansh Tiwari,Male,33.0,Bengaluru,Karnataka,2024-03-06,Paid Search
CUST02957,Ishaan Shah,Male,23.0,Patna,Bihar,2023-08-11,Referral
CUST02958,Manish Nair,Male,30.0,Patna,Bihar,2023-01-19,Social Media
CUST02959,Rekha Sharma,Female,55.0,Ahmedabad,Gujarat,2023-11-29,Direct
CUST02960,Tarun Shah,Male,24.0,Bengaluru,Karnataka,2025-07-29,Email
CUST02961,Rajesh Pandey,Male,37.0,Lucknow,Uttar Pradesh,2025-04-29,Social Media
CUST02962,Vivaan Banerjee,Male,28.0,Ahmedabad,Gujarat,2025-09-08,Organic Search
CUST02963,Nikhil Gupta,Male,18.0,Hyderabad,Telangana,2023-05-29,Email
CUST02964,Nisha Yadav,Female,39.0,Chennai,Tamil Nadu,2024-11-08,Email
CUST02965,Saanvi Chauhan,Female,27.0,Chennai,Tamil Nadu,2023-12-09,Organic Search
CUST02966,Shreya Saxena,Female,36.0,Ghaziabad,Uttar Pradesh,2024-09-24,Organic Search
CUST02967,Neha Verma,Female,43.0,Noida,Uttar Pradesh,2024-02-17,Direct
CUST02968,Rajesh Chatterjee,Male,35.0,Indore,Madhya Pradesh,2024-01-08,Direct
CUST02969,Nisha Pandey,Female,36.0,Mumbai,Maharashtra,2024-10-22,Social Media
CUST02970,Komal Singh,Female,24.0,Hyderabad,Telangana,2023-09-13,Organic Search
CUST02971,Ishita Nair,Female,40.0,Delhi,Delhi,2024-07-17,Paid Search
CUST02972,Saanvi Mishra,Female,31.0,Lucknow,Uttar Pradesh,2024-12-29,Organic Search
CUST02973,Vikram Gupta,Male,18.0,Jaipur,Rajasthan,2023-07-05,Referral
CUST02974,Sunita Chopra,Female,41.0,Kochi,Kerala,2025-08-10,Organic Search
CUST02975,Harsh Tiwari,Male,44.0,Chennai,Tamil Nadu,2024-08-21,Organic Search
CUST02976,Rekha Desai,Female,48.0,Delhi,Delhi,2025-05-17,Social Media
CUST02977,Vivaan Pandey,Male,55.0,Jaipur,Rajasthan,2025-01-01,Social Media
CUST02978,Ritu Bansal,Female,41.0,Ahmedabad,Gujarat,2025-02-17,Direct
CUST02979,Tanvi Yadav,Female,38.0,Delhi,Delhi,2025-02-22,Paid Search
CUST02980,Divya Desai,Female,44.0,Ahmedabad,Gujarat,2025-06-29,Organic Search
CUST02981,Naveen Gupta,Male,24.0,Bengaluru,Karnataka,2024-11-27,Organic Search
CUST02982,Aadhya Iyer,Female,18.0,Delhi,Delhi,2024-01-02,Social Media
CUST02983,Nisha Chauhan,Female,28.0,Kolkata,West Bengal,2023-05-28,Organic Search
CUST02984,Pooja Shah,Female,46.0,Vadodara,Gujarat,2024-11-20,Social Media
CUST02985,Kavya Rao,Female,26.0,Rajkot,Gujarat,2023-04-11,Paid Search
CUST02986,Diya Mukherjee,Female,38.0,Bengaluru,Karnataka,2023-11-21,Paid Search
CUST02987,Komal Menon,Female,39.0,Chennai,Tamil Nadu,2023-04-03,Organic Search
CUST02988,Gaurav Yadav,Male,,Ludhiana,Punjab,2024-09-30,Direct
CUST02989,Aarav Saxena,Male,20.0,Kochi,Kerala,2023-08-15,Social Media
CUST02990,Riya Singh,Female,36.0,Ludhiana,Punjab,2024-11-24,Paid Search
CUST02991,Anita Sharma,Female,29.0,Kolkata,West Bengal,2025-04-24,Paid Search
CUST02992,Manish Bansal,Male,50.0,Nashik,Maharashtra,2025-05-19,Paid Search
CUST02993,Suresh Gupta,Male,44.0,Indore,Madhya Pradesh,2024-02-06,Paid Search
CUST02994,Ankit Mehta,Male,29.0,Delhi,Delhi,2024-09-30,Referral
CUST02995,Kavya Nair,Female,51.0,Mumbai,Maharashtra,2024-10-13,Paid Search
CUST02996,Meera Reddy,Female,36.0,Gurugram,Haryana,2024-07-21,Organic Search
CUST02997,Kiran Kapoor,Female,18.0,Gurugram,Haryana,2025-01-02,
CUST02998,Aditya Reddy,Male,32.0,Chennai,Tamil Nadu,2023-10-16,Social Media
CUST02999,Karthik Desai,Male,49.0,Lucknow,Uttar Pradesh,2025-09-15,Organic Search
CUST03000,Priya Malhotra,Female,25.0,Hyderabad,Telangana,2023-05-26,Organic Search
CUST03001,Ankit Sharma,Male,32.0,Nagpur,Maharashtra,2025-05-24,Paid Search
CUST03002,Deepak Iyer,Male,19.0,Chennai,Tamil Nadu,2024-11-09,Social Media
CUST03003,Rohan Verma,Male,21.0,Hyderabad,Telangana,2023-11-25,Direct
CUST03004,Shreya Agarwal,Female,25.0,Chennai,Tamil Nadu,2025-03-18,Organic Search
CUST03005,Arjun Verma,Male,21.0,Chennai,Tamil Nadu,2023-05-07,Paid Search
CUST03006,Arjun Chauhan,Male,27.0,Gurugram,Haryana,2025-04-11,Organic Search
CUST03007,Krishna Chauhan,Male,50.0,Rajkot,Gujarat,2024-11-06,Paid Search
CUST03008,Kavya Mukherjee,Female,33.0,Delhi,Delhi,2023-06-12,Email
CUST03009,Manish Tiwari,Male,41.0,Bengaluru,Karnataka,2023-04-30,Organic Search
CUST03010,Rohan Nair,Male,44.0,Hyderabad,Telangana,2025-03-23,Direct
CUST03011,Manish Rao,Male,22.0,Mumbai,Maharashtra,2024-01-19,Organic Search
CUST03012,Reyansh Singh,Male,25.0,Pune,Maharashtra,2025-07-10,Email
CUST03013,Anita Chopra,Female,41.0,Kolkata,West Bengal,2025-04-01,Social Media
CUST03014,Kavya Menon,Female,27.0,Delhi,Delhi,2025-02-07,Social Media
CUST03015,Ankit Saxena,Male,40.0,Kochi,Kerala,2024-01-03,Referral
CUST03016,Saanvi Pandey,Female,50.0,Bhopal,Madhya Pradesh,2025-02-16,Social Media
CUST03017,Rahul Mukherjee,Male,18.0,Delhi,Delhi,2025-08-23,Email
CUST03018,Diya Chatterjee,Female,29.0,Indore,Madhya Pradesh,2023-05-17,Social Media
CUST03019,Rohan Mehta,Male,31.0,Hyderabad,Telangana,2024-02-24,Social Media
CUST03020,Naveen Kumar,Male,28.0,Surat,Gujarat,2023-11-14,Organic Search
CUST03021,Priya Mehta,Female,27.0,Kolkata,West Bengal,2024-05-03,Social Media
CUST03022,Ritu Das,Female,28.0,Delhi,Delhi,2025-03-16,Direct
CUST03023,Meera Kumar,Female,33.0,Chennai,Tamil Nadu,2024-07-22,Social Media
CUST03024,Anjali Pandey,Female,35.0,Noida,Uttar Pradesh,2024-10-20,Referral
CUST03025,Shreya Saxena,Female,43.0,Bhopal,Madhya Pradesh,2024-02-11,Direct
CUST03026,Diya Mehta,Female,33.0,Surat,Gujarat,2023-07-22,Organic Search
CUST03027,Arjun Kapoor,Male,44.0,Ludhiana,Punjab,2023-12-21,Social Media
CUST03028,Vihaan Menon,Male,27.0,Ghaziabad,Uttar Pradesh,2025-06-17,Direct
CUST03029,Diya Mukherjee,Female,21.0,Coimbatore,Tamil Nadu,2024-11-17,Organic Search
CUST03030,Kavya Bansal,Female,30.0,Delhi,Delhi,2024-04-18,Organic Search
CUST03031,Meera Desai,Female,38.0,Delhi,Delhi,2025-04-23,Organic Search
CUST03032,Reyansh Kapoor,Male,42.0,Patna,Bihar,2023-04-08,Direct
CUST03033,Vivaan Kumar,Male,48.0,Guwahati,Assam,2023-12-06,Direct
CUST03034,Kunal Mehta,Male,36.0,Pune,Maharashtra,2023-11-08,Direct
CUST03035,Payal Chauhan,Female,41.0,Noida,Uttar Pradesh,2025-09-20,Paid Search
CUST03036,Vihaan Saxena,Male,47.0,Lucknow,Uttar Pradesh,2025-02-14,Social Media
CUST03037,Preeti Das,Female,25.0,Mumbai,Maharashtra,2024-11-30,Organic Search
CUST03038,Karthik Shah,Male,31.0,Gurugram,Haryana,2023-01-08,Direct
CUST03039,Krishna Mukherjee,Male,61.0,Ludhiana,Punjab,2023-09-14,Direct
CUST03040,Aadhya Banerjee,Female,42.0,Pune,Maharashtra,2024-12-16,Social Media
CUST03041,Sanjay Kapoor,Male,38.0,Thane,Maharashtra,2024-04-20,Organic Search
CUST03042,Ananya Rao,Female,42.0,Hyderabad,Telangana,2025-08-05,Direct
CUST03043,Arjun Pandey,Male,20.0,Surat,Gujarat,2025-04-03,Direct
CUST03044,Yash Saxena,Male,27.0,Chennai,Tamil Nadu,2024-06-26,Direct
CUST03045,Aditi Mishra,Female,23.0,Pune,Maharashtra,2025-03-22,Paid Search
CUST03046,Pooja Saxena,Female,37.0,Lucknow,Uttar Pradesh,2025-09-12,Paid Search
CUST03047,Aarav Kumar,Male,29.0,Mumbai,Maharashtra,2024-07-09,Paid Search
CUST03048,Rohan Mehta,Male,34.0,Mumbai,Maharashtra,2024-12-22,Paid Search
CUST03049,Ritu Agarwal,Female,30.0,Mumbai,Maharashtra,2025-08-01,Direct
CUST03050,Aadhya Chatterjee,Female,18.0,Jaipur,Rajasthan,2023-11-30,Organic Search
CUST03051,Ishita Tiwari,Female,42.0,Chennai,Tamil Nadu,2025-07-08,Social Media
CUST03052,Simran Kumar,Female,18.0,Kolkata,West Bengal,2023-05-25,Direct
CUST03053,Harsh Rao,Male,26.0,Kolkata,West Bengal,2024-12-27,Organic Search
CUST03054,Riya Kapoor,Female,20.0,Mumbai,Maharashtra,2025-04-17,Paid Search
CUST03055,Riya Menon,Female,24.0,Patna,Bihar,2024-11-28,Email
CUST03056,Juhi Nair,Female,35.0,Nagpur,Maharashtra,2024-08-11,Paid Search
CUST03057,Aadhya Das,Female,45.0,Nagpur,Maharashtra,2024-11-30,Paid Search
CUST03058,Aadhya Yadav,Female,18.0,Mumbai,Maharashtra,2023-08-04,Email
CUST03059,Payal Menon,Female,27.0,Lucknow,Uttar Pradesh,2023-10-22,Organic Search
CUST03060,Vikram Verma,Male,18.0,Kolkata,West Bengal,2023-12-24,Social Media
CUST03061,Rajesh Bansal,Male,27.0,Bhopal,Madhya Pradesh,2024-11-13,Direct
CUST03062,Aditi Chopra,Female,34.0,Mumbai,Maharashtra,2024-06-21,Organic Search
CUST03063,Neha Mukherjee,Female,41.0,Thane,Maharashtra,2023-11-25,Organic Search
CUST03064,Karthik Desai,Male,18.0,Noida,Uttar Pradesh,2025-07-05,Organic Search
CUST03065,Naveen Iyer,Male,39.0,Ludhiana,Punjab,2024-04-14,Social Media
CUST03066,Ritu Singh,Female,23.0,Coimbatore,Tamil Nadu,2024-06-25,Paid Search
CUST03067,Simran Bansal,Female,21.0,Mumbai,Maharashtra,2024-05-20,Paid Search
CUST03068,Ritu Iyer,Female,34.0,Pune,Maharashtra,2023-09-11,Social Media
CUST03069,Varun Saxena,Male,39.0,Bengaluru,Karnataka,2025-03-07,Paid Search
CUST03070,Vivaan Saxena,Male,32.0,Pune,Maharashtra,2024-06-27,Social Media
CUST03071,Aman Rao,Male,22.0,Indore,Madhya Pradesh,2023-01-26,Referral
CUST03072,Saanvi Patel,Female,32.0,Thane,Maharashtra,2025-09-04,Paid Search
CUST03073,Sanjay Agarwal,Male,26.0,Guwahati,Assam,2025-05-14,Referral
CUST03074,Simran Agarwal,Female,39.0,Noida,Uttar Pradesh,2025-02-28,Paid Search
CUST03075,Simran Sharma,Female,44.0,Bengaluru,Karnataka,2025-06-24,Paid Search
CUST03076,Meera Das,Female,43.0,Chandigarh,Chandigarh,2025-07-23,Organic Search
CUST03077,Diya Reddy,Female,33.0,Rajkot,Gujarat,2024-03-07,Social Media
CUST03078,Neha Verma,Female,44.0,Indore,Madhya Pradesh,2024-11-24,Social Media
CUST03079,Meera Menon,Female,23.0,Bengaluru,Karnataka,2024-11-22,Referral
CUST03080,Vikram Singh,Male,51.0,Delhi,Delhi,2023-12-21,Social Media
CUST03081,Tarun Reddy,Male,23.0,Chennai,Tamil Nadu,2023-10-30,Referral
CUST03082,Rekha Das,Female,18.0,Mumbai,Maharashtra,2023-06-16,Organic Search
CUST03083,Aarav Mehta,Male,47.0,Bengaluru,Karnataka,2025-01-05,Social Media
CUST03084,Swati Nair,Female,,Mumbai,Maharashtra,2025-04-16,Paid Search
CUST03085,Karthik Chopra,Male,34.0,Pune,Maharashtra,2025-03-31,Organic Search
CUST03086,Ritu Yadav,Female,23.0,Surat,Gujarat,2024-02-13,Paid Search
CUST03087,Manish Chatterjee,Male,57.0,Delhi,Delhi,2023-10-10,Organic Search
CUST03088,Swati Joshi,Female,51.0,Nashik,Maharashtra,2024-07-02,Organic Search
CUST03089,Rahul Rao,Male,48.0,Mumbai,Maharashtra,2024-09-28,Paid Search
CUST03090,Tanvi Pandey,Female,34.0,Ahmedabad,Gujarat,2025-08-01,Direct
CUST03091,Karthik Gupta,Male,43.0,Kolkata,West Bengal,2025-06-29,Direct
CUST03092,Radhika Gupta,Female,32.0,Jaipur,Rajasthan,2025-07-30,Direct
CUST03093,Ishaan Verma,Male,44.0,Hyderabad,Telangana,2025-06-10,Organic Search
CUST03094,Ritu Singh,Female,29.0,Indore,Madhya Pradesh,2025-09-04,Organic Search
CUST03095,Pooja Desai,Female,49.0,Hyderabad,Telangana,2024-07-14,Organic Search
CUST03096,Diya Saxena,Female,28.0,Bengaluru,Karnataka,2023-03-15,Social Media
CUST03097,Ritu Desai,Female,30.0,Chennai,Tamil Nadu,2023-05-05,Direct
CUST03098,Sunita Mehta,Female,28.0,Delhi,Delhi,2024-04-30,Paid Search
CUST03099,Anita Yadav,Female,35.0,Noida,Uttar Pradesh,2023-12-10,Social Media
CUST03100,Sanjay Nair,Male,29.0,Pune,Maharashtra,2023-08-27,Organic Search
CUST03101,Neha Joshi,Female,38.0,Delhi,Delhi,2025-08-27,Social Media
CUST03102,Naveen Chatterjee,Male,28.0,Patna,Bihar,2023-09-28,Direct
CUST03103,Nisha Mukherjee,Female,41.0,Indore,Madhya Pradesh,2025-09-01,Social Media
CUST03104,Gaurav Singh,Male,48.0,Chennai,Tamil Nadu,2025-03-31,Social Media
CUST03105,Aman Mishra,Male,34.0,Kochi,Kerala,2024-12-20,Paid Search
CUST03106,Juhi Rao,Female,55.0,Kolkata,West Bengal,2025-01-19,Paid Search
CUST03107,Nikhil Desai,Male,44.0,Bengaluru,Karnataka,2024-02-29,Paid Search
CUST03108,Naveen Sharma,Male,54.0,Patna,Bihar,2024-12-25,Referral
CUST03109,Karthik Chatterjee,Male,32.0,Gurugram,Haryana,2023-09-17,Social Media
CUST03110,Kiran Bansal,Female,18.0,Bengaluru,Karnataka,2025-08-15,Organic Search
CUST03111,Aman Desai,Male,26.0,Mumbai,Maharashtra,2024-01-28,Paid Search
CUST03112,Yash Rao,Male,27.0,Surat,Gujarat,2023-12-07,Organic Search
CUST03113,Kiran Kapoor,Female,23.0,Thane,Maharashtra,2025-02-18,Organic Search
CUST03114,Preeti Bansal,Female,18.0,Bengaluru,Karnataka,2025-01-03,Organic Search
CUST03115,Siddharth Kumar,Male,43.0,Noida,Uttar Pradesh,2024-06-30,Referral
CUST03116,Saanvi Verma,Female,18.0,Delhi,Delhi,2024-12-13,Organic Search
CUST03117,Gaurav Chatterjee,Male,42.0,Vadodara,Gujarat,2023-08-14,Direct
CUST03118,Priya Chatterjee,Female,55.0,Nashik,Maharashtra,2025-01-17,Organic Search
CUST03119,Suresh Verma,Male,25.0,Delhi,Delhi,2023-12-25,Paid Search
CUST03120,Ishaan Malhotra,Male,37.0,Kolkata,West Bengal,2023-12-27,Referral
CUST03121,Ishaan Joshi,Male,29.0,Mumbai,Maharashtra,2023-08-18,Organic Search
CUST03122,Ritu Rao,Female,41.0,Lucknow,Uttar Pradesh,2024-03-01,Direct
CUST03123,Vihaan Reddy,Male,21.0,Pune,Maharashtra,2024-02-29,Social Media
CUST03124,Nisha Reddy,Female,32.0,Visakhapatnam,Andhra Pradesh,2024-07-03,Organic Search
CUST03125,Pranav Singh,Male,44.0,Kolkata,West Bengal,2023-09-22,Direct
CUST03126,Meera Mishra,Female,33.0,Hyderabad,Telangana,2023-09-25,Organic Search
CUST03127,Payal Verma,Female,18.0,Delhi,Delhi,2024-09-23,Organic Search
CUST03128,Rohan Verma,Male,45.0,Mumbai,Maharashtra,2023-07-06,Direct
CUST03129,Abhishek Bansal,Male,20.0,Pune,Maharashtra,2025-01-30,Organic Search
CUST03130,Ishaan Chatterjee,Male,34.0,Chandigarh,Chandigarh,2025-08-20,Social Media
CUST03131,Meera Yadav,Female,39.0,Visakhapatnam,Andhra Pradesh,2024-06-06,Organic Search
CUST03132,Vihaan Mukherjee,Male,34.0,Ahmedabad,Gujarat,2025-07-19,Direct
CUST03133,Simran Pandey,Female,58.0,Kochi,Kerala,2023-05-26,Paid Search
CUST03134,Aman Nair,Male,40.0,Delhi,Delhi,2023-03-08,Organic Search
CUST03135,Nisha Joshi,Female,31.0,Guwahati,Assam,2025-02-26,Direct
CUST03136,Aditi Shah,Female,39.0,Bengaluru,Karnataka,2025-03-31,Email
CUST03137,Rahul Chatterjee,Male,35.0,Delhi,Delhi,2025-06-04,Email
CUST03138,Sanjay Singh,Male,33.0,Agra,Uttar Pradesh,2023-03-28,Paid Search
CUST03139,Aadhya Banerjee,Female,35.0,Chennai,Tamil Nadu,2025-04-13,Social Media
CUST03140,Aditya Chatterjee,Male,29.0,Coimbatore,Tamil Nadu,2024-04-16,Organic Search
CUST03141,Aadhya Sharma,Female,35.0,Bhopal,Madhya Pradesh,2024-01-30,Paid Search
CUST03142,Divya Gupta,Female,28.0,Delhi,Delhi,2023-08-31,Paid Search
CUST03143,Rajesh Das,Male,18.0,Delhi,Delhi,2025-09-28,Paid Search
CUST03144,Arjun Chopra,Male,44.0,Chennai,Tamil Nadu,2023-04-07,Organic Search
CUST03145,Rohan Kapoor,Male,27.0,Pune,Maharashtra,2025-05-23,Referral
CUST03146,Abhishek Chopra,Male,34.0,Chennai,Tamil Nadu,2024-12-19,Organic Search
CUST03147,Pooja Banerjee,Female,25.0,Bengaluru,Karnataka,2025-03-10,Paid Search
CUST03148,Pooja Nair,Female,26.0,Bengaluru,Karnataka,2025-02-18,Social Media
CUST03149,Naveen Malhotra,Male,23.0,Kolkata,West Bengal,2025-06-16,Organic Search
CUST03150,Sunita Reddy,Female,42.0,Mumbai,Maharashtra,2023-09-14,Paid Search
CUST03151,Sanjay Desai,Male,45.0,Chennai,Tamil Nadu,2023-01-02,Organic Search
CUST03152,Simran Gupta,Female,33.0,Mumbai,Maharashtra,2024-11-13,Organic Search
CUST03153,Komal Das,Female,28.0,Nashik,Maharashtra,2024-03-24,Referral
CUST03154,Aman Chopra,Male,18.0,Surat,Gujarat,2023-06-29,Social Media
CUST03155,Sunita Rao,Female,41.0,Delhi,Delhi,2023-09-17,Paid Search
CUST03156,Aditi Mishra,Female,26.0,Visakhapatnam,Andhra Pradesh,2024-03-01,Organic Search
CUST03157,Pranav Gupta,Male,22.0,Kolkata,West Bengal,2023-04-17,Paid Search
CUST03158,Pranav Mehta,Male,33.0,Kolkata,West Bengal,2023-03-28,Organic Search
CUST03159,Sneha Malhotra,Female,30.0,Bengaluru,Karnataka,2025-07-30,Organic Search
CUST03160,Gaurav Yadav,Male,18.0,Ahmedabad,Gujarat,2024-02-08,Paid Search
CUST03161,Rajesh Singh,Male,19.0,Nashik,Maharashtra,2025-09-17,Social Media
CUST03162,Arjun Gupta,Male,,Delhi,Delhi,2025-09-04,Organic Search
CUST03163,Pooja Chatterjee,Female,26.0,Surat,Gujarat,2023-07-24,Organic Search
CUST03164,Naveen Nair,Male,38.0,Bengaluru,Karnataka,2025-02-21,Social Media
CUST03165,Aditya Das,Male,34.0,Chennai,Tamil Nadu,2024-11-15,Organic Search
CUST03166,Siddharth Chauhan,Male,43.0,Pune,Maharashtra,2025-02-01,Organic Search
CUST03167,Vivaan Reddy,Male,25.0,Delhi,Delhi,2023-05-23,Direct
CUST03168,Swati Sharma,Female,35.0,Mumbai,Maharashtra,2023-09-19,Organic Search
CUST03169,Vikram Malhotra,Male,39.0,Kolkata,West Bengal,2023-04-26,Social Media
CUST03170,Ananya Das,Female,27.0,Chennai,Tamil Nadu,2024-11-18,
CUST03171,Pranav Mukherjee,Male,44.0,Chandigarh,Chandigarh,2025-09-21,Organic Search
CUST03172,Kavya Bansal,Female,18.0,Nagpur,Maharashtra,2025-01-16,Paid Search
CUST03173,Vivaan Chauhan,Male,,Coimbatore,Tamil Nadu,2025-02-18,Social Media
CUST03174,Radhika Kumar,Female,18.0,Gurugram,Haryana,2025-09-19,
CUST03175,Rohan Yadav,Male,26.0,Mumbai,Maharashtra,2025-01-21,Organic Search
CUST03176,Payal Das,Female,31.0,Rajkot,Gujarat,2023-03-04,Direct
CUST03177,Suresh Pandey,Male,41.0,Noida,Uttar Pradesh,2025-06-23,Organic Search
CUST03178,Ankit Joshi,Male,31.0,Chennai,Tamil Nadu,2024-04-04,Referral
CUST03179,Anjali Pandey,Female,27.0,Lucknow,Uttar Pradesh,2023-01-07,Paid Search
CUST03180,Nikhil Yadav,Male,18.0,Hyderabad,Telangana,2024-08-22,Social Media
CUST03181,Yash Rao,Male,21.0,Mumbai,Maharashtra,2025-08-15,Paid Search
CUST03182,Payal Kapoor,Female,36.0,Bengaluru,Karnataka,2023-12-10,Social Media
CUST03183,Riya Joshi,Female,42.0,Mumbai,Maharashtra,2024-08-08,Social Media
CUST03184,Radhika Das,Female,29.0,Kolkata,West Bengal,2023-09-01,Paid Search
CUST03185,Swati Singh,Female,45.0,Lucknow,Uttar Pradesh,2023-03-30,Referral
CUST03186,Rahul Sharma,Male,24.0,Mumbai,Maharashtra,2023-05-01,Direct
CUST03187,Aman Nair,Male,29.0,Bengaluru,Karnataka,2025-03-03,Organic Search
CUST03188,Kavya Banerjee,Female,30.0,Mumbai,Maharashtra,2025-06-20,Organic Search
CUST03189,Sanjay Das,Male,48.0,Noida,Uttar Pradesh,2023-07-25,Referral
CUST03190,Rahul Mukherjee,Male,34.0,Vadodara,Gujarat,2024-01-13,Organic Search
CUST03191,Nikhil Kumar,Male,18.0,Mumbai,Maharashtra,2023-09-27,Referral
CUST03192,Gaurav Yadav,Male,43.0,Vadodara,Gujarat,2023-02-12,Organic Search
CUST03193,Ankit Chopra,Male,51.0,Ghaziabad,Uttar Pradesh,2024-10-04,Organic Search
CUST03194,Rohan Chauhan,Male,31.0,Vadodara,Gujarat,2025-02-09,Organic Search
CUST03195,Shreya Pandey,Female,24.0,Rajkot,Gujarat,2024-12-26,Organic Search
CUST03196,Aadhya Yadav,Female,42.0,Chennai,Tamil Nadu,2024-04-28,Email
CUST03197,Neha Kapoor,Female,53.0,Bengaluru,Karnataka,2024-10-05,Paid Search
CUST03198,Aarav Chatterjee,Male,41.0,Nashik,Maharashtra,2023-05-20,Direct
CUST03199,Harsh Kapoor,Male,18.0,Ghaziabad,Uttar Pradesh,2023-08-08,Paid Search
CUST03200,Pooja Mehta,Female,41.0,Bengaluru,Karnataka,2025-08-11,
CUST03201,Krishna Mishra,Male,37.0,Jaipur,Rajasthan,2025-03-31,Social Media
CUST03202,Karthik Desai,Male,23.0,Pune,Maharashtra,2025-08-04,Organic Search
CUST03203,Ananya Joshi,Female,46.0,Kolkata,West Bengal,2025-07-31,Direct
CUST03204,Nisha Joshi,Female,37.0,Jaipur,Rajasthan,2024-12-28,Paid Search
CUST03205,Yash Malhotra,Male,46.0,Mumbai,Maharashtra,2025-08-08,Social Media
CUST03206,Riya Malhotra,Female,22.0,Chennai,Tamil Nadu,2024-05-27,Paid Search
CUST03207,Priya Verma,Female,37.0,Bengaluru,Karnataka,2023-01-06,Paid Search
CUST03208,Aditi Menon,Female,24.0,Mumbai,Maharashtra,2023-04-06,Organic Search
CUST03209,Siddharth Saxena,Male,35.0,Kolkata,West Bengal,2023-06-10,Organic Search
CUST03210,Rekha Agarwal,Female,48.0,Ahmedabad,Gujarat,2023-05-22,Direct
CUST03211,Juhi Patel,Female,19.0,Chennai,Tamil Nadu,2024-03-22,Referral
CUST03212,Arjun Menon,Male,19.0,Delhi,Delhi,2025-02-10,Direct
CUST03213,Ishita Chatterjee,Female,43.0,Kolkata,West Bengal,2025-04-24,Social Media
CUST03214,Sunita Saxena,Female,33.0,Bengaluru,Karnataka,2024-11-06,Social Media
CUST03215,Reyansh Tiwari,Male,45.0,Mumbai,Maharashtra,2023-07-29,Direct
CUST03216,Ishaan Gupta,Male,25.0,Visakhapatnam,Andhra Pradesh,2025-03-20,Paid Search
CUST03217,Yash Mehta,Male,34.0,Surat,Gujarat,2024-03-25,Direct
CUST03218,Neha Gupta,Female,40.0,Pune,Maharashtra,2023-01-21,Paid Search
CUST03219,Vikram Patel,Male,35.0,Surat,Gujarat,2024-01-05,Social Media
CUST03220,Deepak Chatterjee,Male,18.0,Hyderabad,Telangana,2024-02-28,Paid Search
CUST03221,Rohan Desai,Male,61.0,Delhi,Delhi,2023-12-29,Organic Search
CUST03222,Aadhya Yadav,Female,35.0,Ahmedabad,Gujarat,2025-05-11,Organic Search
CUST03223,Swati Gupta,Female,20.0,Patna,Bihar,2025-03-30,Direct
CUST03224,Tarun Reddy,Male,36.0,Jaipur,Rajasthan,2025-02-05,Social Media
CUST03225,Radhika Desai,Female,37.0,Patna,Bihar,2023-07-19,Organic Search
CUST03226,Pranav Chatterjee,Male,43.0,Coimbatore,Tamil Nadu,2025-05-07,Direct
CUST03227,Harsh Rao,Male,42.0,Bengaluru,Karnataka,2025-01-20,Direct
CUST03228,Swati Patel,Female,31.0,Chandigarh,Chandigarh,2023-09-27,Social Media
CUST03229,Arjun Chopra,Male,18.0,Lucknow,Uttar Pradesh,2024-12-27,Organic Search
CUST03230,Ananya Mehta,Female,38.0,Pune,Maharashtra,2024-07-31,Organic Search
CUST03231,Shreya Malhotra,Female,18.0,Kolkata,West Bengal,2024-06-18,Referral
CUST03232,Anita Mishra,Female,45.0,Chennai,Tamil Nadu,2023-06-14,Organic Search
CUST03233,Ankit Shah,Male,26.0,Mumbai,Maharashtra,2024-09-02,Organic Search
CUST03234,Ankit Chopra,Male,39.0,Mumbai,Maharashtra,2023-05-28,Organic Search
CUST03235,Yash Yadav,Male,26.0,Hyderabad,Telangana,2023-08-20,Social Media
CUST03236,Rekha Desai,Female,28.0,Delhi,Delhi,2023-07-11,
CUST03237,Meera Rao,Female,25.0,Mumbai,Maharashtra,2025-08-28,Direct
CUST03238,Radhika Mehta,Female,40.0,Mumbai,Maharashtra,2024-01-10,Referral
CUST03239,Komal Bansal,Female,27.0,Kochi,Kerala,2024-03-25,Direct
CUST03240,Deepak Rao,Male,41.0,Bengaluru,Karnataka,2024-02-19,Organic Search
CUST03241,Simran Yadav,Female,27.0,Kochi,Kerala,2025-07-17,Paid Search
CUST03242,Anita Chauhan,Female,31.0,Pune,Maharashtra,2024-10-13,Social Media
CUST03243,Sanjay Pandey,Male,33.0,Delhi,Delhi,2025-08-02,Direct
CUST03244,Divya Yadav,Female,35.0,Delhi,Delhi,2024-01-26,Paid Search
CUST03245,Ishita Mishra,Female,24.0,Delhi,Delhi,2023-06-17,Organic Search
CUST03246,Swati Mishra,Female,40.0,Ahmedabad,Gujarat,2024-10-07,Social Media
CUST03247,Aditi Banerjee,Female,30.0,Delhi,Delhi,2024-03-15,Social Media
CUST03248,Rajesh Reddy,Male,38.0,Ghaziabad,Uttar Pradesh,2025-05-03,
CUST03249,Tanvi Patel,Female,33.0,Ahmedabad,Gujarat,2025-07-02,Paid Search
CUST03250,Reyansh Iyer,Male,39.0,Pune,Maharashtra,2024-07-21,Paid Search
CUST03251,Meera Mehta,Female,29.0,Kolkata,West Bengal,2025-09-09,Paid Search
CUST03252,Abhishek Chauhan,Male,25.0,Lucknow,Uttar Pradesh,2024-10-04,Organic Search
CUST03253,Riya Chauhan,Female,37.0,Guwahati,Assam,2023-12-25,Social Media
CUST03254,Karthik Chatterjee,Male,28.0,Chennai,Tamil Nadu,2024-08-05,Organic Search
CUST03255,Tarun Yadav,Male,48.0,Hyderabad,Telangana,2023-02-27,Organic Search
CUST03256,Aman Kapoor,Male,34.0,Kochi,Kerala,2025-05-04,Paid Search
CUST03257,Preeti Joshi,Female,19.0,Guwahati,Assam,2023-05-30,Organic Search
CUST03258,Ishaan Yadav,Male,27.0,Visakhapatnam,Andhra Pradesh,2024-02-05,Social Media
CUST03259,Aman Yadav,Male,23.0,Patna,Bihar,2024-10-15,Social Media
CUST03260,Vikram Bansal,Male,44.0,Ahmedabad,Gujarat,2023-03-08,Social Media
CUST03261,Kunal Das,Male,41.0,Pune,Maharashtra,2023-04-30,Organic Search
CUST03262,Pooja Rao,Female,32.0,Hyderabad,Telangana,2025-02-05,Organic Search
CUST03263,Vivaan Menon,Male,36.0,Surat,Gujarat,2023-04-19,Social Media
CUST03264,Krishna Malhotra,Male,32.0,Ghaziabad,Uttar Pradesh,2024-07-25,Organic Search
CUST03265,Rajesh Mishra,Male,42.0,Ahmedabad,Gujarat,2024-03-08,Organic Search
CUST03266,Arjun Chopra,Male,38.0,Pune,Maharashtra,2023-11-06,Email
CUST03267,Krishna Bansal,Male,40.0,Visakhapatnam,Andhra Pradesh,2023-09-20,Organic Search
CUST03268,Kunal Reddy,Male,31.0,Bengaluru,Karnataka,2025-04-02,Paid Search
CUST03269,Tarun Chatterjee,Male,27.0,Surat,Gujarat,2025-08-26,Organic Search
CUST03270,Rajesh Agarwal,Male,40.0,Visakhapatnam,Andhra Pradesh,2023-07-21,Organic Search
CUST03271,Deepak Pandey,Male,49.0,Mumbai,Maharashtra,2025-09-01,Referral
CUST03272,Ishita Mukherjee,Female,44.0,Bengaluru,Karnataka,2024-11-10,Email
CUST03273,Harsh Sharma,Male,49.0,Mumbai,Maharashtra,2024-12-21,Organic Search
CUST03274,Shreya Pandey,Female,35.0,Mumbai,Maharashtra,2025-02-17,Organic Search
CUST03275,Pooja Gupta,Female,23.0,Kolkata,West Bengal,2025-02-12,Paid Search
CUST03276,Anjali Mukherjee,Female,24.0,Nagpur,Maharashtra,2025-05-17,Social Media
CUST03277,Aditya Banerjee,Male,47.0,Ahmedabad,Gujarat,2024-07-31,Social Media
CUST03278,Nisha Tiwari,Female,18.0,Surat,Gujarat,2024-09-16,Organic Search
CUST03279,Swati Singh,Female,48.0,Delhi,Delhi,2024-02-21,Direct
CUST03280,Radhika Kapoor,Female,25.0,Ludhiana,Punjab,2023-06-04,Referral
CUST03281,Komal Rao,Female,52.0,Ahmedabad,Gujarat,2025-01-10,Social Media
CUST03282,Aarav Chatterjee,Male,32.0,Indore,Madhya Pradesh,2023-02-22,Direct
CUST03283,Sneha Menon,Female,40.0,Delhi,Delhi,2023-12-30,Organic Search
CUST03284,Radhika Nair,Female,57.0,Ghaziabad,Uttar Pradesh,2023-05-20,Organic Search
CUST03285,Rohan Pandey,Male,30.0,Kolkata,West Bengal,2023-09-22,Organic Search
CUST03286,Naveen Chopra,Male,30.0,Noida,Uttar Pradesh,2024-12-19,Organic Search
CUST03287,Saanvi Pandey,Female,26.0,Ahmedabad,Gujarat,2024-12-10,Organic Search
CUST03288,Vivaan Yadav,Male,23.0,Nashik,Maharashtra,2024-05-31,Direct
CUST03289,Payal Menon,Female,30.0,Chennai,Tamil Nadu,2023-05-15,Referral
CUST03290,Reyansh Verma,Male,27.0,Delhi,Delhi,2024-06-13,Social Media
CUST03291,Diya Reddy,Female,20.0,Nagpur,Maharashtra,2024-03-23,Social Media
CUST03292,Gaurav Nair,Male,31.0,Delhi,Delhi,2025-02-26,Organic Search
CUST03293,Rekha Singh,Female,37.0,Patna,Bihar,2024-10-27,Organic Search
CUST03294,Ankit Kumar,Male,24.0,Hyderabad,Telangana,2024-08-08,Paid Search
CUST03295,Meera Sharma,Female,31.0,Bhopal,Madhya Pradesh,2024-08-03,Social Media
CUST03296,Pranav Chatterjee,Male,47.0,Kolkata,West Bengal,2025-09-06,Social Media
CUST03297,Rahul Patel,Male,19.0,Pune,Maharashtra,2025-03-27,Social Media
CUST03298,Krishna Reddy,Male,52.0,Thane,Maharashtra,2024-08-13,Direct
CUST03299,Aditya Banerjee,Male,26.0,Lucknow,Uttar Pradesh,2024-07-27,Organic Search
CUST03300,Aadhya Kumar,Female,35.0,Lucknow,Uttar Pradesh,2023-02-11,Organic Search
CUST03301,Aditya Verma,Male,46.0,Lucknow,Uttar Pradesh,2025-08-19,Organic Search
CUST03302,Kunal Agarwal,Male,49.0,Jaipur,Rajasthan,2024-02-16,Direct
CUST03303,Swati Pandey,Female,38.0,Vadodara,Gujarat,2023-12-08,Paid Search
CUST03304,Manish Nair,Male,26.0,Hyderabad,Telangana,2025-09-30,Paid Search
CUST03305,Siddharth Chatterjee,Male,25.0,Delhi,Delhi,2025-02-24,Direct
CUST03306,Saanvi Reddy,Female,27.0,Thane,Maharashtra,2023-03-14,Paid Search
CUST03307,Gaurav Chatterjee,Male,52.0,Pune,Maharashtra,2023-04-05,Organic Search
CUST03308,Anjali Gupta,Female,29.0,Coimbatore,Tamil Nadu,2023-02-10,Organic Search
CUST03309,Neha Chatterjee,Female,36.0,Noida,Uttar Pradesh,2024-11-14,Paid Search
CUST03310,Krishna Chatterjee,Male,23.0,Nashik,Maharashtra,2023-04-19,Social Media
CUST03311,Pooja Rao,Female,21.0,Pune,Maharashtra,2025-08-12,Direct
CUST03312,Aditi Pandey,Female,33.0,Bhopal,Madhya Pradesh,2025-08-15,Organic Search
CUST03313,Ankit Menon,Male,30.0,Hyderabad,Telangana,2024-09-27,Social Media
CUST03314,Preeti Kumar,Female,30.0,Mumbai,Maharashtra,2024-11-29,Organic Search
CUST03315,Reyansh Agarwal,Male,18.0,Visakhapatnam,Andhra Pradesh,2024-01-17,Referral
CUST03316,Aditi Kumar,Female,32.0,Visakhapatnam,Andhra Pradesh,2023-04-08,Organic Search
CUST03317,Shreya Gupta,Female,48.0,Mumbai,Maharashtra,2025-03-12,Organic Search
CUST03318,Tarun Iyer,Male,24.0,Nashik,Maharashtra,2023-05-31,Paid Search
CUST03319,Kunal Bansal,Male,42.0,Rajkot,Gujarat,2023-05-08,Direct
CUST03320,Arjun Tiwari,Male,18.0,Hyderabad,Telangana,2024-02-08,Organic Search
CUST03321,Radhika Kapoor,Female,25.0,Mumbai,Maharashtra,2023-01-20,Organic Search
CUST03322,Radhika Pandey,Female,18.0,Nashik,Maharashtra,2024-06-13,Organic Search
CUST03323,Vikram Joshi,Male,45.0,Mumbai,Maharashtra,2025-02-15,
CUST03324,Tarun Patel,Male,42.0,Bengaluru,Karnataka,2025-05-02,Paid Search
CUST03325,Shreya Das,Female,23.0,Pune,Maharashtra,2024-11-19,Direct
CUST03326,Aditya Agarwal,Male,36.0,Vadodara,Gujarat,2025-06-07,Organic Search
CUST03327,Deepak Gupta,Male,45.0,Visakhapatnam,Andhra Pradesh,2024-05-17,Paid Search
CUST03328,Yash Menon,Male,47.0,Kanpur,Uttar Pradesh,2025-06-09,Paid Search
CUST03329,Saanvi Gupta,Female,29.0,Ghaziabad,Uttar Pradesh,2024-08-22,
CUST03330,Rohan Iyer,Male,18.0,Kanpur,Uttar Pradesh,2023-10-31,Paid Search
CUST03331,Divya Das,Female,24.0,Lucknow,Uttar Pradesh,2025-08-20,Paid Search
CUST03332,Nisha Chopra,Female,41.0,Delhi,Delhi,2023-12-30,Organic Search
CUST03333,Manish Nair,Male,54.0,Chennai,Tamil Nadu,2023-02-11,Paid Search
CUST03334,Payal Singh,Female,32.0,Chennai,Tamil Nadu,2023-11-23,Social Media
CUST03335,Pranav Banerjee,Male,27.0,Mumbai,Maharashtra,2024-04-06,Paid Search
CUST03336,Deepak Singh,Male,57.0,Ahmedabad,Gujarat,2024-03-21,Paid Search
CUST03337,Ishita Gupta,Female,37.0,Bengaluru,Karnataka,2024-09-08,Referral
CUST03338,Rahul Chopra,Male,21.0,Mumbai,Maharashtra,2025-07-05,Social Media
CUST03339,Radhika Desai,Female,32.0,Pune,Maharashtra,2024-01-18,Social Media
CUST03340,Divya Mukherjee,Female,43.0,Bengaluru,Karnataka,2024-09-04,Organic Search
CUST03341,Reyansh Patel,Male,32.0,Delhi,Delhi,2024-03-09,Email
CUST03342,Komal Mishra,Female,41.0,Patna,Bihar,2025-05-18,Organic Search
CUST03343,Komal Chauhan,Female,18.0,Vadodara,Gujarat,2023-08-12,Organic Search
CUST03344,Ankit Chauhan,Male,19.0,Lucknow,Uttar Pradesh,2023-06-02,Paid Search
CUST03345,Vivaan Verma,Male,26.0,Delhi,Delhi,2024-08-18,Direct
CUST03346,Juhi Gupta,Female,30.0,Surat,Gujarat,2025-01-16,Organic Search
CUST03347,Ishaan Banerjee,Male,36.0,Indore,Madhya Pradesh,2025-04-28,Paid Search
CUST03348,Sanjay Reddy,Male,39.0,Bengaluru,Karnataka,2024-11-06,
CUST03349,Naveen Nair,Male,58.0,Delhi,Delhi,2025-04-10,Organic Search
CUST03350,Harsh Chopra,Male,26.0,Chennai,Tamil Nadu,2024-05-03,Paid Search
CUST03351,Vivaan Tiwari,Male,30.0,Chennai,Tamil Nadu,2023-02-21,Organic Search
CUST03352,Riya Desai,Female,26.0,Delhi,Delhi,2023-06-19,Referral
CUST03353,Rekha Sharma,Female,44.0,Delhi,Delhi,2023-03-02,Organic Search
CUST03354,Tanvi Verma,Female,44.0,Kolkata,West Bengal,2024-02-27,Social Media
CUST03355,Siddharth Shah,Male,29.0,Pune,Maharashtra,2024-08-11,Organic Search
CUST03356,Krishna Sharma,Male,54.0,Pune,Maharashtra,2024-03-26,Organic Search
CUST03357,Vihaan Kumar,Male,26.0,Kochi,Kerala,2024-10-10,Paid Search
CUST03358,Suresh Verma,Male,43.0,Mumbai,Maharashtra,2024-07-28,Paid Search
CUST03359,Sunita Reddy,Female,48.0,Patna,Bihar,2025-01-21,Organic Search
CUST03360,Vivaan Verma,Male,19.0,Hyderabad,Telangana,2025-01-12,Organic Search
CUST03361,Komal Mishra,Female,39.0,Bhopal,Madhya Pradesh,2024-02-15,Organic Search
CUST03362,Deepak Mukherjee,Male,18.0,Thane,Maharashtra,2024-03-16,Email
CUST03363,Priya Chauhan,Female,41.0,Surat,Gujarat,2024-11-02,Referral
CUST03364,Shreya Malhotra,Female,22.0,Surat,Gujarat,2024-11-12,Organic Search
CUST03365,Ritu Chatterjee,Female,39.0,Lucknow,Uttar Pradesh,2024-02-11,Organic Search
CUST03366,Pooja Chatterjee,Female,41.0,Thane,Maharashtra,2024-02-28,Organic Search
CUST03367,Juhi Chopra,Female,44.0,Delhi,Delhi,2025-02-04,Social Media
CUST03368,Swati Rao,Female,42.0,Ahmedabad,Gujarat,2024-12-26,Organic Search
CUST03369,Karthik Mukherjee,Male,34.0,Ludhiana,Punjab,2023-07-14,Organic Search
CUST03370,Aarav Singh,Male,29.0,Pune,Maharashtra,2024-06-20,Social Media
CUST03371,Sunita Bansal,Female,32.0,Delhi,Delhi,2025-07-12,Social Media
CUST03372,Rahul Rao,Male,22.0,Noida,Uttar Pradesh,2023-02-26,Paid Search
CUST03373,Simran Patel,Female,31.0,Kochi,Kerala,2025-06-14,Social Media
CUST03374,Aditya Agarwal,Male,30.0,Kolkata,West Bengal,2023-08-19,Organic Search
CUST03375,Shreya Gupta,Female,25.0,Pune,Maharashtra,2024-08-22,Organic Search
CUST03376,Rajesh Tiwari,Male,18.0,Bengaluru,Karnataka,2024-06-04,Social Media
CUST03377,Sneha Malhotra,Female,20.0,Kolkata,West Bengal,2023-01-17,Social Media
CUST03378,Ankit Agarwal,Male,18.0,Noida,Uttar Pradesh,2025-07-30,Organic Search
CUST03379,Gaurav Gupta,Male,30.0,Bengaluru,Karnataka,2024-07-04,Organic Search
CUST03380,Saanvi Das,Female,37.0,Hyderabad,Telangana,2025-08-28,Organic Search
CUST03381,Sanjay Sharma,Male,18.0,Coimbatore,Tamil Nadu,2024-01-12,Direct
CUST03382,Ishaan Rao,Male,35.0,Ahmedabad,Gujarat,2025-06-22,Organic Search
CUST03383,Preeti Chopra,Female,32.0,Noida,Uttar Pradesh,2025-08-04,Direct
CUST03384,Komal Shah,Female,21.0,Hyderabad,Telangana,2024-10-07,Direct
CUST03385,Naveen Malhotra,Male,29.0,Mumbai,Maharashtra,2023-10-07,Paid Search
CUST03386,Diya Das,Female,44.0,Noida,Uttar Pradesh,2025-01-27,Referral
CUST03387,Ishaan Mishra,Male,23.0,Bengaluru,Karnataka,2024-09-30,Organic Search
CUST03388,Manish Banerjee,Male,34.0,Nagpur,Maharashtra,2025-08-21,Organic Search
CUST03389,Radhika Rao,Female,36.0,Mumbai,Maharashtra,2024-06-18,Paid Search
CUST03390,Deepak Pandey,Male,25.0,Bhopal,Madhya Pradesh,2023-12-22,Social Media
CUST03391,Nikhil Banerjee,Male,43.0,Bengaluru,Karnataka,2023-07-18,Direct
CUST03392,Karthik Reddy,Male,37.0,Vadodara,Gujarat,2025-02-07,Paid Search
CUST03393,Komal Menon,Female,30.0,Noida,Uttar Pradesh,2025-09-12,Organic Search
CUST03394,Pooja Chatterjee,Female,57.0,Mumbai,Maharashtra,2023-02-14,Organic Search
CUST03395,Vivaan Shah,Male,43.0,Ahmedabad,Gujarat,2025-03-14,Paid Search
CUST03396,Aditi Bansal,Female,18.0,Indore,Madhya Pradesh,2025-08-07,Social Media
CUST03397,Juhi Yadav,Female,29.0,Guwahati,Assam,2023-04-23,Social Media
CUST03398,Vivaan Chatterjee,Male,58.0,Ahmedabad,Gujarat,2023-06-11,Referral
CUST03399,Saanvi Sharma,Female,23.0,Guwahati,Assam,2025-02-02,Organic Search
CUST03400,Ishaan Singh,Male,34.0,Coimbatore,Tamil Nadu,2024-12-27,Paid Search
CUST03401,Pranav Mukherjee,Male,45.0,Indore,Madhya Pradesh,2023-04-15,Organic Search
CUST03402,Abhishek Mehta,Male,40.0,Ahmedabad,Gujarat,2025-05-28,Social Media
CUST03403,Sanjay Rao,Male,41.0,Pune,Maharashtra,2024-09-06,Email
CUST03404,Kiran Mukherjee,Female,40.0,Indore,Madhya Pradesh,2025-07-23,Paid Search
CUST03405,Diya Kapoor,Female,33.0,Kanpur,Uttar Pradesh,2025-07-01,Paid Search
CUST03406,Riya Patel,Female,25.0,Bengaluru,Karnataka,2025-05-11,Organic Search
CUST03407,Tarun Malhotra,Male,37.0,Pune,Maharashtra,2024-08-30,Direct
CUST03408,Aditya Singh,Male,29.0,Ludhiana,Punjab,2023-12-03,Social Media
CUST03409,Aditya Das,Male,28.0,Kolkata,West Bengal,2024-08-21,Referral
CUST03410,Suresh Malhotra,Male,48.0,Pune,Maharashtra,2023-05-29,Organic Search
CUST03411,Ananya Reddy,Female,29.0,Hyderabad,Telangana,2025-01-05,Organic Search
CUST03412,Kavya Chauhan,Female,50.0,Delhi,Delhi,2023-07-13,Paid Search
CUST03413,Aadhya Bansal,Female,36.0,Mumbai,Maharashtra,2024-08-26,Paid Search
CUST03414,Priya Pandey,Female,31.0,Ahmedabad,Gujarat,2023-03-25,Paid Search
CUST03415,Karthik Nair,Male,18.0,Surat,Gujarat,2024-01-26,Organic Search
CUST03416,Vikram Mishra,Male,54.0,Bhopal,Madhya Pradesh,2023-11-11,Paid Search
CUST03417,Manish Banerjee,Male,33.0,Mumbai,Maharashtra,2024-12-02,
CUST03418,Anjali Rao,Female,18.0,Hyderabad,Telangana,2025-04-21,Organic Search
CUST03419,Tarun Desai,Male,43.0,Vadodara,Gujarat,2023-03-29,Social Media
CUST03420,Tarun Pandey,Male,32.0,Delhi,Delhi,2025-06-10,Email
CUST03421,Divya Pandey,Female,24.0,Guwahati,Assam,2025-06-18,Organic Search
CUST03422,Vihaan Mehta,Male,42.0,Surat,Gujarat,2024-03-12,Direct
CUST03423,Meera Kumar,Female,18.0,Gurugram,Haryana,2025-01-05,Direct
CUST03424,Aarav Chatterjee,Male,26.0,Indore,Madhya Pradesh,2024-05-13,Social Media
CUST03425,Vivaan Tiwari,Male,30.0,Noida,Uttar Pradesh,2023-08-08,Email
CUST03426,Vikram Tiwari,Male,42.0,Lucknow,Uttar Pradesh,2024-09-11,Social Media
CUST03427,Nisha Reddy,Female,55.0,Bengaluru,Karnataka,2023-05-09,Organic Search
CUST03428,Nisha Gupta,Female,31.0,Vadodara,Gujarat,2025-07-02,Organic Search
CUST03429,Sanjay Chopra,Male,38.0,Bengaluru,Karnataka,2025-08-05,Paid Search
CUST03430,Meera Shah,Female,60.0,Pune,Maharashtra,2025-05-18,Organic Search
CUST03431,Aditi Shah,Female,33.0,Ahmedabad,Gujarat,2024-10-12,Direct
CUST03432,Neha Agarwal,Female,38.0,Patna,Bihar,2024-10-08,Direct
CUST03433,Priya Shah,Female,21.0,Bhopal,Madhya Pradesh,2025-09-19,Paid Search
CUST03434,Aadhya Bansal,Female,53.0,Nashik,Maharashtra,2023-11-29,Social Media
CUST03435,Vihaan Mishra,Male,26.0,Bengaluru,Karnataka,2023-04-25,Direct
CUST03436,Arjun Kumar,Male,36.0,Guwahati,Assam,2024-10-12,Email
CUST03437,Abhishek Das,Male,35.0,Vadodara,Gujarat,2024-02-26,Organic Search
CUST03438,Ankit Chopra,Male,34.0,Ahmedabad,Gujarat,2024-02-20,Direct
CUST03439,Neha Das,Female,29.0,Delhi,Delhi,2023-01-12,Social Media
CUST03440,Shreya Mishra,Female,35.0,Hyderabad,Telangana,2024-11-11,Organic Search
CUST03441,Yash Gupta,Male,51.0,Delhi,Delhi,2023-12-17,Organic Search
CUST03442,Nisha Saxena,Female,56.0,Surat,Gujarat,2023-09-19,Email
CUST03443,Meera Das,Female,31.0,Delhi,Delhi,2023-03-04,Organic Search
CUST03444,Varun Shah,Male,29.0,Chennai,Tamil Nadu,2024-04-04,Referral
CUST03445,Neha Desai,Female,25.0,Lucknow,Uttar Pradesh,2025-07-02,Email
CUST03446,Tarun Kapoor,Male,60.0,Chennai,Tamil Nadu,2024-03-06,Organic Search
CUST03447,Harsh Sharma,Male,34.0,Rajkot,Gujarat,2025-01-22,Organic Search
CUST03448,Aditya Chauhan,Male,44.0,Bengaluru,Karnataka,2025-03-27,Paid Search
CUST03449,Ritu Gupta,Female,40.0,Pune,Maharashtra,2024-02-26,Organic Search
CUST03450,Rahul Shah,,55.0,Chandigarh,Chandigarh,2025-05-18,Social Media
CUST03451,Deepak Joshi,Male,31.0,Hyderabad,Telangana,2025-02-02,Direct
CUST03452,Ananya Bansal,Female,22.0,Kolkata,West Bengal,2024-10-09,Social Media
CUST03453,Kavya Kapoor,Female,52.0,Gurugram,Haryana,2023-01-02,Paid Search
CUST03454,Kunal Desai,Male,42.0,Kolkata,West Bengal,2023-02-24,Referral
CUST03455,Tarun Banerjee,Male,38.0,Nashik,Maharashtra,2025-09-24,Direct
CUST03456,Neha Mukherjee,Female,48.0,Gurugram,Haryana,2025-04-17,Direct
CUST03457,Simran Menon,Female,38.0,Bengaluru,Karnataka,2025-08-15,Organic Search
CUST03458,Aditya Reddy,Male,49.0,Patna,Bihar,2025-07-20,Organic Search
CUST03459,Sanjay Nair,Male,35.0,Lucknow,Uttar Pradesh,2023-02-02,Social Media
CUST03460,Pranav Pandey,Male,42.0,Kochi,Kerala,2025-04-25,Organic Search
CUST03461,Nisha Iyer,Female,38.0,Jaipur,Rajasthan,2024-06-30,Paid Search
CUST03462,Kavya Agarwal,Female,30.0,Patna,Bihar,2025-04-23,Referral
CUST03463,Radhika Desai,Female,31.0,Hyderabad,Telangana,2023-01-11,Direct
CUST03464,Aarav Shah,Male,29.0,Jaipur,Rajasthan,2024-01-13,Organic Search
CUST03465,Sunita Kumar,Female,36.0,Visakhapatnam,Andhra Pradesh,2025-03-23,Referral
CUST03466,Nikhil Singh,Male,28.0,Noida,Uttar Pradesh,2025-04-26,Paid Search
CUST03467,Meera Banerjee,Female,37.0,Bengaluru,Karnataka,2024-12-02,Social Media
CUST03468,Rajesh Shah,Male,37.0,Mumbai,Maharashtra,2024-01-28,Organic Search
CUST03469,Nikhil Mehta,Male,35.0,Kochi,Kerala,2024-02-07,Organic Search
CUST03470,Siddharth Chauhan,Male,35.0,Jaipur,Rajasthan,2025-09-06,Email
CUST03471,Vivaan Banerjee,Male,27.0,Mumbai,Maharashtra,2024-06-18,Social Media
CUST03472,Abhishek Rao,Male,,Kolkata,West Bengal,2024-06-26,Referral
CUST03473,Divya Patel,Female,18.0,Gurugram,Haryana,2024-10-03,Organic Search
CUST03474,Aadhya Chatterjee,Female,32.0,Kochi,Kerala,2024-05-20,Organic Search
CUST03475,Anita Mehta,Female,23.0,Hyderabad,Telangana,2024-10-03,Organic Search
CUST03476,Sunita Verma,Female,34.0,Visakhapatnam,Andhra Pradesh,2024-06-12,Social Media
CUST03477,Sanjay Pandey,Male,26.0,Chennai,Tamil Nadu,2025-05-22,Social Media
CUST03478,Simran Joshi,Female,18.0,Ahmedabad,Gujarat,2025-07-25,Paid Search
CUST03479,Abhishek Yadav,Male,56.0,Bhopal,Madhya Pradesh,2025-08-11,Organic Search
CUST03480,Vivaan Agarwal,Male,31.0,Bengaluru,Karnataka,2024-10-14,Organic Search
CUST03481,Ankit Sharma,Male,47.0,Chennai,Tamil Nadu,2024-06-21,Organic Search
CUST03482,Siddharth Kapoor,Male,28.0,Bengaluru,Karnataka,2025-02-13,Organic Search
CUST03483,Nisha Kumar,Female,50.0,Delhi,Delhi,2025-05-31,Direct
CUST03484,Ishaan Gupta,Male,21.0,Ahmedabad,Gujarat,2024-10-13,Organic Search
CUST03485,Sanjay Sharma,Male,35.0,Noida,Uttar Pradesh,2025-02-09,Organic Search
CUST03486,Rekha Chauhan,Female,22.0,Chennai,Tamil Nadu,2025-03-22,Email
CUST03487,Harsh Joshi,Male,59.0,Kanpur,Uttar Pradesh,2025-01-20,Direct
CUST03488,Swati Bansal,Female,31.0,Bengaluru,Karnataka,2025-03-19,Social Media
CUST03489,Harsh Kapoor,Male,41.0,Nashik,Maharashtra,2023-10-14,Organic Search
CUST03490,Tanvi Kumar,Female,38.0,Surat,Gujarat,2024-08-14,Paid Search
CUST03491,Shreya Desai,Female,33.0,Noida,Uttar Pradesh,2024-11-04,Organic Search
CUST03492,Yash Singh,Male,38.0,Hyderabad,Telangana,2023-01-04,Organic Search
CUST03493,Pooja Verma,Female,47.0,Pune,Maharashtra,2025-06-14,Social Media
CUST03494,Karthik Nair,Male,40.0,Delhi,Delhi,2024-11-24,Referral
CUST03495,Karthik Gupta,Male,35.0,Delhi,Delhi,2023-07-06,Organic Search
CUST03496,Anita Chopra,Female,38.0,Jaipur,Rajasthan,2025-05-14,Social Media
CUST03497,Riya Desai,Female,52.0,Vadodara,Gujarat,2025-02-23,Social Media
CUST03498,Rahul Malhotra,Male,29.0,Delhi,Delhi,2025-03-29,Paid Search
CUST03499,Manish Mishra,Male,18.0,Nagpur,Maharashtra,2024-05-02,Organic Search
CUST03500,Varun Nair,Male,22.0,Kanpur,Uttar Pradesh,2025-06-13,Direct
CUST03501,Shreya Das,Female,23.0,Kolkata,West Bengal,2024-05-24,Organic Search
CUST03502,Saanvi Iyer,Female,24.0,Visakhapatnam,Andhra Pradesh,2024-10-19,Organic Search
CUST03503,Rohan Kumar,Male,25.0,Jaipur,Rajasthan,2023-01-02,Organic Search
CUST03504,Priya Chauhan,Female,33.0,Gurugram,Haryana,2024-12-24,Social Media
CUST03505,Kunal Joshi,Male,35.0,Bhopal,Madhya Pradesh,2025-02-24,Direct
CUST03506,Rekha Desai,Female,35.0,Rajkot,Gujarat,2024-10-16,Organic Search
CUST03507,Swati Mehta,Female,26.0,Ahmedabad,Gujarat,2024-08-12,
CUST03508,Sunita Yadav,Female,43.0,Vadodara,Gujarat,2025-05-09,Direct
CUST03509,Vivaan Mukherjee,Male,38.0,Guwahati,Assam,2025-01-24,Social Media
CUST03510,Vihaan Gupta,Male,49.0,Delhi,Delhi,2024-01-02,Direct
CUST03511,Deepak Rao,Male,41.0,Kolkata,West Bengal,2025-08-31,
CUST03512,Kiran Chatterjee,Female,30.0,Nashik,Maharashtra,2025-02-15,Email
CUST03513,Sunita Nair,Female,46.0,Ahmedabad,Gujarat,2025-09-22,Paid Search
CUST03514,Sanjay Singh,Male,36.0,Kolkata,West Bengal,2025-09-09,Organic Search
CUST03515,Ishaan Rao,Male,41.0,Thane,Maharashtra,2025-08-01,Social Media
CUST03516,Sanjay Sharma,Male,40.0,Ghaziabad,Uttar Pradesh,2025-03-26,Paid Search
CUST03517,Juhi Shah,Female,32.0,Delhi,Delhi,2024-11-23,Paid Search
CUST03518,Komal Kapoor,Female,34.0,Ahmedabad,Gujarat,2023-08-30,Paid Search
CUST03519,Karthik Das,Male,32.0,Ahmedabad,Gujarat,2024-09-25,Organic Search
CUST03520,Neha Iyer,Female,24.0,Delhi,Delhi,2025-04-03,Social Media
CUST03521,Kunal Tiwari,Male,18.0,Mumbai,Maharashtra,2024-09-04,Paid Search
CUST03522,Shreya Verma,Female,26.0,Thane,Maharashtra,2025-06-24,Referral
CUST03523,Manish Kapoor,Male,35.0,Ludhiana,Punjab,2023-06-10,Organic Search
CUST03524,Sanjay Desai,Male,44.0,Noida,Uttar Pradesh,2024-04-21,Social Media
CUST03525,Aadhya Mukherjee,Female,41.0,Noida,Uttar Pradesh,2024-08-21,Paid Search
CUST03526,Divya Mehta,Female,30.0,Guwahati,Assam,2024-06-12,Organic Search
CUST03527,Abhishek Mukherjee,Male,26.0,Mumbai,Maharashtra,2023-06-09,Paid Search
CUST03528,Sneha Banerjee,Female,31.0,Ahmedabad,Gujarat,2023-08-07,
CUST03529,Rajesh Kumar,Male,23.0,Mumbai,Maharashtra,2025-05-31,Email
CUST03530,Tarun Mehta,Male,18.0,Kanpur,Uttar Pradesh,2024-08-01,Organic Search
CUST03531,Saanvi Chatterjee,Female,18.0,Noida,Uttar Pradesh,2023-03-16,Referral
CUST03532,Radhika Iyer,Female,47.0,Mumbai,Maharashtra,2023-01-27,Organic Search
CUST03533,Nikhil Singh,Male,52.0,Pune,Maharashtra,2024-07-21,Paid Search
CUST03534,Shreya Mehta,Female,41.0,Pune,Maharashtra,2023-08-20,Social Media
CUST03535,Ananya Joshi,Female,32.0,Delhi,Delhi,2025-02-13,Organic Search
CUST03536,Sanjay Chopra,Male,19.0,Ghaziabad,Uttar Pradesh,2025-04-27,Organic Search
CUST03537,Tarun Agarwal,Male,31.0,Ahmedabad,Gujarat,2023-11-06,Organic Search
CUST03538,Yash Das,Male,39.0,Chennai,Tamil Nadu,2024-11-08,Paid Search
CUST03539,Radhika Verma,Female,41.0,Noida,Uttar Pradesh,2023-08-08,Paid Search
CUST03540,Ritu Shah,Female,40.0,Bengaluru,Karnataka,2024-01-30,Direct
CUST03541,Tarun Chopra,Male,45.0,Ahmedabad,Gujarat,2025-07-09,Organic Search
CUST03542,Reyansh Reddy,Male,52.0,Visakhapatnam,Andhra Pradesh,2024-09-25,Direct
CUST03543,Aditya Malhotra,Male,29.0,Kolkata,West Bengal,2025-07-07,Direct
CUST03544,Riya Kapoor,Female,61.0,Jaipur,Rajasthan,2023-11-03,Organic Search
CUST03545,Diya Mukherjee,Female,18.0,Kolkata,West Bengal,2024-02-28,Email
CUST03546,Krishna Rao,Male,25.0,Bengaluru,Karnataka,2024-07-19,Direct
CUST03547,Divya Gupta,Female,35.0,Delhi,Delhi,2024-07-28,Organic Search
CUST03548,Rahul Chopra,Male,38.0,Ludhiana,Punjab,2025-09-29,Paid Search
CUST03549,Sneha Mehta,Female,31.0,Bengaluru,Karnataka,2023-06-17,
CUST03550,Shreya Reddy,Female,28.0,Guwahati,Assam,2025-06-11,Social Media
CUST03551,Juhi Singh,Female,55.0,Mumbai,Maharashtra,2025-06-20,Referral
CUST03552,Gaurav Chopra,Male,28.0,Rajkot,Gujarat,2024-10-04,Paid Search
CUST03553,Anjali Tiwari,Female,23.0,Gurugram,Haryana,2024-03-14,Organic Search
CUST03554,Tanvi Banerjee,Female,50.0,Mumbai,Maharashtra,2024-09-03,Social Media
CUST03555,Simran Nair,Female,41.0,Surat,Gujarat,2024-01-18,Organic Search
CUST03556,Radhika Mukherjee,Female,44.0,Patna,Bihar,2025-04-30,Social Media
CUST03557,Rekha Iyer,Female,35.0,Surat,Gujarat,2024-08-14,Paid Search
CUST03558,Siddharth Rao,Male,19.0,Rajkot,Gujarat,2025-08-07,Paid Search
CUST03559,Ishaan Saxena,Male,34.0,Delhi,Delhi,2024-12-05,Direct
CUST03560,Sneha Tiwari,Female,18.0,Noida,Uttar Pradesh,2024-08-29,Social Media
CUST03561,Aarav Desai,Male,35.0,Pune,Maharashtra,2025-02-18,Social Media
CUST03562,Preeti Sharma,Female,40.0,Hyderabad,Telangana,2024-08-19,
CUST03563,Diya Iyer,Female,44.0,Pune,Maharashtra,2025-07-21,Organic Search
CUST03564,Pooja Patel,Female,32.0,Hyderabad,Telangana,2023-09-14,Social Media
CUST03565,Kiran Joshi,Female,40.0,Chennai,Tamil Nadu,2025-09-11,Paid Search
CUST03566,Komal Iyer,Female,24.0,Delhi,Delhi,2025-05-11,Social Media
CUST03567,Ritu Menon,Female,43.0,Ludhiana,Punjab,2025-06-18,Referral
CUST03568,Payal Mishra,Female,40.0,Ahmedabad,Gujarat,2024-07-30,Direct
CUST03569,Siddharth Mishra,Male,25.0,Chennai,Tamil Nadu,2025-05-31,Paid Search
CUST03570,Vikram Reddy,Male,38.0,Chandigarh,Chandigarh,2024-02-03,Referral
CUST03571,Yash Desai,Male,44.0,Chandigarh,Chandigarh,2025-04-01,Organic Search
CUST03572,Sunita Chauhan,Female,34.0,Patna,Bihar,2023-07-21,Social Media
CUST03573,Rajesh Tiwari,Male,25.0,Mumbai,Maharashtra,2024-02-03,Referral
CUST03574,Ananya Agarwal,Female,35.0,Chandigarh,Chandigarh,2024-06-25,Social Media
CUST03575,Gaurav Gupta,Male,39.0,Delhi,Delhi,2024-02-19,Social Media
CUST03576,Aman Malhotra,Male,25.0,Chennai,Tamil Nadu,2024-04-27,Referral
CUST03577,Diya Banerjee,Female,23.0,Coimbatore,Tamil Nadu,2025-05-17,Organic Search
CUST03578,Suresh Reddy,Male,38.0,Mumbai,Maharashtra,2023-12-09,Email
CUST03579,Juhi Pandey,Female,41.0,Delhi,Delhi,2025-03-18,Social Media
CUST03580,Rajesh Kapoor,Male,54.0,Jaipur,Rajasthan,2023-04-22,Social Media
CUST03581,Rohan Mishra,Male,40.0,Chennai,Tamil Nadu,2025-04-04,Direct
CUST03582,Gaurav Gupta,Male,21.0,Ahmedabad,Gujarat,2025-04-25,Paid Search
CUST03583,Sneha Bansal,Female,53.0,Vadodara,Gujarat,2024-05-12,Organic Search
CUST03584,Nikhil Joshi,Male,44.0,Coimbatore,Tamil Nadu,2025-02-27,Referral
CUST03585,Swati Rao,Female,18.0,Guwahati,Assam,2025-07-29,Organic Search
CUST03586,Priya Pandey,Female,23.0,Delhi,Delhi,2025-05-02,Email
CUST03587,Gaurav Bansal,Male,28.0,Kanpur,Uttar Pradesh,2024-05-01,Direct
CUST03588,Deepak Joshi,Male,41.0,Nashik,Maharashtra,2024-08-01,Referral
CUST03589,Sanjay Saxena,Male,18.0,Bengaluru,Karnataka,2025-04-15,Social Media
CUST03590,Anita Bansal,Female,32.0,Kolkata,West Bengal,2024-01-18,Direct
CUST03591,Riya Banerjee,Female,41.0,Mumbai,Maharashtra,2025-05-04,Paid Search
CUST03592,Vikram Verma,Male,18.0,Delhi,Delhi,2024-02-26,Organic Search
CUST03593,Tanvi Desai,Female,40.0,Delhi,Delhi,2025-05-06,Social Media
CUST03594,Vihaan Chatterjee,Male,42.0,Indore,Madhya Pradesh,2023-05-10,Social Media
CUST03595,Tanvi Joshi,Female,25.0,Surat,Gujarat,2023-03-10,Referral
CUST03596,Krishna Verma,Male,21.0,Mumbai,Maharashtra,2025-09-29,Paid Search
CUST03597,Siddharth Yadav,Male,24.0,Jaipur,Rajasthan,2025-06-25,Organic Search
CUST03598,Rohan Yadav,Male,18.0,Mumbai,Maharashtra,2025-07-05,Organic Search
CUST03599,Sunita Agarwal,Female,30.0,Delhi,Delhi,2025-08-26,Paid Search
CUST03600,Aditi Bansal,Female,35.0,Coimbatore,Tamil Nadu,2024-06-17,Email
CUST03601,Suresh Patel,Male,21.0,Chennai,Tamil Nadu,2024-01-12,Paid Search
CUST03602,Varun Mukherjee,Male,43.0,Visakhapatnam,Andhra Pradesh,2023-07-07,Organic Search
CUST03603,Riya Agarwal,Female,34.0,Hyderabad,Telangana,2024-08-17,Organic Search
CUST03604,Pranav Desai,Male,36.0,Delhi,Delhi,2023-10-27,Paid Search
CUST03605,Juhi Mukherjee,Female,29.0,Coimbatore,Tamil Nadu,2025-08-14,Paid Search
CUST03606,Naveen Nair,Male,40.0,Delhi,Delhi,2023-01-07,Referral
CUST03607,Aarav Kapoor,Male,46.0,Hyderabad,Telangana,2023-07-25,Direct
CUST03608,Sneha Verma,Female,29.0,Nagpur,Maharashtra,2023-11-27,Social Media
CUST03609,Vikram Sharma,Male,41.0,Jaipur,Rajasthan,2023-10-02,Paid Search
CUST03610,Kiran Chatterjee,Female,41.0,Gurugram,Haryana,2023-11-03,Organic Search
CUST03611,Rohan Das,Male,37.0,Kochi,Kerala,2025-01-02,Paid Search
CUST03612,Siddharth Rao,Male,50.0,Delhi,Delhi,2024-02-25,Social Media
CUST03613,Aditya Malhotra,Male,26.0,Bengaluru,Karnataka,2024-11-28,Organic Search
CUST03614,Aditya Mishra,Male,29.0,Lucknow,Uttar Pradesh,2025-07-11,Organic Search
CUST03615,Komal Singh,Female,25.0,Delhi,Delhi,2024-11-17,Referral
CUST03616,Sneha Banerjee,Female,40.0,Pune,Maharashtra,2025-02-04,Social Media
CUST03617,Anita Tiwari,Female,30.0,Ahmedabad,Gujarat,2024-04-05,Paid Search
CUST03618,Aarav Tiwari,Male,26.0,Coimbatore,Tamil Nadu,2023-08-15,Social Media
CUST03619,Rajesh Banerjee,Male,50.0,Chandigarh,Chandigarh,2024-02-18,Paid Search
CUST03620,Karthik Bansal,Male,51.0,Bengaluru,Karnataka,2025-09-04,Organic Search
CUST03621,Diya Patel,Female,30.0,Mumbai,Maharashtra,2024-12-04,Referral
CUST03622,Yash Yadav,Male,19.0,Kochi,Kerala,2024-01-01,Organic Search
CUST03623,Manish Saxena,Male,52.0,Delhi,Delhi,2024-06-30,Organic Search
CUST03624,Anjali Rao,Female,38.0,Delhi,Delhi,2025-05-29,Social Media
CUST03625,Arjun Mehta,Male,37.0,Bengaluru,Karnataka,2025-01-13,Paid Search
CUST03626,Priya Singh,Female,34.0,Hyderabad,Telangana,2024-10-11,Social Media
CUST03627,Tarun Chatterjee,Male,25.0,Delhi,Delhi,2025-07-07,Direct
CUST03628,Tanvi Rao,Female,29.0,Hyderabad,Telangana,2025-01-16,Organic Search
CUST03629,Juhi Banerjee,Female,40.0,Mumbai,Maharashtra,2024-12-22,Organic Search
CUST03630,Ishaan Mukherjee,Male,29.0,Vadodara,Gujarat,2023-09-21,Organic Search
CUST03631,Riya Chauhan,Female,37.0,Bengaluru,Karnataka,2023-06-06,Organic Search
CUST03632,Pooja Pandey,Female,33.0,Ghaziabad,Uttar Pradesh,2025-09-05,Email
CUST03633,Varun Chatterjee,Male,22.0,Lucknow,Uttar Pradesh,2024-11-14,Paid Search
CUST03634,Meera Agarwal,Female,49.0,Kolkata,West Bengal,2024-05-26,Organic Search
CUST03635,Ananya Das,Female,39.0,Noida,Uttar Pradesh,2024-11-05,Social Media
CUST03636,Simran Chopra,Female,36.0,Ahmedabad,Gujarat,2023-04-05,Email
CUST03637,Juhi Chopra,Female,39.0,Delhi,Delhi,2025-05-19,Direct
CUST03638,Manish Yadav,Male,18.0,Jaipur,Rajasthan,2023-10-23,Paid Search
CUST03639,Reyansh Kumar,Male,28.0,Delhi,Delhi,2025-05-05,Social Media
CUST03640,Aarav Bansal,Male,18.0,Bengaluru,Karnataka,2024-09-17,Organic Search
CUST03641,Karthik Shah,Male,34.0,Chandigarh,Chandigarh,2023-12-31,Referral
CUST03642,Reyansh Malhotra,Male,36.0,Coimbatore,Tamil Nadu,2023-02-17,Direct
CUST03643,Gaurav Tiwari,Male,34.0,Chennai,Tamil Nadu,2025-05-14,Social Media
CUST03644,Suresh Joshi,Male,45.0,Kolkata,West Bengal,2023-09-05,Social Media
CUST03645,Kavya Pandey,Female,18.0,Pune,Maharashtra,2023-03-21,Social Media
CUST03646,Karthik Yadav,Male,25.0,Mumbai,Maharashtra,2025-03-27,Social Media
CUST03647,Aarav Chopra,Male,37.0,Bengaluru,Karnataka,2024-03-20,Paid Search
CUST03648,Ritu Gupta,Female,,Jaipur,Rajasthan,2024-04-30,Email
CUST03649,Simran Sharma,Female,20.0,Hyderabad,Telangana,2023-11-28,Direct
CUST03650,Vikram Mishra,Male,45.0,Bengaluru,Karnataka,2025-06-17,Email
CUST03651,Anjali Malhotra,Female,48.0,Lucknow,Uttar Pradesh,2024-01-23,Organic Search
CUST03652,Kavya Das,Female,37.0,Pune,Maharashtra,2023-10-16,Paid Search
CUST03653,Meera Sharma,,18.0,Hyderabad,Telangana,2024-02-05,Social Media
CUST03654,Yash Singh,Male,35.0,Gurugram,Haryana,2023-10-07,Organic Search
CUST03655,Vivaan Malhotra,Male,36.0,Visakhapatnam,Andhra Pradesh,2024-02-14,Paid Search
CUST03656,Preeti Mehta,Female,30.0,Jaipur,Rajasthan,2023-05-05,Organic Search
CUST03657,Suresh Nair,Male,46.0,Bengaluru,Karnataka,2023-08-13,Paid Search
CUST03658,Ritu Yadav,Female,32.0,Lucknow,Uttar Pradesh,2024-05-27,Organic Search
CUST03659,Anita Rao,Female,54.0,Nagpur,Maharashtra,2025-07-02,Paid Search
CUST03660,Sneha Mukherjee,Female,41.0,Jaipur,Rajasthan,2023-03-29,Direct
CUST03661,Kavya Gupta,Female,36.0,Lucknow,Uttar Pradesh,2023-10-19,Organic Search
CUST03662,Swati Banerjee,Female,42.0,Delhi,Delhi,2025-07-24,Organic Search
CUST03663,Kiran Chopra,Female,48.0,Hyderabad,Telangana,2025-07-10,Paid Search
CUST03664,Shreya Shah,Female,42.0,Coimbatore,Tamil Nadu,2025-01-22,Social Media
CUST03665,Aarav Joshi,Male,32.0,Delhi,Delhi,2023-11-20,Direct
CUST03666,Anita Joshi,Female,26.0,Jaipur,Rajasthan,2024-05-30,Social Media
CUST03667,Ishita Yadav,Female,22.0,Coimbatore,Tamil Nadu,2023-10-17,Direct
CUST03668,Aditi Nair,Female,18.0,Mumbai,Maharashtra,2023-07-05,Organic Search
CUST03669,Aarav Pandey,Male,35.0,Noida,Uttar Pradesh,2024-04-20,Organic Search
CUST03670,Rajesh Banerjee,Male,29.0,Rajkot,Gujarat,2024-10-24,Direct
CUST03671,Kavya Sharma,Female,30.0,Indore,Madhya Pradesh,2024-03-30,Organic Search
CUST03672,Krishna Gupta,Male,43.0,Indore,Madhya Pradesh,2024-11-24,Paid Search
CUST03673,Kavya Mishra,Female,32.0,Nashik,Maharashtra,2024-01-22,Paid Search
CUST03674,Swati Gupta,Female,52.0,Delhi,Delhi,2024-03-16,
CUST03675,Harsh Bansal,Male,27.0,Nagpur,Maharashtra,2025-04-24,Paid Search
CUST03676,Reyansh Saxena,Male,23.0,Hyderabad,Telangana,2025-07-01,Direct
CUST03677,Saanvi Chauhan,Female,,Nashik,Maharashtra,2024-02-19,Social Media
CUST03678,Karthik Menon,Male,40.0,Pune,Maharashtra,2024-10-20,Organic Search
CUST03679,Meera Shah,Female,45.0,Visakhapatnam,Andhra Pradesh,2024-01-02,Organic Search
CUST03680,Komal Kumar,Female,27.0,Delhi,Delhi,2023-03-23,Paid Search
CUST03681,Rekha Iyer,Female,22.0,Bengaluru,Karnataka,2025-03-12,Organic Search
CUST03682,Tarun Banerjee,Male,48.0,Ludhiana,Punjab,2023-08-29,Organic Search
CUST03683,Naveen Banerjee,Male,18.0,Ahmedabad,Gujarat,2024-06-05,Paid Search
CUST03684,Simran Desai,Female,43.0,Pune,Maharashtra,2024-08-03,Social Media
CUST03685,Rahul Bansal,Male,27.0,Indore,Madhya Pradesh,2023-09-14,Paid Search
CUST03686,Karthik Kumar,Male,37.0,Delhi,Delhi,2023-05-21,Direct
CUST03687,Swati Rao,Female,44.0,Hyderabad,Telangana,2024-03-18,Organic Search
CUST03688,Ankit Agarwal,,38.0,Hyderabad,Telangana,2025-08-26,Direct
CUST03689,Ankit Pandey,Male,30.0,Chandigarh,Chandigarh,2024-11-28,Social Media
CUST03690,Ritu Chauhan,Female,47.0,Delhi,Delhi,2024-04-21,Referral
CUST03691,Abhishek Saxena,Male,36.0,Ahmedabad,Gujarat,2023-03-02,Social Media
CUST03692,Vivaan Bansal,Male,,Noida,Uttar Pradesh,2024-11-15,Organic Search
CUST03693,Yash Saxena,Male,18.0,Ludhiana,Punjab,2023-05-18,Email
CUST03694,Riya Tiwari,Female,18.0,Kanpur,Uttar Pradesh,2024-09-24,Referral
CUST03695,Tanvi Kapoor,Female,43.0,Pune,Maharashtra,2025-03-24,Email
CUST03696,Anjali Chopra,Female,33.0,Ludhiana,Punjab,2024-06-03,Referral
CUST03697,Saanvi Rao,Female,41.0,Gurugram,Haryana,2024-01-26,Organic Search
CUST03698,Vikram Pandey,Male,22.0,Gurugram,Haryana,2023-03-14,Direct
CUST03699,Meera Malhotra,Female,34.0,Lucknow,Uttar Pradesh,2023-02-08,Direct
CUST03700,Vikram Pandey,Male,38.0,Indore,Madhya Pradesh,2024-06-09,Direct
CUST03701,Juhi Shah,Female,28.0,Visakhapatnam,Andhra Pradesh,2025-07-05,Social Media
CUST03702,Shreya Iyer,Female,35.0,Vadodara,Gujarat,2023-11-24,Referral
CUST03703,Rajesh Gupta,Male,19.0,Thane,Maharashtra,2024-10-23,Social Media
CUST03704,Priya Mishra,Female,37.0,Delhi,Delhi,2025-01-26,Paid Search
CUST03705,Ritu Yadav,Female,47.0,Bhopal,Madhya Pradesh,2023-04-03,Direct
CUST03706,Rajesh Agarwal,Male,21.0,Ahmedabad,Gujarat,2023-08-06,Organic Search
CUST03707,Shreya Chatterjee,Female,20.0,Delhi,Delhi,2024-02-29,Referral
CUST03708,Divya Sharma,Female,45.0,Mumbai,Maharashtra,2025-01-14,Paid Search
CUST03709,Karthik Saxena,Male,20.0,Bengaluru,Karnataka,2024-06-18,Organic Search
CUST03710,Harsh Iyer,Male,41.0,Kolkata,West Bengal,2025-03-09,Paid Search
CUST03711,Aadhya Mehta,Female,34.0,Bengaluru,Karnataka,2025-06-23,Social Media
CUST03712,Deepak Chauhan,Male,29.0,Lucknow,Uttar Pradesh,2025-03-29,Organic Search
CUST03713,Aman Shah,Male,48.0,Noida,Uttar Pradesh,2025-09-25,Email
CUST03714,Divya Patel,Female,42.0,Mumbai,Maharashtra,2025-03-25,Paid Search
CUST03715,Meera Banerjee,Female,36.0,Delhi,Delhi,2025-06-11,Social Media
CUST03716,Karthik Chatterjee,Male,18.0,Bengaluru,Karnataka,2025-05-27,Organic Search
CUST03717,Nikhil Pandey,Male,40.0,Vadodara,Gujarat,2025-03-06,Organic Search
CUST03718,Ritu Saxena,Female,22.0,Bengaluru,Karnataka,2025-05-03,Organic Search
CUST03719,Nikhil Mehta,Male,31.0,Delhi,Delhi,2025-08-13,Organic Search
CUST03720,Ishita Shah,Female,33.0,Delhi,Delhi,2024-07-23,Email
CUST03721,Sneha Banerjee,Female,52.0,Delhi,Delhi,2024-12-18,Paid Search
CUST03722,Nikhil Chatterjee,Male,30.0,Indore,Madhya Pradesh,2024-08-30,Email
CUST03723,Pooja Yadav,Female,19.0,Indore,Madhya Pradesh,2025-06-10,Email
CUST03724,Rekha Gupta,Female,48.0,Hyderabad,Telangana,2024-06-11,Organic Search
CUST03725,Kiran Kumar,Female,40.0,Chennai,Tamil Nadu,2025-05-17,Direct
CUST03726,Harsh Shah,Male,41.0,Surat,Gujarat,2025-05-01,Email
CUST03727,Sanjay Gupta,Male,48.0,Kochi,Kerala,2025-09-02,Organic Search
CUST03728,Radhika Verma,Female,50.0,Thane,Maharashtra,2023-11-30,Social Media
CUST03729,Nisha Mukherjee,Female,24.0,Vadodara,Gujarat,2025-02-17,Paid Search
CUST03730,Diya Pandey,Female,19.0,Kochi,Kerala,2025-03-28,Paid Search
CUST03731,Siddharth Yadav,Male,41.0,Ahmedabad,Gujarat,2025-08-14,Paid Search
CUST03732,Meera Patel,Female,30.0,Mumbai,Maharashtra,2025-07-23,Paid Search
CUST03733,Rohan Kumar,Male,31.0,Thane,Maharashtra,2024-10-22,Paid Search
CUST03734,Divya Desai,Female,22.0,Delhi,Delhi,2024-10-27,Paid Search
CUST03735,Sunita Rao,Female,39.0,Chennai,Tamil Nadu,2023-08-24,Social Media
CUST03736,Sneha Mukherjee,Female,37.0,Thane,Maharashtra,2025-09-12,Social Media
CUST03737,Rohan Chopra,Male,31.0,Pune,Maharashtra,2023-12-07,Organic Search
CUST03738,Pooja Pandey,Female,19.0,Ahmedabad,Gujarat,2025-03-01,Organic Search
CUST03739,Ishaan Patel,Male,45.0,Kolkata,West Bengal,2025-04-28,Paid Search
CUST03740,Abhishek Gupta,Male,36.0,Bengaluru,Karnataka,2024-06-20,
CUST03741,Ananya Shah,Female,44.0,Mumbai,Maharashtra,2023-10-17,Social Media
CUST03742,Kavya Das,Female,18.0,Chennai,Tamil Nadu,2023-09-20,Social Media
CUST03743,Komal Gupta,Female,34.0,Mumbai,Maharashtra,2025-06-15,Organic Search
CUST03744,Kiran Rao,Female,26.0,Kochi,Kerala,2024-08-26,Social Media
CUST03745,Harsh Rao,Male,33.0,Chennai,Tamil Nadu,2023-05-15,Paid Search
CUST03746,Karthik Singh,Male,42.0,Rajkot,Gujarat,2025-02-23,Paid Search
CUST03747,Ananya Saxena,Female,37.0,Noida,Uttar Pradesh,2023-12-01,Social Media
CUST03748,Divya Chauhan,Female,33.0,Chennai,Tamil Nadu,2025-06-30,Social Media
CUST03749,Tarun Joshi,Male,33.0,Chennai,Tamil Nadu,2024-02-06,Social Media
CUST03750,Vikram Pandey,Male,18.0,Coimbatore,Tamil Nadu,2023-10-04,Referral
CUST03751,Varun Reddy,Male,24.0,Mumbai,Maharashtra,2023-05-07,Paid Search
CUST03752,Tanvi Chauhan,Female,44.0,Kolkata,West Bengal,2024-08-26,Direct
CUST03753,Aarav Malhotra,Male,28.0,Bengaluru,Karnataka,2024-06-30,Direct
CUST03754,Diya Shah,Female,44.0,Bhopal,Madhya Pradesh,2025-03-23,Organic Search
CUST03755,Deepak Malhotra,Male,41.0,Ludhiana,Punjab,2024-07-13,Direct
CUST03756,Krishna Mukherjee,Male,42.0,Surat,Gujarat,2024-03-13,Paid Search
CUST03757,Aditya Banerjee,Male,36.0,Ahmedabad,Gujarat,2023-12-15,Direct
CUST03758,Ishaan Mishra,Male,29.0,Pune,Maharashtra,2024-01-02,Direct
CUST03759,Ritu Iyer,Female,31.0,Jaipur,Rajasthan,2025-08-08,Paid Search
CUST03760,Siddharth Mishra,Male,39.0,Lucknow,Uttar Pradesh,2023-08-21,Paid Search
CUST03761,Naveen Yadav,Male,18.0,Gurugram,Haryana,2025-09-22,Social Media
CUST03762,Sunita Menon,Female,45.0,Bengaluru,Karnataka,2024-02-24,Paid Search
CUST03763,Deepak Bansal,Male,28.0,Delhi,Delhi,2023-05-12,Social Media
CUST03764,Vihaan Singh,Male,32.0,Delhi,Delhi,2023-11-30,Paid Search
CUST03765,Manish Mukherjee,Male,32.0,Nagpur,Maharashtra,2023-03-31,Paid Search
CUST03766,Reyansh Verma,Male,33.0,Chandigarh,Chandigarh,2025-04-23,Paid Search
CUST03767,Sanjay Patel,Male,20.0,Hyderabad,Telangana,2024-08-27,Email
CUST03768,Aadhya Nair,Female,35.0,Chennai,Tamil Nadu,2024-03-06,Social Media
CUST03769,Pranav Gupta,Male,39.0,Noida,Uttar Pradesh,2025-01-08,Social Media
CUST03770,Meera Pandey,Female,18.0,Delhi,Delhi,2024-12-12,Referral
CUST03771,Ananya Pandey,Female,20.0,Rajkot,Gujarat,2025-08-17,Email
CUST03772,Harsh Sharma,Male,42.0,Noida,Uttar Pradesh,2025-09-02,Paid Search
CUST03773,Divya Gupta,Female,40.0,Patna,Bihar,2025-01-23,Organic Search
CUST03774,Rahul Tiwari,Male,36.0,Hyderabad,Telangana,2025-05-15,Paid Search
CUST03775,Yash Sharma,Male,26.0,Lucknow,Uttar Pradesh,2025-04-25,Social Media
CUST03776,Preeti Tiwari,Female,40.0,Bengaluru,Karnataka,2024-08-07,Organic Search
CUST03777,Rajesh Joshi,Male,21.0,Delhi,Delhi,2025-02-12,Email
CUST03778,Nisha Das,Female,32.0,Delhi,Delhi,2023-04-28,Organic Search
CUST03779,Priya Verma,Female,20.0,Mumbai,Maharashtra,2025-03-28,Organic Search
CUST03780,Vivaan Nair,Male,31.0,Kochi,Kerala,2025-09-02,
CUST03781,Varun Chauhan,Male,23.0,Lucknow,Uttar Pradesh,2023-05-07,Social Media
CUST03782,Riya Rao,Female,41.0,Hyderabad,Telangana,2025-05-30,Paid Search
CUST03783,Aarav Mishra,Male,37.0,Jaipur,Rajasthan,2025-08-12,Email
CUST03784,Arjun Mukherjee,Male,27.0,Surat,Gujarat,2023-11-04,Direct
CUST03785,Vivaan Chauhan,Male,44.0,Delhi,Delhi,2024-09-08,Organic Search
CUST03786,Naveen Bansal,Male,23.0,Bengaluru,Karnataka,2025-08-08,Direct
CUST03787,Kavya Chatterjee,Female,33.0,Pune,Maharashtra,2025-09-01,Paid Search
CUST03788,Abhishek Chauhan,Male,27.0,Ludhiana,Punjab,2023-07-05,Paid Search
CUST03789,Arjun Chauhan,Male,40.0,Delhi,Delhi,2024-03-19,Email
CUST03790,Shreya Tiwari,Female,39.0,Agra,Uttar Pradesh,2025-02-07,Email
CUST03791,Divya Gupta,Female,46.0,Surat,Gujarat,2023-10-29,Social Media
CUST03792,Shreya Yadav,Female,34.0,Kolkata,West Bengal,2024-02-22,Paid Search
CUST03793,Preeti Kapoor,Female,18.0,Delhi,Delhi,2023-02-06,Organic Search
CUST03794,Naveen Chopra,Male,29.0,Pune,Maharashtra,2023-08-07,Paid Search
CUST03795,Nikhil Mishra,Male,49.0,Hyderabad,Telangana,2024-10-12,Social Media
CUST03796,Neha Verma,Female,30.0,Delhi,Delhi,2024-12-31,Social Media
CUST03797,Abhishek Agarwal,Male,18.0,Rajkot,Gujarat,2024-12-27,Direct
CUST03798,Ritu Iyer,Female,37.0,Chennai,Tamil Nadu,2025-04-14,Paid Search
CUST03799,Sanjay Desai,Male,38.0,Mumbai,Maharashtra,2024-05-26,Social Media
CUST03800,Nisha Mehta,Female,26.0,Hyderabad,Telangana,2023-12-28,Social Media
CUST03801,Anjali Reddy,Female,31.0,Delhi,Delhi,2023-01-25,Social Media
CUST03802,Meera Desai,Female,25.0,Gurugram,Haryana,2023-10-11,Direct
CUST03803,Ishaan Iyer,Male,38.0,Bengaluru,Karnataka,2024-02-09,Referral
CUST03804,Sneha Reddy,Female,34.0,Kolkata,West Bengal,2023-09-07,Organic Search
CUST03805,Preeti Verma,Female,21.0,Thane,Maharashtra,2023-02-01,Referral
CUST03806,Anita Kumar,Female,33.0,Delhi,Delhi,2023-08-12,Direct
CUST03807,Shreya Desai,Female,26.0,Chennai,Tamil Nadu,2025-01-11,Organic Search
CUST03808,Gaurav Menon,,48.0,Lucknow,Uttar Pradesh,2024-12-11,Social Media
CUST03809,Nikhil Sharma,Male,42.0,Rajkot,Gujarat,2025-08-14,Social Media
CUST03810,Pranav Nair,Male,32.0,Lucknow,Uttar Pradesh,2025-04-30,Paid Search
CUST03811,Diya Nair,Female,34.0,Mumbai,Maharashtra,2024-10-17,Referral
CUST03812,Sneha Shah,Female,43.0,Hyderabad,Telangana,2023-07-17,Referral
CUST03813,Deepak Kumar,Male,31.0,Hyderabad,Telangana,2024-10-14,Organic Search
CUST03814,Sneha Sharma,Female,41.0,Ahmedabad,Gujarat,2023-04-04,Organic Search
CUST03815,Krishna Desai,Male,48.0,Gurugram,Haryana,2024-06-10,Organic Search
CUST03816,Neha Bansal,Female,28.0,Mumbai,Maharashtra,2024-04-30,Direct
CUST03817,Sanjay Shah,Male,49.0,Hyderabad,Telangana,2024-06-07,Organic Search
CUST03818,Ishaan Rao,Male,47.0,Kolkata,West Bengal,2024-01-04,Social Media
CUST03819,Vikram Pandey,Male,35.0,Mumbai,Maharashtra,2025-01-28,Social Media
CUST03820,Priya Tiwari,Female,29.0,Kolkata,West Bengal,2025-06-02,Organic Search
CUST03821,Nisha Das,Female,35.0,Delhi,Delhi,2025-04-06,Organic Search
CUST03822,Karthik Iyer,Male,31.0,Ludhiana,Punjab,2024-12-09,Referral
CUST03823,Varun Saxena,Male,25.0,Bengaluru,Karnataka,2024-09-20,Paid Search
CUST03824,Kiran Verma,Female,38.0,Pune,Maharashtra,2023-02-18,Paid Search
CUST03825,Nikhil Reddy,Male,23.0,Surat,Gujarat,2025-02-28,Paid Search
CUST03826,Ritu Mukherjee,Female,30.0,Hyderabad,Telangana,2024-09-26,Organic Search
CUST03827,Arjun Mehta,Male,30.0,Hyderabad,Telangana,2023-12-25,Paid Search
CUST03828,Aditi Mishra,Female,19.0,Kolkata,West Bengal,2024-02-25,Organic Search
CUST03829,Anjali Mukherjee,Female,40.0,Vadodara,Gujarat,2025-08-14,Organic Search
CUST03830,Aman Pandey,Male,31.0,Chennai,Tamil Nadu,2024-12-06,Organic Search
CUST03831,Komal Rao,Female,46.0,Kolkata,West Bengal,2024-07-24,Social Media
CUST03832,Ishaan Kumar,Male,31.0,Jaipur,Rajasthan,2024-12-03,Organic Search
CUST03833,Ritu Mishra,Female,29.0,Chennai,Tamil Nadu,2024-05-24,Organic Search
CUST03834,Kiran Banerjee,Female,24.0,Indore,Madhya Pradesh,2024-07-18,Referral
CUST03835,Rahul Bansal,Male,33.0,Mumbai,Maharashtra,2024-01-16,Social Media
CUST03836,Diya Rao,Female,33.0,Kolkata,West Bengal,2024-06-19,Referral
CUST03837,Deepak Singh,Male,40.0,Gurugram,Haryana,2025-01-28,Email
CUST03838,Sneha Kapoor,Female,34.0,Surat,Gujarat,2023-03-03,Paid Search
CUST03839,Sneha Mehta,Female,54.0,Kolkata,West Bengal,2025-04-27,Social Media
CUST03840,Simran Mishra,Female,38.0,Visakhapatnam,Andhra Pradesh,2024-01-08,Direct
CUST03841,Riya Reddy,Female,23.0,Ahmedabad,Gujarat,2025-01-25,Paid Search
CUST03842,Riya Reddy,Female,22.0,Chennai,Tamil Nadu,2024-12-22,Organic Search
CUST03843,Pranav Agarwal,Male,38.0,Delhi,Delhi,2024-12-31,Organic Search
CUST03844,Kunal Iyer,Male,23.0,Delhi,Delhi,2024-11-22,Direct
CUST03845,Saanvi Kumar,Female,39.0,Mumbai,Maharashtra,2025-08-31,Organic Search
CUST03846,Pranav Mehta,Male,42.0,Thane,Maharashtra,2024-08-23,Direct
CUST03847,Vihaan Kapoor,Male,42.0,Chennai,Tamil Nadu,2025-03-07,Social Media
CUST03848,Karthik Singh,Male,24.0,Gurugram,Haryana,2025-02-13,Social Media
CUST03849,Sneha Malhotra,Female,42.0,Delhi,Delhi,2023-11-15,Paid Search
CUST03850,Sneha Tiwari,Female,36.0,Bengaluru,Karnataka,2024-01-08,Paid Search
CUST03851,Manish Kumar,Male,27.0,Lucknow,Uttar Pradesh,2024-06-03,Organic Search
CUST03852,Naveen Reddy,Male,31.0,Mumbai,Maharashtra,2024-01-02,Social Media
CUST03853,Sneha Nair,Female,38.0,Kolkata,West Bengal,2024-04-06,Social Media
CUST03854,Gaurav Joshi,Male,26.0,Delhi,Delhi,2024-05-01,Paid Search
CUST03855,Sunita Kapoor,Female,36.0,Delhi,Delhi,2024-11-18,Paid Search
CUST03856,Neha Tiwari,Female,47.0,Kolkata,West Bengal,2023-10-27,Social Media
CUST03857,Shreya Saxena,Female,43.0,Pune,Maharashtra,2025-05-05,Paid Search
CUST03858,Aditya Rao,Male,34.0,Bengaluru,Karnataka,2024-06-17,Referral
CUST03859,Preeti Shah,Female,35.0,Bengaluru,Karnataka,2025-02-14,Organic Search
CUST03860,Nisha Mehta,Female,28.0,Bengaluru,Karnataka,2023-05-02,Direct
CUST03861,Kunal Desai,Male,28.0,Delhi,Delhi,2024-07-18,Paid Search
CUST03862,Shreya Reddy,Female,18.0,Noida,Uttar Pradesh,2023-02-14,Paid Search
CUST03863,Pranav Yadav,Male,36.0,Nagpur,Maharashtra,2025-01-19,Paid Search
CUST03864,Meera Chatterjee,Female,40.0,Delhi,Delhi,2024-03-13,Paid Search
CUST03865,Payal Sharma,Female,32.0,Ahmedabad,Gujarat,2025-08-24,Organic Search
CUST03866,Harsh Bansal,Male,24.0,Delhi,Delhi,2024-02-21,Paid Search
CUST03867,Varun Menon,Male,34.0,Bengaluru,Karnataka,2024-10-13,Paid Search
CUST03868,Manish Saxena,Male,46.0,Gurugram,Haryana,2023-12-10,Organic Search
CUST03869,Suresh Agarwal,Male,42.0,Delhi,Delhi,2024-12-02,Organic Search
CUST03870,Meera Das,Female,33.0,Rajkot,Gujarat,2024-07-15,Referral
CUST03871,Rahul Singh,Male,53.0,Ludhiana,Punjab,2024-04-10,Referral
CUST03872,Preeti Mukherjee,Female,60.0,Thane,Maharashtra,2023-10-08,Paid Search
CUST03873,Sanjay Desai,Male,,Kolkata,West Bengal,2023-06-13,Organic Search
CUST03874,Swati Chauhan,Female,31.0,Bengaluru,Karnataka,2023-06-24,Paid Search
CUST03875,Payal Yadav,Female,40.0,Ghaziabad,Uttar Pradesh,2025-09-30,Direct
CUST03876,Simran Tiwari,Female,24.0,Ghaziabad,Uttar Pradesh,2024-05-23,Email
CUST03877,Saanvi Chopra,Female,41.0,Pune,Maharashtra,2023-01-04,Referral
CUST03878,Saanvi Banerjee,Female,34.0,Mumbai,Maharashtra,2025-08-27,
CUST03879,Diya Menon,Female,37.0,Delhi,Delhi,2023-02-01,Social Media
CUST03880,Anjali Banerjee,Female,27.0,Mumbai,Maharashtra,2024-05-29,Organic Search
CUST03881,Yash Rao,Male,25.0,Delhi,Delhi,2025-02-23,Paid Search
CUST03882,Vihaan Kumar,Male,18.0,Kolkata,West Bengal,2025-07-29,Referral
CUST03883,Kunal Mehta,Male,48.0,Agra,Uttar Pradesh,2025-02-19,Organic Search
CUST03884,Anjali Malhotra,Female,42.0,Lucknow,Uttar Pradesh,2024-07-12,Organic Search
CUST03885,Juhi Gupta,Female,40.0,Jaipur,Rajasthan,2025-09-12,Referral
CUST03886,Ritu Iyer,Female,36.0,Bhopal,Madhya Pradesh,2023-03-02,Email
CUST03887,Kiran Patel,Female,,Lucknow,Uttar Pradesh,2025-09-21,Organic Search
CUST03888,Vihaan Malhotra,Male,25.0,Chennai,Tamil Nadu,2025-06-09,Paid Search
CUST03889,Rekha Nair,Female,30.0,Vadodara,Gujarat,2025-08-09,Organic Search
CUST03890,Aman Mukherjee,Male,22.0,Hyderabad,Telangana,2023-12-07,Organic Search
CUST03891,Manish Chauhan,Male,18.0,Gurugram,Haryana,2023-07-24,Organic Search
CUST03892,Riya Mukherjee,Female,23.0,Delhi,Delhi,2025-01-09,Social Media
CUST03893,Rajesh Reddy,Male,33.0,Lucknow,Uttar Pradesh,2024-08-30,Organic Search
CUST03894,Kavya Joshi,Female,33.0,Kolkata,West Bengal,2024-09-06,Referral
CUST03895,Anjali Saxena,Female,42.0,Chennai,Tamil Nadu,2025-08-06,Organic Search
CUST03896,Riya Joshi,Female,54.0,Chennai,Tamil Nadu,2024-12-02,Organic Search
CUST03897,Siddharth Nair,Male,40.0,Mumbai,Maharashtra,2024-02-07,Organic Search
CUST03898,Nikhil Bansal,Male,31.0,Bhopal,Madhya Pradesh,2024-05-10,Social Media
CUST03899,Rohan Desai,Male,51.0,Hyderabad,Telangana,2023-07-12,Direct
CUST03900,Yash Saxena,Male,18.0,Kolkata,West Bengal,2023-09-24,Organic Search
CUST03901,Deepak Kumar,Male,18.0,Ludhiana,Punjab,2023-07-25,Social Media
CUST03902,Yash Saxena,Male,24.0,Jaipur,Rajasthan,2025-05-09,Organic Search
CUST03903,Radhika Malhotra,Female,41.0,Ludhiana,Punjab,2025-02-13,Organic Search
CUST03904,Saanvi Desai,Female,35.0,Delhi,Delhi,2024-09-13,Organic Search
CUST03905,Kavya Agarwal,Female,22.0,Bengaluru,Karnataka,2024-04-14,
CUST03906,Vivaan Kumar,Male,26.0,Bengaluru,Karnataka,2025-01-13,Referral
CUST03907,Swati Mehta,Female,21.0,Rajkot,Gujarat,2025-05-11,Social Media
CUST03908,Aditya Singh,Male,21.0,Visakhapatnam,Andhra Pradesh,2025-07-04,Direct
CUST03909,Karthik Banerjee,Male,49.0,Ghaziabad,Uttar Pradesh,2024-09-28,Referral
CUST03910,Ankit Mukherjee,Male,,Pune,Maharashtra,2025-05-17,Email
CUST03911,Divya Mishra,Female,51.0,Bengaluru,Karnataka,2024-08-26,Paid Search
CUST03912,Ritu Chatterjee,Female,24.0,Ahmedabad,Gujarat,2024-07-22,Organic Search
CUST03913,Tarun Chopra,Male,38.0,Pune,Maharashtra,2025-06-21,Organic Search
CUST03914,Sneha Menon,Female,35.0,Mumbai,Maharashtra,2024-04-26,Organic Search
CUST03915,Ishita Bansal,Female,42.0,Lucknow,Uttar Pradesh,2024-05-06,Organic Search
CUST03916,Deepak Singh,Male,36.0,Agra,Uttar Pradesh,2024-02-01,Organic Search
CUST03917,Aadhya Singh,Female,43.0,Hyderabad,Telangana,2024-09-02,Social Media
CUST03918,Arjun Rao,Male,39.0,Kanpur,Uttar Pradesh,2024-09-26,Paid Search
CUST03919,Varun Saxena,Male,22.0,Kolkata,West Bengal,2025-01-06,Paid Search
CUST03920,Divya Das,Female,40.0,Mumbai,Maharashtra,2024-06-10,Paid Search
CUST03921,Vikram Kapoor,Male,32.0,Bengaluru,Karnataka,2023-10-25,Organic Search
CUST03922,Swati Gupta,Female,25.0,Pune,Maharashtra,2025-06-23,Organic Search
CUST03923,Nikhil Iyer,Male,40.0,Indore,Madhya Pradesh,2024-03-16,Social Media
CUST03924,Preeti Mishra,Female,42.0,Ahmedabad,Gujarat,2025-08-04,Referral
CUST03925,Sneha Joshi,Female,28.0,Delhi,Delhi,2023-10-12,Email
CUST03926,Priya Verma,Female,29.0,Mumbai,Maharashtra,2024-10-10,Direct
CUST03927,Aadhya Chauhan,Female,19.0,Indore,Madhya Pradesh,2024-09-19,Paid Search
CUST03928,Pooja Singh,Female,18.0,Ahmedabad,Gujarat,2025-05-24,Referral
CUST03929,Ishaan Desai,Male,31.0,Lucknow,Uttar Pradesh,2023-07-19,Social Media
CUST03930,Siddharth Kumar,Male,41.0,Bengaluru,Karnataka,2025-07-26,Direct
CUST03931,Shreya Pandey,Female,27.0,Bhopal,Madhya Pradesh,2024-09-14,Organic Search
CUST03932,Manish Saxena,Male,47.0,Hyderabad,Telangana,2024-11-02,Referral
CUST03933,Rahul Mehta,Male,31.0,Mumbai,Maharashtra,2024-08-25,Paid Search
CUST03934,Anita Chauhan,Female,31.0,Kolkata,West Bengal,2023-02-26,Paid Search
CUST03935,Kunal Mishra,Male,30.0,Thane,Maharashtra,2024-08-13,Paid Search
CUST03936,Vivaan Agarwal,Male,43.0,Gurugram,Haryana,2023-12-17,Paid Search
CUST03937,Ananya Bansal,Female,23.0,Noida,Uttar Pradesh,2024-03-12,Referral
CUST03938,Priya Chopra,Female,32.0,Chennai,Tamil Nadu,2024-12-27,Direct
CUST03939,Anjali Gupta,Female,28.0,Surat,Gujarat,2024-08-13,Social Media
CUST03940,Suresh Nair,Male,27.0,Pune,Maharashtra,2023-05-19,Organic Search
CUST03941,Arjun Rao,Male,33.0,Pune,Maharashtra,2023-04-21,Paid Search
CUST03942,Kavya Shah,Female,32.0,Delhi,Delhi,2023-09-16,Paid Search
CUST03943,Manish Chatterjee,Male,44.0,Kanpur,Uttar Pradesh,2023-09-22,Social Media
CUST03944,Pooja Mehta,Female,33.0,Noida,Uttar Pradesh,2024-11-22,Organic Search
CUST03945,Kunal Mukherjee,Male,39.0,Delhi,Delhi,2023-09-06,Social Media
CUST03946,Krishna Banerjee,Male,35.0,Hyderabad,Telangana,2025-07-04,Paid Search
CUST03947,Tarun Sharma,Male,47.0,Mumbai,Maharashtra,2023-10-15,Organic Search
CUST03948,Pranav Singh,Male,30.0,Ahmedabad,Gujarat,2023-05-16,Organic Search
CUST03949,Ishaan Joshi,Male,30.0,Kolkata,West Bengal,2025-06-29,Organic Search
CUST03950,Riya Saxena,Female,40.0,Ahmedabad,Gujarat,2024-01-21,Direct
CUST03951,Payal Joshi,Female,30.0,Kolkata,West Bengal,2024-06-05,Social Media
CUST03952,Rahul Mishra,Male,38.0,Vadodara,Gujarat,2025-08-31,Social Media
CUST03953,Sneha Saxena,Female,56.0,Bengaluru,Karnataka,2025-08-20,Organic Search
CUST03954,Tarun Malhotra,Male,23.0,Bhopal,Madhya Pradesh,2025-02-21,Email
CUST03955,Suresh Joshi,Male,48.0,Patna,Bihar,2023-04-15,Organic Search
CUST03956,Radhika Joshi,Female,28.0,Jaipur,Rajasthan,2024-11-09,Paid Search
CUST03957,Radhika Shah,Female,46.0,Hyderabad,Telangana,2025-09-23,Social Media
CUST03958,Divya Kumar,Female,40.0,Gurugram,Haryana,2025-08-22,Organic Search
CUST03959,Aarav Reddy,Male,39.0,Ahmedabad,Gujarat,2023-06-05,Email
CUST03960,Abhishek Rao,Male,31.0,Mumbai,Maharashtra,2024-05-06,Referral
CUST03961,Preeti Reddy,Female,30.0,Delhi,Delhi,2024-02-12,Paid Search
CUST03962,Swati Patel,Female,26.0,Coimbatore,Tamil Nadu,2023-07-07,Paid Search
CUST03963,Shreya Agarwal,Female,33.0,Delhi,Delhi,2025-02-04,Organic Search
CUST03964,Juhi Iyer,Female,31.0,Chennai,Tamil Nadu,2023-12-28,Social Media
CUST03965,Nikhil Joshi,Male,35.0,Nagpur,Maharashtra,2024-03-14,Paid Search
CUST03966,Meera Iyer,Female,19.0,Pune,Maharashtra,2023-05-15,Referral
CUST03967,Aditi Chatterjee,Female,33.0,Lucknow,Uttar Pradesh,2024-08-14,Social Media
CUST03968,Varun Menon,Male,46.0,Hyderabad,Telangana,2023-08-13,Paid Search
CUST03969,Vikram Joshi,Male,42.0,Lucknow,Uttar Pradesh,2024-06-11,Organic Search
CUST03970,Kavya Shah,Female,33.0,Mumbai,Maharashtra,2023-07-25,Paid Search
CUST03971,Suresh Saxena,Male,59.0,Bengaluru,Karnataka,2025-08-27,Paid Search
CUST03972,Swati Desai,Female,27.0,Delhi,Delhi,2023-07-27,Direct
CUST03973,Tanvi Malhotra,Female,32.0,Chennai,Tamil Nadu,2024-09-05,Social Media
CUST03974,Naveen Nair,Male,18.0,Delhi,Delhi,2023-09-30,Social Media
CUST03975,Preeti Chauhan,Female,29.0,Pune,Maharashtra,2023-04-25,Organic Search
CUST03976,Preeti Iyer,Female,51.0,Delhi,Delhi,2023-10-06,Paid Search
CUST03977,Varun Chauhan,Male,29.0,Chennai,Tamil Nadu,2023-03-25,Paid Search
CUST03978,Anita Shah,Female,18.0,Mumbai,Maharashtra,2023-07-20,Direct
CUST03979,Reyansh Chauhan,Male,42.0,Chennai,Tamil Nadu,2024-08-09,Social Media
CUST03980,Kavya Tiwari,Female,37.0,Vadodara,Gujarat,2024-12-30,Organic Search
CUST03981,Nikhil Shah,Male,41.0,Hyderabad,Telangana,2023-05-11,Direct
CUST03982,Krishna Verma,Male,30.0,Indore,Madhya Pradesh,2024-06-20,Organic Search
CUST03983,Anita Yadav,Female,23.0,Chennai,Tamil Nadu,2024-10-29,Social Media
CUST03984,Varun Joshi,Male,31.0,Bengaluru,Karnataka,2023-11-13,Referral
CUST03985,Nikhil Mehta,Male,39.0,Hyderabad,Telangana,2024-04-12,Social Media
CUST03986,Kunal Das,Male,32.0,Hyderabad,Telangana,2023-04-19,Direct
CUST03987,Komal Saxena,Female,37.0,Thane,Maharashtra,2023-10-27,Referral
CUST03988,Juhi Tiwari,Female,28.0,Delhi,Delhi,2024-07-15,Organic Search
CUST03989,Varun Rao,Male,37.0,Kochi,Kerala,2025-09-24,Social Media
CUST03990,Rohan Malhotra,Male,33.0,Nagpur,Maharashtra,2025-09-28,Social Media
CUST03991,Ishaan Mukherjee,Male,26.0,Ahmedabad,Gujarat,2025-09-16,Paid Search
CUST03992,Swati Reddy,Female,34.0,Guwahati,Assam,2024-06-02,Direct
CUST03993,Vihaan Kumar,Male,29.0,Bengaluru,Karnataka,2023-05-01,Referral
CUST03994,Swati Singh,Female,39.0,Bhopal,Madhya Pradesh,2024-02-21,Paid Search
CUST03995,Harsh Sharma,Male,42.0,Bengaluru,Karnataka,2023-11-17,Organic Search
CUST03996,Ritu Kapoor,Female,38.0,Pune,Maharashtra,2023-01-23,Organic Search
CUST03997,Priya Reddy,Female,18.0,Mumbai,Maharashtra,2023-05-22,Organic Search
CUST03998,Sanjay Joshi,Male,,Ludhiana,Punjab,2024-07-02,Social Media
CUST03999,Komal Agarwal,Female,27.0,Ahmedabad,Gujarat,2024-03-09,Social Media
CUST04000,Sanjay Sharma,Male,25.0,Jaipur,Rajasthan,2023-09-09,Organic Search
CUST04001,Aditi Chatterjee,Female,28.0,Gurugram,Haryana,2025-02-22,Social Media
CUST04002,Yash Reddy,Male,42.0,Mumbai,Maharashtra,2024-03-27,Organic Search
CUST04003,Rahul Desai,Male,40.0,Noida,Uttar Pradesh,2025-06-11,Direct
CUST04004,Ankit Kumar,Male,29.0,Pune,Maharashtra,2023-11-21,Referral
CUST04005,Harsh Joshi,Male,39.0,Visakhapatnam,Andhra Pradesh,2024-09-20,Organic Search
CUST04006,Preeti Joshi,Female,36.0,Kolkata,West Bengal,2023-09-14,Organic Search
CUST04007,Sunita Kapoor,Female,33.0,Vadodara,Gujarat,2024-08-11,Direct
CUST04008,Sanjay Singh,Male,44.0,Rajkot,Gujarat,2023-08-05,Organic Search
CUST04009,Sneha Saxena,Female,26.0,Ahmedabad,Gujarat,2023-08-17,
CUST04010,Priya Chatterjee,Female,34.0,Indore,Madhya Pradesh,2024-11-25,Organic Search
CUST04011,Krishna Chatterjee,Male,22.0,Guwahati,Assam,2023-12-17,Paid Search
CUST04012,Harsh Chopra,Male,23.0,Bhopal,Madhya Pradesh,2023-08-31,Social Media
CUST04013,Saanvi Mishra,Female,19.0,Noida,Uttar Pradesh,2025-08-09,Paid Search
CUST04014,Rajesh Malhotra,Male,23.0,Thane,Maharashtra,2023-03-08,Email
CUST04015,Ritu Malhotra,Female,34.0,Hyderabad,Telangana,2024-10-15,Direct
CUST04016,Naveen Malhotra,Male,30.0,Ghaziabad,Uttar Pradesh,2024-09-29,Paid Search
CUST04017,Tarun Malhotra,Male,30.0,Lucknow,Uttar Pradesh,2023-12-02,Paid Search
CUST04018,Komal Das,Female,30.0,Mumbai,Maharashtra,2024-07-02,Social Media
CUST04019,Pooja Mukherjee,Female,51.0,Delhi,Delhi,2023-05-11,Email
CUST04020,Aadhya Banerjee,Female,22.0,Bengaluru,Karnataka,2025-02-26,Organic Search
CUST04021,Ankit Agarwal,Male,21.0,Thane,Maharashtra,2023-10-29,Paid Search
CUST04022,Anjali Banerjee,Female,25.0,Patna,Bihar,2023-09-25,Paid Search
CUST04023,Anita Kumar,Female,32.0,Ghaziabad,Uttar Pradesh,2024-02-11,Organic Search
CUST04024,Rekha Banerjee,Female,38.0,Mumbai,Maharashtra,2025-07-20,Email
CUST04025,Payal Kapoor,Female,39.0,Mumbai,Maharashtra,2025-04-28,Direct
CUST04026,Kavya Das,Female,,Hyderabad,Telangana,2025-08-22,Referral
CUST04027,Sneha Desai,Female,32.0,Kanpur,Uttar Pradesh,2024-12-30,Social Media
CUST04028,Rekha Iyer,Female,29.0,Ludhiana,Punjab,2025-01-08,Email
CUST04029,Rekha Patel,Female,49.0,Nashik,Maharashtra,2024-07-28,Organic Search
CUST04030,Rahul Chopra,Male,18.0,Delhi,Delhi,2025-07-22,Organic Search
CUST04031,Kiran Verma,Female,34.0,Visakhapatnam,Andhra Pradesh,2024-08-26,Paid Search
CUST04032,Meera Mehta,Female,37.0,Lucknow,Uttar Pradesh,2024-03-25,Paid Search
CUST04033,Naveen Mishra,Male,52.0,Gurugram,Haryana,2024-12-20,Direct
CUST04034,Aditya Iyer,Male,18.0,Visakhapatnam,Andhra Pradesh,2024-09-27,Email
CUST04035,Nikhil Nair,Male,29.0,Pune,Maharashtra,2023-06-29,Paid Search
CUST04036,Simran Singh,Female,19.0,Patna,Bihar,2024-05-03,Organic Search
CUST04037,Yash Mehta,Male,18.0,Hyderabad,Telangana,2024-02-10,Organic Search
CUST04038,Ishaan Nair,Male,31.0,Patna,Bihar,2025-06-07,Paid Search
CUST04039,Abhishek Reddy,Male,41.0,Visakhapatnam,Andhra Pradesh,2024-04-19,Social Media
CUST04040,Ishaan Mehta,Male,45.0,Agra,Uttar Pradesh,2025-05-18,Direct
CUST04041,Aadhya Mishra,Female,28.0,Bengaluru,Karnataka,2024-06-21,Organic Search
CUST04042,Rajesh Das,Male,40.0,Ludhiana,Punjab,2025-03-25,Email
CUST04043,Arjun Verma,Male,31.0,Delhi,Delhi,2023-07-14,Social Media
CUST04044,Karthik Mishra,Male,39.0,Visakhapatnam,Andhra Pradesh,2025-08-06,Paid Search
CUST04045,Kiran Yadav,Female,45.0,Gurugram,Haryana,2024-07-28,Organic Search
CUST04046,Pooja Singh,Female,31.0,Mumbai,Maharashtra,2023-12-12,Organic Search
CUST04047,Krishna Mehta,Male,44.0,Surat,Gujarat,2023-11-21,Social Media
CUST04048,Deepak Patel,Male,21.0,Lucknow,Uttar Pradesh,2023-12-18,Referral
CUST04049,Tanvi Malhotra,Female,40.0,Vadodara,Gujarat,2024-04-06,Social Media
CUST04050,Divya Desai,Female,43.0,Mumbai,Maharashtra,2025-02-23,Email
CUST04051,Simran Agarwal,Female,42.0,Chandigarh,Chandigarh,2025-08-24,Paid Search
CUST04052,Aarav Mukherjee,Male,21.0,Guwahati,Assam,2025-01-14,Organic Search
CUST04053,Anjali Rao,Female,31.0,Kanpur,Uttar Pradesh,2024-09-28,
CUST04054,Nisha Mehta,Female,36.0,Chennai,Tamil Nadu,2024-06-27,Referral
CUST04055,Ishaan Kapoor,Male,37.0,Lucknow,Uttar Pradesh,2025-05-23,Paid Search
CUST04056,Diya Iyer,Female,34.0,Mumbai,Maharashtra,2025-06-09,Referral
CUST04057,Payal Menon,Female,47.0,Bhopal,Madhya Pradesh,2024-01-19,Paid Search
CUST04058,Neha Shah,Female,,Mumbai,Maharashtra,2025-08-27,Organic Search
CUST04059,Shreya Bansal,Female,31.0,Hyderabad,Telangana,2024-05-05,Social Media
CUST04060,Aditya Desai,Male,18.0,Delhi,Delhi,2025-05-01,Social Media
CUST04061,Harsh Shah,Male,39.0,Indore,Madhya Pradesh,2025-09-06,Social Media
CUST04062,Suresh Menon,Male,39.0,Jaipur,Rajasthan,2025-02-12,Organic Search
CUST04063,Ananya Chopra,Female,65.0,Nagpur,Maharashtra,2023-08-17,Organic Search
CUST04064,Ankit Malhotra,Male,43.0,Mumbai,Maharashtra,2024-11-02,Social Media
CUST04065,Aditya Chatterjee,Male,36.0,Ahmedabad,Gujarat,2023-06-23,Social Media
CUST04066,Kavya Kapoor,Female,36.0,Ahmedabad,Gujarat,2025-04-23,Organic Search
CUST04067,Manish Desai,Male,30.0,Jaipur,Rajasthan,2024-01-06,Paid Search
CUST04068,Juhi Gupta,Female,34.0,Mumbai,Maharashtra,2025-02-05,Social Media
CUST04069,Ishaan Joshi,Male,36.0,Lucknow,Uttar Pradesh,2025-07-26,Social Media
CUST04070,Pranav Verma,Male,18.0,Ahmedabad,Gujarat,2023-09-10,Organic Search
CUST04071,Yash Bansal,Male,35.0,Chandigarh,Chandigarh,2024-05-03,Direct
CUST04072,Reyansh Yadav,Male,34.0,Chennai,Tamil Nadu,2024-12-26,Organic Search
CUST04073,Nikhil Verma,Male,51.0,Mumbai,Maharashtra,2024-05-30,Organic Search
CUST04074,Vivaan Rao,Male,32.0,Mumbai,Maharashtra,2023-09-03,Organic Search
CUST04075,Sunita Bansal,Female,25.0,Bengaluru,Karnataka,2023-02-15,Organic Search
CUST04076,Aditya Kapoor,Male,36.0,Bengaluru,Karnataka,2024-05-17,Social Media
CUST04077,Suresh Iyer,Male,34.0,Patna,Bihar,2024-12-28,Organic Search
CUST04078,Ishaan Mehta,Male,32.0,Indore,Madhya Pradesh,2024-10-23,Organic Search
CUST04079,Manish Reddy,Male,20.0,Mumbai,Maharashtra,2023-08-10,Organic Search
CUST04080,Nikhil Singh,Male,31.0,Ludhiana,Punjab,2024-06-29,Organic Search
CUST04081,Ankit Saxena,Male,27.0,Mumbai,Maharashtra,2024-04-09,Paid Search
CUST04082,Riya Malhotra,Female,31.0,Patna,Bihar,2023-12-29,Organic Search
CUST04083,Simran Das,Female,40.0,Delhi,Delhi,2025-03-05,Organic Search
CUST04084,Pooja Saxena,Female,26.0,Ahmedabad,Gujarat,2024-02-06,Referral
CUST04085,Rekha Iyer,Female,31.0,Bhopal,Madhya Pradesh,2024-09-22,Paid Search
CUST04086,Priya Pandey,Female,38.0,Bengaluru,Karnataka,2025-08-05,Organic Search
CUST04087,Ankit Pandey,Male,30.0,Delhi,Delhi,2024-09-21,Social Media
CUST04088,Varun Singh,Male,59.0,Patna,Bihar,2024-11-30,Organic Search
CUST04089,Ritu Saxena,Female,35.0,Nagpur,Maharashtra,2023-04-21,Organic Search
CUST04090,Aarav Agarwal,Male,21.0,Coimbatore,Tamil Nadu,2023-09-07,Organic Search
CUST04091,Harsh Nair,Male,25.0,Lucknow,Uttar Pradesh,2023-05-29,Organic Search
CUST04092,Juhi Menon,Female,24.0,Mumbai,Maharashtra,2025-04-03,Organic Search
CUST04093,Siddharth Gupta,Male,25.0,Lucknow,Uttar Pradesh,2025-05-30,Organic Search
CUST04094,Rahul Bansal,Male,38.0,Ghaziabad,Uttar Pradesh,2023-09-17,Paid Search
CUST04095,Sunita Rao,Female,22.0,Mumbai,Maharashtra,2023-10-26,Organic Search
CUST04096,Ankit Nair,Male,30.0,Delhi,Delhi,2024-02-20,Organic Search
CUST04097,Rahul Mukherjee,Male,44.0,Kanpur,Uttar Pradesh,2024-11-07,Direct
CUST04098,Aditya Mukherjee,Male,28.0,Patna,Bihar,2024-12-04,Social Media
CUST04099,Ankit Shah,Male,40.0,Hyderabad,Telangana,2025-01-29,Social Media
CUST04100,Sunita Sharma,Female,18.0,Thane,Maharashtra,2025-07-22,Paid Search
CUST04101,Preeti Chopra,Female,29.0,Delhi,Delhi,2024-01-21,Social Media
CUST04102,Ankit Chatterjee,Male,24.0,Chennai,Tamil Nadu,2025-01-05,Social Media
CUST04103,Nikhil Chopra,Male,36.0,Bhopal,Madhya Pradesh,2024-10-10,
CUST04104,Aman Iyer,Male,23.0,Delhi,Delhi,2024-02-02,Referral
CUST04105,Pooja Iyer,Female,54.0,Hyderabad,Telangana,2025-07-24,Email
CUST04106,Suresh Mishra,Male,18.0,Surat,Gujarat,2023-05-22,Organic Search
CUST04107,Krishna Reddy,Male,44.0,Hyderabad,Telangana,2025-02-19,Organic Search
CUST04108,Diya Iyer,Female,42.0,Nashik,Maharashtra,2025-03-04,Organic Search
CUST04109,Ritu Nair,Female,36.0,Noida,Uttar Pradesh,2025-07-30,Paid Search
CUST04110,Ananya Patel,Female,34.0,Lucknow,Uttar Pradesh,2024-09-02,Referral
CUST04111,Riya Shah,Female,52.0,Visakhapatnam,Andhra Pradesh,2024-02-19,Social Media
CUST04112,Preeti Tiwari,Female,58.0,Chandigarh,Chandigarh,2025-05-23,Paid Search
CUST04113,Meera Gupta,Female,31.0,Nagpur,Maharashtra,2025-04-08,Paid Search
CUST04114,Radhika Chopra,Female,35.0,Visakhapatnam,Andhra Pradesh,2024-08-16,
CUST04115,Kunal Singh,Male,27.0,Mumbai,Maharashtra,2025-04-05,Paid Search
CUST04116,Arjun Kumar,Male,21.0,Ghaziabad,Uttar Pradesh,2023-12-22,Social Media
CUST04117,Tarun Chopra,Male,38.0,Bengaluru,Karnataka,2024-11-05,Social Media
CUST04118,Komal Desai,Female,35.0,Mumbai,Maharashtra,2025-06-21,
CUST04119,Sneha Nair,Female,18.0,Jaipur,Rajasthan,2024-02-15,Social Media
CUST04120,Ishita Mehta,Female,38.0,Bengaluru,Karnataka,2024-07-31,Social Media
CUST04121,Rajesh Menon,Male,36.0,Mumbai,Maharashtra,2025-08-25,Social Media
CUST04122,Sunita Pandey,Female,27.0,Surat,Gujarat,2025-04-30,Direct
CUST04123,Vihaan Chopra,Male,26.0,Mumbai,Maharashtra,2025-07-08,Social Media
CUST04124,Tarun Pandey,Male,37.0,Coimbatore,Tamil Nadu,2024-04-25,Social Media
CUST04125,Kavya Reddy,Female,49.0,Noida,Uttar Pradesh,2025-09-28,Direct
CUST04126,Rekha Chatterjee,Female,37.0,Thane,Maharashtra,2023-08-06,Direct
CUST04127,Nisha Malhotra,Female,41.0,Bengaluru,Karnataka,2024-09-02,Paid Search
CUST04128,Arjun Pandey,Male,25.0,Pune,Maharashtra,2024-07-27,Referral
CUST04129,Vihaan Desai,Male,29.0,Mumbai,Maharashtra,2025-04-30,Direct
CUST04130,Pranav Verma,Male,39.0,Surat,Gujarat,2025-07-25,Organic Search
CUST04131,Siddharth Chatterjee,Male,19.0,Bengaluru,Karnataka,2025-03-06,Paid Search
CUST04132,Divya Chauhan,Female,35.0,Chennai,Tamil Nadu,2024-12-08,Paid Search
CUST04133,Aditya Bansal,Male,38.0,Delhi,Delhi,2024-06-07,Social Media
CUST04134,Aarav Tiwari,Male,33.0,Kochi,Kerala,2024-08-25,Direct
CUST04135,Tarun Agarwal,Male,36.0,Delhi,Delhi,2024-08-24,Organic Search
CUST04136,Komal Kumar,Female,34.0,Chennai,Tamil Nadu,2023-02-02,Email
CUST04137,Aadhya Shah,Female,27.0,Bengaluru,Karnataka,2024-08-18,Email
CUST04138,Aman Nair,Male,21.0,Pune,Maharashtra,2025-06-14,Social Media
CUST04139,Arjun Singh,Male,32.0,Chandigarh,Chandigarh,2025-02-16,Social Media
CUST04140,Preeti Malhotra,Female,46.0,Delhi,Delhi,2025-04-28,Social Media
CUST04141,Preeti Nair,Female,43.0,Delhi,Delhi,2024-05-01,Organic Search
CUST04142,Yash Patel,Male,30.0,Mumbai,Maharashtra,2024-09-12,Organic Search
CUST04143,Varun Mehta,Male,29.0,Jaipur,Rajasthan,2023-02-22,Organic Search
CUST04144,Kiran Tiwari,Female,29.0,Jaipur,Rajasthan,2024-04-23,Organic Search
CUST04145,Ishita Bansal,Female,29.0,Ghaziabad,Uttar Pradesh,2024-07-22,Social Media
CUST04146,Vikram Rao,Male,36.0,Ludhiana,Punjab,2023-12-07,Referral
CUST04147,Tarun Bansal,Male,44.0,Mumbai,Maharashtra,2023-02-18,Organic Search
CUST04148,Kunal Mishra,Male,56.0,Chandigarh,Chandigarh,2025-02-01,Social Media
CUST04149,Yash Bansal,Male,25.0,Ghaziabad,Uttar Pradesh,2024-06-14,Organic Search
CUST04150,Reyansh Iyer,Male,40.0,Lucknow,Uttar Pradesh,2024-05-26,Paid Search
CUST04151,Rahul Patel,Male,38.0,Hyderabad,Telangana,2023-12-01,Organic Search
CUST04152,Rohan Bansal,Male,30.0,Thane,Maharashtra,2024-09-20,Organic Search
CUST04153,Nikhil Verma,Male,23.0,Surat,Gujarat,2024-06-17,Referral
CUST04154,Suresh Reddy,Male,36.0,Hyderabad,Telangana,2024-07-22,Paid Search
CUST04155,Vivaan Gupta,Male,54.0,Mumbai,Maharashtra,2024-10-29,Organic Search
CUST04156,Ishita Mehta,Female,36.0,Jaipur,Rajasthan,2023-01-11,Organic Search
CUST04157,Rajesh Rao,Male,25.0,Jaipur,Rajasthan,2025-07-24,Referral
CUST04158,Juhi Nair,Female,31.0,Delhi,Delhi,2023-04-18,Paid Search
CUST04159,Diya Kumar,Female,22.0,Chandigarh,Chandigarh,2024-06-30,Direct
CUST04160,Priya Desai,Female,33.0,Delhi,Delhi,2023-10-12,Social Media
CUST04161,Vikram Tiwari,Male,40.0,Bengaluru,Karnataka,2024-09-07,
CUST04162,Arjun Singh,Male,26.0,Ahmedabad,Gujarat,2024-01-04,Paid Search
CUST04163,Sunita Chopra,Female,18.0,Kanpur,Uttar Pradesh,2025-06-17,Email
CUST04164,Siddharth Patel,Male,36.0,Mumbai,Maharashtra,2024-05-07,Referral
CUST04165,Siddharth Kapoor,Male,28.0,Nagpur,Maharashtra,2024-12-19,Organic Search
CUST04166,Gaurav Kumar,Male,25.0,Chennai,Tamil Nadu,2023-11-30,Paid Search
CUST04167,Diya Pandey,Female,25.0,Delhi,Delhi,2023-01-31,Organic Search
CUST04168,Sneha Sharma,Female,37.0,Delhi,Delhi,2024-05-14,Direct
CUST04169,Siddharth Shah,Male,29.0,Chennai,Tamil Nadu,2024-09-19,Social Media
CUST04170,Riya Kapoor,Female,42.0,Chennai,Tamil Nadu,2024-07-08,Organic Search
CUST04171,Swati Malhotra,Female,43.0,Delhi,Delhi,2025-09-03,Paid Search
CUST04172,Naveen Chatterjee,Male,30.0,Kolkata,West Bengal,2025-02-14,Paid Search
CUST04173,Varun Mehta,Male,28.0,Kolkata,West Bengal,2025-09-27,Direct
CUST04174,Rajesh Desai,Male,34.0,Kochi,Kerala,2024-01-21,Paid Search
CUST04175,Sneha Saxena,Female,32.0,Indore,Madhya Pradesh,2025-04-22,Organic Search
CUST04176,Aditi Kapoor,Female,18.0,Mumbai,Maharashtra,2024-10-06,Social Media
CUST04177,Kavya Patel,Female,52.0,Kolkata,West Bengal,2024-11-25,Organic Search
CUST04178,Nisha Mishra,Female,40.0,Mumbai,Maharashtra,2025-09-20,Social Media
CUST04179,Arjun Chopra,Male,28.0,Kolkata,West Bengal,2025-01-01,Paid Search
CUST04180,Anita Joshi,Female,18.0,Hyderabad,Telangana,2025-07-17,Email
CUST04181,Aadhya Patel,,31.0,Coimbatore,Tamil Nadu,2025-03-02,Social Media
CUST04182,Meera Reddy,Female,27.0,Kolkata,West Bengal,2023-07-04,Organic Search
CUST04183,Rajesh Banerjee,Male,32.0,Ludhiana,Punjab,2025-02-08,Direct
CUST04184,Rajesh Joshi,Male,18.0,Jaipur,Rajasthan,2024-08-01,Direct
CUST04185,Abhishek Nair,Male,28.0,Ahmedabad,Gujarat,2025-08-01,Paid Search
CUST04186,Rahul Kapoor,Male,29.0,Bengaluru,Karnataka,2025-05-07,Social Media
CUST04187,Sunita Kumar,Female,31.0,Delhi,Delhi,2023-06-03,Social Media
CUST04188,Priya Yadav,Female,31.0,Patna,Bihar,2023-07-12,Paid Search
CUST04189,Ishita Patel,Female,34.0,Rajkot,Gujarat,2023-04-16,Organic Search
CUST04190,Ankit Tiwari,Male,48.0,Hyderabad,Telangana,2024-08-09,Paid Search
CUST04191,Yash Chopra,Male,28.0,Kolkata,West Bengal,2023-05-02,Organic Search
CUST04192,Rohan Bansal,,24.0,Bengaluru,Karnataka,2025-02-28,Email
CUST04193,Anjali Rao,Female,18.0,Chennai,Tamil Nadu,2024-10-03,Referral
CUST04194,Neha Rao,Female,28.0,Nashik,Maharashtra,2025-05-30,Organic Search
CUST04195,Rajesh Yadav,Male,19.0,Delhi,Delhi,2024-01-04,Social Media
CUST04196,Nisha Chauhan,Female,43.0,Bengaluru,Karnataka,2024-09-02,Organic Search
CUST04197,Neha Joshi,Female,32.0,Nagpur,Maharashtra,2023-06-21,Organic Search
CUST04198,Suresh Iyer,Male,42.0,Hyderabad,Telangana,2025-07-06,Organic Search
CUST04199,Harsh Das,Male,48.0,Mumbai,Maharashtra,2023-09-03,Paid Search
CUST04200,Rohan Chopra,Male,24.0,Ahmedabad,Gujarat,2023-05-31,Referral
CUST04201,Vivaan Bansal,Male,30.0,Kanpur,Uttar Pradesh,2023-10-09,Organic Search
CUST04202,Kavya Chatterjee,Female,46.0,Kochi,Kerala,2025-05-06,Direct
CUST04203,Varun Bansal,Male,35.0,Coimbatore,Tamil Nadu,2023-06-05,Paid Search
CUST04204,Sneha Kapoor,Female,38.0,Pune,Maharashtra,2024-11-27,Organic Search
CUST04205,Ishita Chauhan,Female,43.0,Visakhapatnam,Andhra Pradesh,2025-03-19,Paid Search
CUST04206,Priya Yadav,Female,42.0,Pune,Maharashtra,2025-03-23,Social Media
CUST04207,Kiran Menon,Female,37.0,Kolkata,West Bengal,2023-09-21,Paid Search
CUST04208,Aman Bansal,Male,47.0,Delhi,Delhi,2023-04-04,Paid Search
CUST04209,Pooja Desai,Female,32.0,Bengaluru,Karnataka,2024-06-28,Organic Search
CUST04210,Aarav Kapoor,Male,38.0,Chennai,Tamil Nadu,2023-10-06,Social Media
CUST04211,Saanvi Shah,Female,31.0,Kochi,Kerala,2025-02-08,Paid Search
CUST04212,Ankit Bansal,Male,43.0,Jaipur,Rajasthan,2024-03-27,Direct
CUST04213,Vihaan Singh,Male,26.0,Gurugram,Haryana,2024-06-28,Paid Search
CUST04214,Vihaan Patel,Male,18.0,Bengaluru,Karnataka,2023-06-15,Organic Search
CUST04215,Priya Nair,Female,40.0,Mumbai,Maharashtra,2024-10-17,Referral
CUST04216,Kiran Agarwal,Female,23.0,Kochi,Kerala,2023-09-16,Organic Search
CUST04217,Ishita Menon,Female,22.0,Hyderabad,Telangana,2025-01-22,Organic Search
CUST04218,Vivaan Desai,Male,46.0,Pune,Maharashtra,2023-04-18,
CUST04219,Aditi Mishra,Female,43.0,Mumbai,Maharashtra,2025-09-13,Organic Search
CUST04220,Ishita Chopra,Female,30.0,Agra,Uttar Pradesh,2025-01-27,Paid Search
CUST04221,Harsh Yadav,Male,18.0,Mumbai,Maharashtra,2023-09-11,Paid Search
CUST04222,Vivaan Kumar,Male,38.0,Chandigarh,Chandigarh,2023-01-23,Email
CUST04223,Rahul Verma,Male,40.0,Delhi,Delhi,2024-03-03,Social Media
CUST04224,Sneha Mehta,Female,38.0,Delhi,Delhi,2023-08-06,Email
CUST04225,Yash Pandey,Male,38.0,Ghaziabad,Uttar Pradesh,2023-10-25,Direct
CUST04226,Rohan Chopra,Male,31.0,Ahmedabad,Gujarat,2025-06-27,Social Media
CUST04227,Ananya Iyer,Female,29.0,Bengaluru,Karnataka,2024-11-18,
CUST04228,Aditi Mishra,Female,22.0,Jaipur,Rajasthan,2023-09-05,Email
CUST04229,Rahul Kapoor,Male,26.0,Bengaluru,Karnataka,2024-10-07,Referral
CUST04230,Diya Yadav,Female,36.0,Bengaluru,Karnataka,2023-12-08,Paid Search
CUST04231,Ishaan Gupta,Male,36.0,Mumbai,Maharashtra,2025-09-13,Social Media
CUST04232,Sunita Yadav,Female,41.0,Pune,Maharashtra,2023-02-21,Paid Search
CUST04233,Deepak Banerjee,Male,19.0,Delhi,Delhi,2025-03-07,Organic Search
CUST04234,Rohan Gupta,Male,18.0,Ludhiana,Punjab,2025-04-10,Social Media
CUST04235,Ananya Verma,Female,29.0,Bhopal,Madhya Pradesh,2023-04-12,Paid Search
CUST04236,Aman Das,Male,23.0,Bengaluru,Karnataka,2023-08-30,Paid Search
CUST04237,Ananya Joshi,Female,35.0,Pune,Maharashtra,2024-04-24,Paid Search
CUST04238,Ankit Patel,Male,20.0,Jaipur,Rajasthan,2025-06-24,Social Media
CUST04239,Manish Rao,Male,45.0,Lucknow,Uttar Pradesh,2024-09-19,Email
CUST04240,Ritu Iyer,Female,25.0,Chennai,Tamil Nadu,2025-01-02,Direct
CUST04241,Ritu Sharma,Female,49.0,Lucknow,Uttar Pradesh,2025-04-18,Social Media
CUST04242,Aditi Saxena,Female,38.0,Delhi,Delhi,2025-05-23,Direct
CUST04243,Swati Yadav,Female,22.0,Kolkata,West Bengal,2024-07-24,Organic Search
CUST04244,Ankit Mehta,Male,54.0,Mumbai,Maharashtra,2024-08-24,Organic Search
CUST04245,Arjun Chauhan,Male,36.0,Gurugram,Haryana,2025-02-24,Email
CUST04246,Aarav Desai,Male,35.0,Ahmedabad,Gujarat,2023-12-16,Social Media
CUST04247,Ananya Patel,Female,32.0,Surat,Gujarat,2025-06-13,Referral
CUST04248,Karthik Bansal,Male,38.0,Kolkata,West Bengal,2023-02-02,Social Media
CUST04249,Aditya Gupta,Male,38.0,Mumbai,Maharashtra,2023-09-28,Organic Search
CUST04250,Priya Menon,Female,24.0,Mumbai,Maharashtra,2025-05-01,Social Media
CUST04251,Rohan Agarwal,Male,31.0,Bengaluru,Karnataka,2024-03-10,Organic Search
CUST04252,Shreya Pandey,Female,34.0,Kanpur,Uttar Pradesh,2023-08-02,Paid Search
CUST04253,Naveen Reddy,Male,39.0,Lucknow,Uttar Pradesh,2023-09-17,Social Media
CUST04254,Varun Desai,Male,39.0,Delhi,Delhi,2024-09-13,Social Media
CUST04255,Rajesh Chauhan,Male,35.0,Kolkata,West Bengal,2025-06-07,Paid Search
CUST04256,Reyansh Chauhan,Male,27.0,Ahmedabad,Gujarat,2023-04-17,Social Media
CUST04257,Anita Sharma,Female,27.0,Pune,Maharashtra,2023-02-17,
CUST04258,Rahul Gupta,Male,21.0,Hyderabad,Telangana,2024-07-13,Organic Search
CUST04259,Pooja Patel,Female,39.0,Coimbatore,Tamil Nadu,2025-08-29,Organic Search
CUST04260,Nisha Sharma,Female,27.0,Kolkata,West Bengal,2024-01-03,Organic Search
CUST04261,Aditya Pandey,Male,31.0,Chennai,Tamil Nadu,2025-08-31,Paid Search
CUST04262,Divya Verma,Female,35.0,Nagpur,Maharashtra,2025-07-09,Organic Search
CUST04263,Ritu Mishra,Female,33.0,Visakhapatnam,Andhra Pradesh,2024-01-08,Paid Search
CUST04264,Karthik Rao,Male,33.0,Chennai,Tamil Nadu,2025-05-15,Organic Search
CUST04265,Sunita Gupta,Female,24.0,Delhi,Delhi,2025-01-28,Organic Search
CUST04266,Tarun Iyer,Male,36.0,Mumbai,Maharashtra,2024-08-27,Paid Search
CUST04267,Priya Chopra,Female,30.0,Hyderabad,Telangana,2024-06-02,Direct
CUST04268,Rahul Kumar,Male,32.0,Thane,Maharashtra,2025-05-13,Organic Search
CUST04269,Shreya Tiwari,Female,45.0,Lucknow,Uttar Pradesh,2025-04-26,Organic Search
CUST04270,Shreya Patel,Female,38.0,Bengaluru,Karnataka,2025-03-28,Organic Search
CUST04271,Riya Pandey,Female,27.0,Mumbai,Maharashtra,2025-09-29,Direct
CUST04272,Ritu Sharma,Female,32.0,Lucknow,Uttar Pradesh,2024-07-26,Paid Search
CUST04273,Krishna Agarwal,Male,49.0,Pune,Maharashtra,2025-05-07,Referral
CUST04274,Pooja Banerjee,Female,30.0,Visakhapatnam,Andhra Pradesh,2025-06-19,Organic Search
CUST04275,Naveen Bansal,Male,33.0,Kanpur,Uttar Pradesh,2023-10-17,Organic Search
CUST04276,Suresh Kapoor,Male,40.0,Bengaluru,Karnataka,2023-03-07,Paid Search
CUST04277,Ishaan Patel,Male,35.0,Thane,Maharashtra,2024-05-15,Social Media
CUST04278,Preeti Verma,Female,29.0,Kolkata,West Bengal,2025-06-15,Referral
CUST04279,Nisha Menon,Female,26.0,Jaipur,Rajasthan,2024-01-14,Organic Search
CUST04280,Aarav Joshi,Male,33.0,Ahmedabad,Gujarat,2025-02-09,Direct
CUST04281,Saanvi Chauhan,Female,40.0,Patna,Bihar,2023-01-12,Paid Search
CUST04282,Priya Mehta,Female,46.0,Delhi,Delhi,2024-03-25,Paid Search
CUST04283,Suresh Rao,Male,18.0,Delhi,Delhi,2024-11-28,Referral
CUST04284,Rahul Nair,Male,51.0,Bengaluru,Karnataka,2023-07-07,Paid Search
CUST04285,Kiran Chopra,Female,30.0,Patna,Bihar,2025-07-15,Email
CUST04286,Ritu Singh,Female,42.0,Indore,Madhya Pradesh,2023-08-10,Social Media
CUST04287,Gaurav Mukherjee,Male,26.0,Bengaluru,Karnataka,2025-07-25,Organic Search
CUST04288,Abhishek Joshi,Male,18.0,Delhi,Delhi,2023-10-23,Organic Search
CUST04289,Kunal Mukherjee,Male,20.0,Mumbai,Maharashtra,2025-09-26,Direct
CUST04290,Sanjay Das,Male,30.0,Kanpur,Uttar Pradesh,2024-11-19,Referral
CUST04291,Aditya Chatterjee,Male,38.0,Pune,Maharashtra,2023-05-07,Direct
CUST04292,Abhishek Saxena,Male,33.0,Nagpur,Maharashtra,2023-04-10,Social Media
CUST04293,Reyansh Chatterjee,Male,30.0,Indore,Madhya Pradesh,2023-04-23,Social Media
CUST04294,Preeti Chauhan,Female,44.0,Ludhiana,Punjab,2024-11-06,Organic Search
CUST04295,Rajesh Das,Male,33.0,Chennai,Tamil Nadu,2025-05-09,Social Media
CUST04296,Naveen Desai,Male,36.0,Ghaziabad,Uttar Pradesh,2024-05-13,Paid Search
CUST04297,Harsh Yadav,Male,64.0,Chennai,Tamil Nadu,2024-06-24,Paid Search
CUST04298,Neha Saxena,Female,33.0,Indore,Madhya Pradesh,2024-11-05,Social Media
CUST04299,Rahul Kumar,Male,26.0,Pune,Maharashtra,2024-09-15,Organic Search
CUST04300,Ishaan Joshi,Male,38.0,Chandigarh,Chandigarh,2025-01-30,Paid Search
CUST04301,Pranav Patel,Male,40.0,Ahmedabad,Gujarat,2024-07-20,Email
CUST04302,Swati Verma,Female,36.0,Nagpur,Maharashtra,2025-02-20,Referral
CUST04303,Sanjay Pandey,Male,35.0,Jaipur,Rajasthan,2025-09-29,Paid Search
CUST04304,Rajesh Saxena,Male,48.0,Guwahati,Assam,2024-03-20,Paid Search
CUST04305,Radhika Malhotra,Female,47.0,Mumbai,Maharashtra,2023-01-20,Social Media
CUST04306,Ananya Menon,Female,32.0,Jaipur,Rajasthan,2023-07-02,Organic Search
CUST04307,Vihaan Agarwal,Male,27.0,Bengaluru,Karnataka,2024-10-04,Organic Search
CUST04308,Arjun Saxena,Male,37.0,Rajkot,Gujarat,2024-03-14,Referral
CUST04309,Rekha Mishra,Female,27.0,Patna,Bihar,2025-08-17,Organic Search
CUST04310,Preeti Chauhan,Female,42.0,Lucknow,Uttar Pradesh,2024-12-09,Paid Search
CUST04311,Diya Mukherjee,Female,37.0,Kolkata,West Bengal,2024-09-04,Paid Search
CUST04312,Aditi Shah,Female,60.0,Kanpur,Uttar Pradesh,2025-04-30,Direct
CUST04313,Anjali Kumar,Female,48.0,Pune,Maharashtra,2023-12-11,Social Media
CUST04314,Kiran Gupta,Female,22.0,Bengaluru,Karnataka,2025-05-17,Email
CUST04315,Aditya Nair,Male,28.0,Ghaziabad,Uttar Pradesh,2023-01-05,Social Media
CUST04316,Ritu Verma,Female,18.0,Kolkata,West Bengal,2024-12-02,Organic Search
CUST04317,Komal Malhotra,Female,18.0,Bengaluru,Karnataka,2025-08-13,Paid Search
CUST04318,Radhika Yadav,Female,34.0,Lucknow,Uttar Pradesh,2025-04-22,Organic Search
CUST04319,Varun Bansal,Male,21.0,Mumbai,Maharashtra,2025-06-12,Social Media
CUST04320,Ankit Gupta,Male,49.0,Indore,Madhya Pradesh,2024-05-07,Organic Search
CUST04321,Nisha Shah,Female,45.0,Kolkata,West Bengal,2025-05-20,Direct
CUST04322,Kavya Saxena,Female,30.0,Surat,Gujarat,2024-10-02,Organic Search
CUST04323,Pranav Saxena,Male,30.0,Delhi,Delhi,2024-12-01,Organic Search
CUST04324,Ananya Saxena,Female,48.0,Indore,Madhya Pradesh,2023-03-31,Paid Search
CUST04325,Aarav Mishra,Male,50.0,Indore,Madhya Pradesh,2023-10-05,Organic Search
CUST04326,Vihaan Kumar,Male,24.0,Thane,Maharashtra,2024-10-02,Organic Search
CUST04327,Diya Bansal,Female,22.0,Chennai,Tamil Nadu,2023-03-31,Direct
CUST04328,Preeti Shah,Female,30.0,Lucknow,Uttar Pradesh,2025-03-15,Organic Search
CUST04329,Kunal Mehta,Male,37.0,Pune,Maharashtra,2025-06-02,
CUST04330,Naveen Banerjee,Male,28.0,Bengaluru,Karnataka,2025-08-02,Social Media
CUST04331,Nikhil Yadav,Male,38.0,Mumbai,Maharashtra,2023-05-31,Organic Search
CUST04332,Shreya Chatterjee,Female,53.0,Chennai,Tamil Nadu,2025-08-17,Organic Search
CUST04333,Anita Shah,Female,19.0,Vadodara,Gujarat,2023-04-13,Paid Search
CUST04334,Meera Mishra,Female,29.0,Hyderabad,Telangana,2024-07-22,Referral
CUST04335,Nisha Reddy,Female,19.0,Bhopal,Madhya Pradesh,2025-06-02,Social Media
CUST04336,Pranav Bansal,Male,25.0,Lucknow,Uttar Pradesh,2023-04-17,Organic Search
CUST04337,Tarun Agarwal,Male,30.0,Hyderabad,Telangana,2023-01-29,Organic Search
CUST04338,Ananya Gupta,Female,26.0,Mumbai,Maharashtra,2023-02-09,Social Media
CUST04339,Aarav Chatterjee,Male,38.0,Chennai,Tamil Nadu,2024-08-26,Paid Search
CUST04340,Manish Singh,Male,35.0,Ahmedabad,Gujarat,2025-05-10,Paid Search
CUST04341,Ishita Chopra,Female,36.0,Delhi,Delhi,2023-07-04,Social Media
CUST04342,Simran Agarwal,Female,30.0,Ghaziabad,Uttar Pradesh,2023-06-30,Direct
CUST04343,Deepak Rao,Male,31.0,Noida,Uttar Pradesh,2024-10-18,Direct
CUST04344,Vikram Malhotra,Male,29.0,Delhi,Delhi,2023-11-13,Social Media
CUST04345,Payal Menon,Female,31.0,Bengaluru,Karnataka,2025-03-06,Direct
CUST04346,Reyansh Das,Male,37.0,Surat,Gujarat,2025-08-24,Paid Search
CUST04347,Naveen Malhotra,Male,18.0,Noida,Uttar Pradesh,2025-04-04,Organic Search
CUST04348,Simran Chauhan,Female,36.0,Gurugram,Haryana,2025-07-01,Paid Search
CUST04349,Swati Banerjee,Female,24.0,Gurugram,Haryana,2024-09-03,Social Media
CUST04350,Suresh Chopra,Male,30.0,Chennai,Tamil Nadu,2025-05-27,Referral
CUST04351,Manish Reddy,Male,18.0,Kochi,Kerala,2023-09-13,Direct
CUST04352,Rahul Banerjee,Male,29.0,Ahmedabad,Gujarat,2023-04-14,Paid Search
CUST04353,Suresh Gupta,Male,36.0,Mumbai,Maharashtra,2025-01-02,
CUST04354,Swati Banerjee,,38.0,Indore,Madhya Pradesh,2023-03-21,Organic Search
CUST04355,Saanvi Iyer,Female,21.0,Pune,Maharashtra,2025-07-12,Social Media
CUST04356,Varun Mishra,Male,37.0,Patna,Bihar,2025-02-02,Social Media
CUST04357,Preeti Mehta,Female,44.0,Surat,Gujarat,2025-08-26,Social Media
CUST04358,Nikhil Saxena,Male,28.0,Ghaziabad,Uttar Pradesh,2024-02-10,Organic Search
CUST04359,Shreya Shah,Female,33.0,Hyderabad,Telangana,2024-08-03,Paid Search
CUST04360,Kiran Joshi,Female,18.0,Bengaluru,Karnataka,2025-03-15,Organic Search
CUST04361,Krishna Rao,Male,24.0,Bhopal,Madhya Pradesh,2023-11-23,Paid Search
CUST04362,Tarun Mishra,Male,36.0,Kolkata,West Bengal,2024-09-23,Organic Search
CUST04363,Juhi Banerjee,Female,43.0,Delhi,Delhi,2025-01-05,Direct
CUST04364,Yash Mehta,Male,27.0,Ahmedabad,Gujarat,2025-09-15,Referral
CUST04365,Karthik Patel,Male,60.0,Vadodara,Gujarat,2025-03-18,Social Media
CUST04366,Suresh Agarwal,Male,36.0,Gurugram,Haryana,2023-06-22,Organic Search
CUST04367,Deepak Pandey,Male,20.0,Bhopal,Madhya Pradesh,2024-07-23,Paid Search
CUST04368,Krishna Bansal,Male,46.0,Indore,Madhya Pradesh,2024-11-05,Organic Search
CUST04369,Tarun Mukherjee,Male,20.0,Vadodara,Gujarat,2023-07-29,Organic Search
CUST04370,Sanjay Mishra,Male,36.0,Delhi,Delhi,2024-06-11,Paid Search
CUST04371,Vihaan Mukherjee,Male,24.0,Jaipur,Rajasthan,2024-01-09,Organic Search
CUST04372,Kiran Shah,Female,,Jaipur,Rajasthan,2023-06-23,Direct
CUST04373,Saanvi Mehta,Female,43.0,Gurugram,Haryana,2024-08-27,Direct
CUST04374,Ritu Kapoor,Female,30.0,Mumbai,Maharashtra,2023-08-22,Direct
CUST04375,Ritu Yadav,Female,50.0,Noida,Uttar Pradesh,2024-11-06,Organic Search
CUST04376,Preeti Malhotra,Female,23.0,Indore,Madhya Pradesh,2023-08-27,
CUST04377,Aditya Singh,Male,18.0,Mumbai,Maharashtra,2025-02-28,Organic Search
CUST04378,Arjun Chatterjee,Male,28.0,Kolkata,West Bengal,2023-09-28,Social Media
CUST04379,Vihaan Verma,Male,62.0,Mumbai,Maharashtra,2025-07-15,Paid Search
CUST04380,Rajesh Mishra,Male,,Jaipur,Rajasthan,2023-02-11,Paid Search
CUST04381,Neha Singh,Female,39.0,Chennai,Tamil Nadu,2024-09-05,Organic Search
CUST04382,Arjun Mishra,Male,39.0,Visakhapatnam,Andhra Pradesh,2024-02-17,Organic Search
CUST04383,Tanvi Nair,Female,28.0,Jaipur,Rajasthan,2023-11-02,Organic Search
CUST04384,Gaurav Joshi,Male,60.0,Patna,Bihar,2024-07-20,Organic Search
CUST04385,Gaurav Chopra,Male,38.0,Ahmedabad,Gujarat,2025-06-03,Organic Search
CUST04386,Nikhil Chauhan,Male,37.0,Agra,Uttar Pradesh,2025-07-30,Referral
CUST04387,Gaurav Chopra,Male,43.0,Nashik,Maharashtra,2024-01-30,Organic Search
CUST04388,Ishaan Mukherjee,Male,20.0,Lucknow,Uttar Pradesh,2023-08-08,Organic Search
CUST04389,Swati Mehta,Female,24.0,Bengaluru,Karnataka,2025-02-25,Direct
CUST04390,Nikhil Shah,Male,31.0,Guwahati,Assam,2024-10-30,Referral
CUST04391,Komal Malhotra,Female,43.0,Ghaziabad,Uttar Pradesh,2023-10-05,Paid Search
CUST04392,Divya Iyer,Female,20.0,Ludhiana,Punjab,2025-03-30,Referral
CUST04393,Harsh Chopra,Male,32.0,Mumbai,Maharashtra,2024-09-02,
CUST04394,Tanvi Bansal,Female,31.0,Ghaziabad,Uttar Pradesh,2024-12-31,Social Media
CUST04395,Rahul Mehta,Male,18.0,Bengaluru,Karnataka,2024-03-30,Direct
CUST04396,Ankit Sharma,Male,28.0,Kolkata,West Bengal,2024-06-18,Paid Search
CUST04397,Vivaan Banerjee,Male,38.0,Nagpur,Maharashtra,2023-09-09,Organic Search
CUST04398,Aditi Rao,Female,18.0,Chennai,Tamil Nadu,2025-03-27,Social Media
CUST04399,Simran Singh,Female,47.0,Bengaluru,Karnataka,2023-08-11,Email
CUST04400,Rekha Menon,Female,38.0,Kolkata,West Bengal,2025-04-14,Referral
CUST04401,Saanvi Iyer,Female,36.0,Hyderabad,Telangana,2025-04-30,Paid Search
CUST04402,Tarun Shah,Male,33.0,Surat,Gujarat,2025-03-19,Organic Search
CUST04403,Aditi Rao,Female,22.0,Delhi,Delhi,2023-01-31,Social Media
CUST04404,Pooja Verma,Female,27.0,Ahmedabad,Gujarat,2023-12-28,Organic Search
CUST04405,Vivaan Tiwari,Male,37.0,Jaipur,Rajasthan,2024-07-17,Organic Search
CUST04406,Siddharth Chopra,Male,26.0,Kochi,Kerala,2024-11-11,Organic Search
CUST04407,Aarav Patel,Male,35.0,Kolkata,West Bengal,2025-08-02,Paid Search
CUST04408,Vikram Das,Male,24.0,Chennai,Tamil Nadu,2024-04-15,Paid Search
CUST04409,Payal Kapoor,Female,38.0,Kochi,Kerala,2025-06-29,Social Media
CUST04410,Manish Mukherjee,Male,38.0,Gurugram,Haryana,2023-08-19,Organic Search
CUST04411,Yash Desai,Male,18.0,Kanpur,Uttar Pradesh,2024-04-11,Paid Search
CUST04412,Juhi Pandey,Female,34.0,Pune,Maharashtra,2023-03-22,Social Media
CUST04413,Tanvi Pandey,Female,18.0,Bengaluru,Karnataka,2025-03-16,Social Media
CUST04414,Kiran Sharma,Female,18.0,Surat,Gujarat,2023-08-03,Email
CUST04415,Sunita Mukherjee,Female,27.0,Ghaziabad,Uttar Pradesh,2023-12-09,Direct
CUST04416,Aditi Chatterjee,Female,61.0,Kochi,Kerala,2025-04-11,Organic Search
CUST04417,Varun Verma,Male,41.0,Delhi,Delhi,2024-09-17,Direct
CUST04418,Kavya Mishra,Female,47.0,Bengaluru,Karnataka,2023-01-23,Direct
CUST04419,Aditya Saxena,Male,39.0,Rajkot,Gujarat,2023-01-04,Paid Search
CUST04420,Nikhil Chopra,Male,35.0,Nashik,Maharashtra,2024-08-26,Referral
CUST04421,Komal Reddy,Female,42.0,Indore,Madhya Pradesh,2024-02-01,Paid Search
CUST04422,Divya Verma,Female,27.0,Mumbai,Maharashtra,2023-09-09,Referral
CUST04423,Anita Reddy,Female,38.0,Indore,Madhya Pradesh,2024-11-27,Email
CUST04424,Suresh Desai,Male,45.0,Chennai,Tamil Nadu,2023-11-06,Direct
CUST04425,Sneha Reddy,Female,40.0,Ahmedabad,Gujarat,2024-11-08,Organic Search
CUST04426,Rahul Agarwal,Male,45.0,Bengaluru,Karnataka,2024-04-19,Social Media
CUST04427,Aarav Saxena,Male,35.0,Hyderabad,Telangana,2023-09-17,Organic Search
CUST04428,Manish Shah,Male,50.0,Pune,Maharashtra,2023-07-18,Direct
CUST04429,Krishna Saxena,Male,,Delhi,Delhi,2023-11-16,Organic Search
CUST04430,Vikram Banerjee,Male,54.0,Kolkata,West Bengal,2023-02-16,Paid Search
CUST04431,Kiran Menon,Female,39.0,Mumbai,Maharashtra,2024-02-04,Referral
CUST04432,Ishaan Patel,Male,29.0,Chennai,Tamil Nadu,2025-07-19,Paid Search
CUST04433,Saanvi Gupta,Female,21.0,Noida,Uttar Pradesh,2025-05-26,Social Media
CUST04434,Nisha Agarwal,Female,25.0,Thane,Maharashtra,2024-04-12,Paid Search
CUST04435,Siddharth Malhotra,Male,23.0,Mumbai,Maharashtra,2024-10-24,Social Media
CUST04436,Anjali Agarwal,Female,32.0,Nagpur,Maharashtra,2024-10-17,Referral
CUST04437,Kunal Shah,Male,20.0,Delhi,Delhi,2025-05-24,Direct
CUST04438,Nisha Agarwal,Female,46.0,Kolkata,West Bengal,2023-11-15,Paid Search
CUST04439,Deepak Desai,Male,34.0,Bengaluru,Karnataka,2024-01-22,Social Media
CUST04440,Reyansh Iyer,Male,34.0,Gurugram,Haryana,2024-01-28,Paid Search
CUST04441,Vivaan Patel,Male,21.0,Mumbai,Maharashtra,2023-03-05,Direct
CUST04442,Anita Kapoor,Female,25.0,Rajkot,Gujarat,2024-02-11,Social Media
CUST04443,Rahul Mishra,Male,18.0,Nagpur,Maharashtra,2025-07-01,Paid Search
CUST04444,Shreya Yadav,Female,49.0,Ahmedabad,Gujarat,2025-07-27,Paid Search
CUST04445,Siddharth Saxena,Male,19.0,Rajkot,Gujarat,2023-06-10,Organic Search
CUST04446,Juhi Kumar,Female,20.0,Ahmedabad,Gujarat,2024-07-07,Direct
CUST04447,Abhishek Kapoor,Male,47.0,Nagpur,Maharashtra,2024-04-21,Organic Search
CUST04448,Harsh Nair,Male,37.0,Patna,Bihar,2024-08-06,Organic Search
CUST04449,Aditya Nair,Male,34.0,Bengaluru,Karnataka,2024-10-05,Paid Search
CUST04450,Krishna Nair,Male,36.0,Mumbai,Maharashtra,2023-02-01,Social Media
CUST04451,Meera Kapoor,Female,43.0,Nashik,Maharashtra,2025-06-03,Social Media
CUST04452,Riya Bansal,Female,34.0,Bengaluru,Karnataka,2025-09-11,Organic Search
CUST04453,Arjun Das,Male,18.0,Gurugram,Haryana,2024-12-31,Organic Search
CUST04454,Yash Malhotra,Male,40.0,Hyderabad,Telangana,2025-01-06,Organic Search
CUST04455,Manish Nair,Male,37.0,Chennai,Tamil Nadu,2024-09-11,Social Media
CUST04456,Nisha Banerjee,Female,45.0,Chennai,Tamil Nadu,2024-03-03,Direct
CUST04457,Juhi Kumar,Female,21.0,Chennai,Tamil Nadu,2023-08-01,
CUST04458,Ritu Verma,Female,26.0,Noida,Uttar Pradesh,2024-11-01,Paid Search
CUST04459,Radhika Chatterjee,Female,37.0,Bengaluru,Karnataka,2023-03-11,Paid Search
CUST04460,Aarav Saxena,Male,24.0,Jaipur,Rajasthan,2025-05-21,Paid Search
CUST04461,Krishna Mishra,Male,18.0,Bengaluru,Karnataka,2024-05-31,Referral
CUST04462,Simran Pandey,Female,35.0,Delhi,Delhi,2024-05-25,Social Media
CUST04463,Deepak Nair,Male,42.0,Bengaluru,Karnataka,2024-02-25,Organic Search
CUST04464,Gaurav Agarwal,Male,32.0,Pune,Maharashtra,2025-09-08,Organic Search
CUST04465,Manish Tiwari,Male,38.0,Jaipur,Rajasthan,2023-09-03,Paid Search
CUST04466,Sunita Verma,Female,37.0,Bengaluru,Karnataka,2023-08-04,Paid Search
CUST04467,Ishita Chatterjee,Female,33.0,Kochi,Kerala,2023-08-22,Direct
CUST04468,Ananya Iyer,Female,34.0,Ahmedabad,Gujarat,2025-01-05,Organic Search
CUST04469,Ishaan Chauhan,Male,46.0,Ghaziabad,Uttar Pradesh,2025-09-25,Referral
CUST04470,Naveen Joshi,Male,23.0,Mumbai,Maharashtra,2023-11-14,Direct
CUST04471,Kunal Saxena,Male,41.0,Nagpur,Maharashtra,2025-07-22,
CUST04472,Radhika Verma,Female,21.0,Hyderabad,Telangana,2024-01-03,Organic Search
CUST04473,Manish Rao,Male,25.0,Pune,Maharashtra,2024-12-26,Organic Search
CUST04474,Priya Das,Female,45.0,Ludhiana,Punjab,2023-03-04,Social Media
CUST04475,Vivaan Shah,Male,21.0,Indore,Madhya Pradesh,2024-08-12,Organic Search
CUST04476,Riya Saxena,Female,31.0,Ahmedabad,Gujarat,2025-01-01,Direct
CUST04477,Aditi Malhotra,Female,57.0,Thane,Maharashtra,2024-09-18,Email
CUST04478,Manish Desai,Male,43.0,Chennai,Tamil Nadu,2023-11-17,Email
CUST04479,Nisha Kumar,Female,26.0,Mumbai,Maharashtra,2025-05-24,Email
CUST04480,Krishna Bansal,Male,27.0,Lucknow,Uttar Pradesh,2025-09-09,Organic Search
CUST04481,Aditi Saxena,Female,31.0,Gurugram,Haryana,2024-07-08,Social Media
CUST04482,Priya Yadav,Female,46.0,Mumbai,Maharashtra,2024-12-16,Social Media
CUST04483,Swati Das,Female,23.0,Nagpur,Maharashtra,2025-04-24,Organic Search
CUST04484,Arjun Malhotra,Male,,Ludhiana,Punjab,2023-11-21,Organic Search
CUST04485,Saanvi Mukherjee,Female,40.0,Jaipur,Rajasthan,2025-06-21,Paid Search
CUST04486,Sneha Verma,Female,18.0,Kolkata,West Bengal,2024-01-04,Social Media
CUST04487,Anjali Pandey,Female,24.0,Bengaluru,Karnataka,2025-04-12,Organic Search
CUST04488,Ritu Mehta,Female,32.0,Delhi,Delhi,2023-06-14,Paid Search
CUST04489,Varun Rao,Male,33.0,Ahmedabad,Gujarat,2024-01-14,Direct
CUST04490,Siddharth Mishra,Male,19.0,Lucknow,Uttar Pradesh,2024-09-16,Paid Search
CUST04491,Sanjay Agarwal,Male,37.0,Hyderabad,Telangana,2024-09-08,Organic Search
CUST04492,Tarun Das,Male,39.0,Kolkata,West Bengal,2025-06-10,Paid Search
CUST04493,Shreya Mehta,Female,26.0,Jaipur,Rajasthan,2025-09-28,Paid Search
CUST04494,Rekha Yadav,Female,50.0,Bengaluru,Karnataka,2023-06-07,Direct
CUST04495,Abhishek Das,Male,36.0,Thane,Maharashtra,2023-12-26,Paid Search
CUST04496,Ishaan Das,Male,23.0,Surat,Gujarat,2024-03-28,Organic Search
CUST04497,Tanvi Patel,Female,49.0,Jaipur,Rajasthan,2024-07-27,Organic Search
CUST04498,Rekha Chatterjee,Female,28.0,Kolkata,West Bengal,2024-08-10,Organic Search
CUST04499,Payal Nair,Female,35.0,Ahmedabad,Gujarat,2025-06-14,Email
CUST04500,Gaurav Reddy,Male,28.0,Pune,Maharashtra,2025-04-08,Organic Search
CUST04501,Radhika Banerjee,Female,39.0,Visakhapatnam,Andhra Pradesh,2023-01-30,Email
CUST04502,Pranav Chauhan,Male,28.0,Indore,Madhya Pradesh,2024-07-04,Social Media
CUST04503,Sanjay Rao,Male,29.0,Thane,Maharashtra,2024-12-01,Social Media
CUST04504,Sunita Mehta,Female,31.0,Bengaluru,Karnataka,2024-07-09,Organic Search
CUST04505,Gaurav Pandey,Male,28.0,Visakhapatnam,Andhra Pradesh,2023-07-08,Organic Search
CUST04506,Swati Bansal,Female,44.0,Hyderabad,Telangana,2024-05-08,Paid Search
CUST04507,Vikram Das,Male,20.0,Bengaluru,Karnataka,2024-05-22,Paid Search
CUST04508,Nikhil Malhotra,Male,33.0,Delhi,Delhi,2023-09-18,Paid Search
CUST04509,Neha Gupta,Female,34.0,Ghaziabad,Uttar Pradesh,2025-03-27,Email
CUST04510,Krishna Agarwal,Male,32.0,Surat,Gujarat,2024-02-19,Direct
CUST04511,Abhishek Pandey,Male,43.0,Ludhiana,Punjab,2024-11-05,Social Media
CUST04512,Abhishek Banerjee,Male,18.0,Pune,Maharashtra,2024-08-30,Organic Search
CUST04513,Rohan Chauhan,Male,39.0,Agra,Uttar Pradesh,2025-07-01,Organic Search
CUST04514,Divya Joshi,Female,21.0,Pune,Maharashtra,2023-06-27,Direct
CUST04515,Pranav Verma,Male,28.0,Lucknow,Uttar Pradesh,2023-06-16,Organic Search
CUST04516,Ritu Sharma,Female,20.0,Mumbai,Maharashtra,2024-01-27,Organic Search
CUST04517,Anita Singh,Female,30.0,Kanpur,Uttar Pradesh,2024-06-10,Direct
CUST04518,Payal Tiwari,Female,27.0,Jaipur,Rajasthan,2024-01-25,Organic Search
CUST04519,Vikram Tiwari,Male,49.0,Bengaluru,Karnataka,2025-04-02,Email
CUST04520,Swati Verma,Female,35.0,Delhi,Delhi,2023-11-26,Organic Search
CUST04521,Sneha Iyer,Female,37.0,Hyderabad,Telangana,2023-05-07,Social Media
CUST04522,Abhishek Tiwari,Male,22.0,Mumbai,Maharashtra,2024-05-24,Organic Search
CUST04523,Ritu Das,Female,40.0,Jaipur,Rajasthan,2025-04-10,Direct
CUST04524,Vivaan Bansal,Male,49.0,Pune,Maharashtra,2025-06-10,Organic Search
CUST04525,Siddharth Shah,Male,42.0,Chandigarh,Chandigarh,2025-03-08,Organic Search
CUST04526,Yash Singh,Male,20.0,Kolkata,West Bengal,2024-10-08,Email
CUST04527,Deepak Rao,Male,28.0,Indore,Madhya Pradesh,2025-03-01,Social Media
CUST04528,Kunal Malhotra,Male,34.0,Lucknow,Uttar Pradesh,2025-01-24,Paid Search
CUST04529,Reyansh Mishra,Male,27.0,Nagpur,Maharashtra,2023-11-13,Paid Search
CUST04530,Vivaan Bansal,Male,58.0,Hyderabad,Telangana,2024-10-02,Paid Search
CUST04531,Kiran Menon,Female,28.0,Chennai,Tamil Nadu,2025-04-08,Direct
CUST04532,Gaurav Iyer,Male,33.0,Delhi,Delhi,2024-02-14,Social Media
CUST04533,Ritu Pandey,Female,27.0,Lucknow,Uttar Pradesh,2025-01-01,Paid Search
CUST04534,Komal Mukherjee,Female,35.0,Hyderabad,Telangana,2024-07-29,Organic Search
CUST04535,Abhishek Chatterjee,Male,47.0,Pune,Maharashtra,2024-08-19,Paid Search
CUST04536,Manish Reddy,Male,34.0,Chandigarh,Chandigarh,2023-05-15,Direct
CUST04537,Kunal Malhotra,Male,31.0,Kanpur,Uttar Pradesh,2025-01-11,Organic Search
CUST04538,Anita Kumar,Female,22.0,Bengaluru,Karnataka,2025-06-22,Paid Search
CUST04539,Aman Iyer,Male,45.0,Kolkata,West Bengal,2023-07-22,Organic Search
CUST04540,Nikhil Agarwal,Male,32.0,Jaipur,Rajasthan,2024-04-06,Social Media
CUST04541,Kavya Malhotra,Female,31.0,Ludhiana,Punjab,2023-03-16,Email
CUST04542,Nikhil Singh,Male,18.0,Patna,Bihar,2023-02-16,Social Media
CUST04543,Krishna Nair,Male,32.0,Hyderabad,Telangana,2025-09-23,Referral
CUST04544,Sunita Iyer,Female,29.0,Chandigarh,Chandigarh,2024-08-09,Email
CUST04545,Payal Mehta,Female,18.0,Delhi,Delhi,2024-03-26,Direct
CUST04546,Siddharth Shah,Male,43.0,Bengaluru,Karnataka,2023-12-29,Paid Search
CUST04547,Krishna Mukherjee,Male,28.0,Mumbai,Maharashtra,2025-09-16,Organic Search
CUST04548,Krishna Nair,Male,52.0,Hyderabad,Telangana,2023-12-04,Paid Search
CUST04549,Rajesh Desai,Male,47.0,Chennai,Tamil Nadu,2025-03-02,Email
CUST04550,Ankit Kapoor,Male,26.0,Bengaluru,Karnataka,2024-01-08,Paid Search
CUST04551,Abhishek Tiwari,Male,47.0,Mumbai,Maharashtra,2023-04-17,Paid Search
CUST04552,Divya Joshi,Female,49.0,Mumbai,Maharashtra,2025-01-26,Social Media
CUST04553,Ishita Yadav,Female,27.0,Gurugram,Haryana,2023-01-03,Organic Search
CUST04554,Anita Mishra,Female,23.0,Thane,Maharashtra,2025-01-19,Social Media
CUST04555,Saanvi Menon,Female,18.0,Nagpur,Maharashtra,2023-12-02,Social Media
CUST04556,Sanjay Patel,Male,37.0,Patna,Bihar,2025-03-19,Direct
CUST04557,Rohan Reddy,Male,23.0,Nagpur,Maharashtra,2025-04-07,Social Media
CUST04558,Nisha Malhotra,Female,37.0,Mumbai,Maharashtra,2025-03-01,Organic Search
CUST04559,Rajesh Rao,Male,27.0,Gurugram,Haryana,2023-02-08,Paid Search
CUST04560,Vihaan Singh,Male,25.0,Chennai,Tamil Nadu,2025-02-12,Paid Search
CUST04561,Ritu Kumar,Female,27.0,Chennai,Tamil Nadu,2025-09-23,Paid Search
CUST04562,Yash Nair,Male,20.0,Rajkot,Gujarat,2023-11-23,Email
CUST04563,Deepak Kumar,Male,27.0,Delhi,Delhi,2023-12-29,Social Media
CUST04564,Kunal Mishra,Male,26.0,Hyderabad,Telangana,2025-05-12,Social Media
CUST04565,Radhika Sharma,Female,33.0,Agra,Uttar Pradesh,2023-08-15,Email
CUST04566,Aditi Shah,Female,34.0,Kolkata,West Bengal,2025-01-06,Social Media
CUST04567,Nikhil Mishra,Male,22.0,Chennai,Tamil Nadu,2025-03-26,Email
CUST04568,Rajesh Yadav,Male,44.0,Noida,Uttar Pradesh,2023-02-27,Organic Search
CUST04569,Priya Mishra,Female,31.0,Coimbatore,Tamil Nadu,2024-10-04,Organic Search
CUST04570,Rajesh Pandey,Male,48.0,Coimbatore,Tamil Nadu,2024-10-24,Organic Search
CUST04571,Ananya Menon,Female,35.0,Bengaluru,Karnataka,2024-01-30,Referral
CUST04572,Preeti Gupta,Female,34.0,Ludhiana,Punjab,2025-06-30,Direct
CUST04573,Riya Yadav,Female,28.0,Lucknow,Uttar Pradesh,2023-08-18,Direct
CUST04574,Abhishek Iyer,Male,39.0,Nagpur,Maharashtra,2024-04-04,Organic Search
CUST04575,Aadhya Singh,Female,33.0,Mumbai,Maharashtra,2025-06-08,Direct
CUST04576,Kunal Bansal,Male,42.0,Pune,Maharashtra,2023-09-22,Direct
CUST04577,Rajesh Sharma,Male,49.0,Bengaluru,Karnataka,2025-05-18,Organic Search
CUST04578,Aman Shah,Male,26.0,Gurugram,Haryana,2023-04-29,Social Media
CUST04579,Vikram Kapoor,Male,39.0,Pune,Maharashtra,2024-08-05,Direct
CUST04580,Naveen Mehta,Male,39.0,Surat,Gujarat,2023-04-24,Paid Search
CUST04581,Anita Verma,Female,38.0,Bengaluru,Karnataka,2025-01-21,Direct
CUST04582,Kavya Malhotra,Female,29.0,Chennai,Tamil Nadu,2025-04-24,Social Media
CUST04583,Vikram Rao,Male,29.0,Pune,Maharashtra,2025-06-09,Paid Search
CUST04584,Shreya Mishra,Female,27.0,Vadodara,Gujarat,2025-09-17,Organic Search
CUST04585,Pooja Verma,Female,27.0,Surat,Gujarat,2025-01-16,Organic Search
CUST04586,Vihaan Nair,Male,25.0,Delhi,Delhi,2025-04-06,Social Media
CUST04587,Sunita Pandey,Female,32.0,Chennai,Tamil Nadu,2024-08-21,Organic Search
CUST04588,Sunita Gupta,Female,25.0,Bengaluru,Karnataka,2025-07-28,Paid Search
CUST04589,Kavya Pandey,Female,37.0,Pune,Maharashtra,2024-12-23,Direct
CUST04590,Arjun Chauhan,Male,34.0,Kolkata,West Bengal,2025-07-05,Organic Search
CUST04591,Ritu Singh,Female,35.0,Mumbai,Maharashtra,2023-11-14,Paid Search
CUST04592,Sunita Das,Female,30.0,Delhi,Delhi,2024-08-13,Direct
CUST04593,Vihaan Singh,Male,34.0,Lucknow,Uttar Pradesh,2025-03-05,Direct
CUST04594,Reyansh Mishra,Male,31.0,Pune,Maharashtra,2023-10-07,Referral
CUST04595,Vivaan Saxena,Male,41.0,Mumbai,Maharashtra,2023-10-17,Paid Search
CUST04596,Deepak Nair,Male,29.0,Jaipur,Rajasthan,2025-09-14,Organic Search
CUST04597,Karthik Tiwari,Male,37.0,Kolkata,West Bengal,2024-06-14,Email
CUST04598,Siddharth Reddy,Male,20.0,Delhi,Delhi,2023-09-11,Referral
CUST04599,Aditi Desai,Female,40.0,Mumbai,Maharashtra,2024-02-29,Social Media
CUST04600,Payal Mehta,Female,27.0,Hyderabad,Telangana,2024-05-08,Organic Search
CUST04601,Tarun Sharma,Male,24.0,Visakhapatnam,Andhra Pradesh,2024-12-05,Social Media
CUST04602,Abhishek Nair,Male,22.0,Delhi,Delhi,2025-08-04,Social Media
CUST04603,Aarav Chatterjee,Male,21.0,Gurugram,Haryana,2025-09-21,
CUST04604,Siddharth Patel,Male,28.0,Pune,Maharashtra,2024-12-30,Organic Search
CUST04605,Komal Mukherjee,Female,48.0,Bhopal,Madhya Pradesh,2025-02-09,Organic Search
CUST04606,Aarav Mishra,Male,27.0,Kochi,Kerala,2024-02-19,Paid Search
CUST04607,Shreya Yadav,Female,18.0,Bengaluru,Karnataka,2025-06-15,Referral
CUST04608,Vihaan Menon,Male,37.0,Jaipur,Rajasthan,2023-10-25,Direct
CUST04609,Suresh Menon,Male,22.0,Hyderabad,Telangana,2023-06-06,Organic Search
CUST04610,Ananya Pandey,Female,41.0,Mumbai,Maharashtra,2025-09-11,Paid Search
CUST04611,Deepak Joshi,Male,29.0,Patna,Bihar,2025-06-20,Social Media
CUST04612,Reyansh Menon,Male,30.0,Mumbai,Maharashtra,2024-01-30,Organic Search
CUST04613,Naveen Reddy,Male,45.0,Nashik,Maharashtra,2025-01-19,Email
CUST04614,Kavya Tiwari,Female,39.0,Patna,Bihar,2024-07-15,Paid Search
CUST04615,Aman Banerjee,Male,21.0,Lucknow,Uttar Pradesh,2024-02-20,Direct
CUST04616,Ananya Rao,Female,22.0,Jaipur,Rajasthan,2024-01-12,Social Media
CUST04617,Aditi Pandey,Female,18.0,Ludhiana,Punjab,2023-07-15,Referral
CUST04618,Tanvi Malhotra,Female,59.0,Mumbai,Maharashtra,2024-09-30,Organic Search
CUST04619,Payal Pandey,Female,24.0,Thane,Maharashtra,2024-06-26,Paid Search
CUST04620,Ishita Rao,Female,45.0,Delhi,Delhi,2024-08-27,Paid Search
CUST04621,Ishita Saxena,Female,28.0,Mumbai,Maharashtra,2023-10-22,Organic Search
CUST04622,Nikhil Pandey,Male,22.0,Hyderabad,Telangana,2025-08-16,Social Media
CUST04623,Rekha Kapoor,Female,33.0,Hyderabad,Telangana,2024-12-18,Email
CUST04624,Swati Saxena,Female,30.0,Delhi,Delhi,2025-07-18,Paid Search
CUST04625,Naveen Chatterjee,Male,41.0,Indore,Madhya Pradesh,2023-06-10,Referral
CUST04626,Rekha Mukherjee,Female,41.0,Pune,Maharashtra,2024-12-05,Organic Search
CUST04627,Reyansh Joshi,Male,27.0,Chandigarh,Chandigarh,2025-06-09,Organic Search
CUST04628,Anjali Bansal,Female,19.0,Bhopal,Madhya Pradesh,2024-02-29,Organic Search
CUST04629,Naveen Chopra,Male,21.0,Ghaziabad,Uttar Pradesh,2023-09-28,Email
CUST04630,Reyansh Mishra,Male,18.0,Coimbatore,Tamil Nadu,2023-12-18,Organic Search
CUST04631,Karthik Banerjee,Male,30.0,Vadodara,Gujarat,2023-12-27,Organic Search
CUST04632,Deepak Joshi,Male,33.0,Delhi,Delhi,2024-06-26,Organic Search
CUST04633,Harsh Menon,Male,22.0,Delhi,Delhi,2024-02-23,Paid Search
CUST04634,Rajesh Bansal,Male,20.0,Ahmedabad,Gujarat,2023-12-25,Paid Search
CUST04635,Kiran Chopra,Female,33.0,Hyderabad,Telangana,2024-12-27,Paid Search
CUST04636,Yash Tiwari,Male,27.0,Rajkot,Gujarat,2023-03-23,Email
CUST04637,Kiran Saxena,Female,31.0,Pune,Maharashtra,2024-03-10,Paid Search
CUST04638,Meera Das,Female,29.0,Nashik,Maharashtra,2025-01-31,Organic Search
CUST04639,Arjun Verma,Male,35.0,Ahmedabad,Gujarat,2023-09-04,Social Media
CUST04640,Manish Joshi,Male,27.0,Chandigarh,Chandigarh,2023-10-28,Organic Search
CUST04641,Gaurav Kapoor,Male,28.0,Mumbai,Maharashtra,2023-10-04,Organic Search
CUST04642,Rohan Gupta,Male,18.0,Chennai,Tamil Nadu,2023-01-02,Email
CUST04643,Ankit Patel,Male,32.0,Coimbatore,Tamil Nadu,2024-07-22,Organic Search
CUST04644,Pooja Pandey,Female,34.0,Chennai,Tamil Nadu,2023-03-02,Email
CUST04645,Ananya Menon,Female,31.0,Thane,Maharashtra,2023-12-27,Social Media
CUST04646,Rajesh Mishra,Male,52.0,Ahmedabad,Gujarat,2025-09-27,Direct
CUST04647,Sneha Rao,Female,35.0,Ghaziabad,Uttar Pradesh,2025-08-01,Paid Search
CUST04648,Krishna Saxena,Male,31.0,Surat,Gujarat,2023-10-21,Social Media
CUST04649,Riya Malhotra,Female,38.0,Vadodara,Gujarat,2024-02-06,Social Media
CUST04650,Juhi Agarwal,Female,54.0,Pune,Maharashtra,2024-07-12,Email
CUST04651,Sanjay Joshi,Male,36.0,Lucknow,Uttar Pradesh,2025-06-05,Organic Search
CUST04652,Sneha Das,Female,18.0,Pune,Maharashtra,2025-05-03,Social Media
CUST04653,Payal Chopra,Female,37.0,Pune,Maharashtra,2023-07-02,Social Media
CUST04654,Arjun Shah,Male,24.0,Nagpur,Maharashtra,2023-06-30,Organic Search
CUST04655,Ankit Banerjee,Male,18.0,Delhi,Delhi,2024-05-27,Organic Search
CUST04656,Meera Tiwari,Female,50.0,Visakhapatnam,Andhra Pradesh,2025-06-25,Direct
CUST04657,Arjun Pandey,Male,48.0,Hyderabad,Telangana,2025-07-04,Social Media
CUST04658,Vikram Mishra,Male,24.0,Mumbai,Maharashtra,2023-06-07,Social Media
CUST04659,Shreya Yadav,Female,24.0,Lucknow,Uttar Pradesh,2024-10-23,Email
CUST04660,Krishna Bansal,Male,35.0,Surat,Gujarat,2023-08-09,Organic Search
CUST04661,Krishna Mishra,Male,24.0,Indore,Madhya Pradesh,2025-01-28,Organic Search
CUST04662,Anita Agarwal,Female,32.0,Guwahati,Assam,2025-07-30,Social Media
CUST04663,Pranav Gupta,Male,26.0,Chennai,Tamil Nadu,2024-07-03,Social Media
CUST04664,Aman Joshi,Male,29.0,Noida,Uttar Pradesh,2023-05-05,Social Media
CUST04665,Ananya Verma,Female,,Jaipur,Rajasthan,2024-10-27,Paid Search
CUST04666,Rajesh Patel,Male,41.0,Ahmedabad,Gujarat,2024-05-19,Social Media
CUST04667,Shreya Malhotra,Female,45.0,Kanpur,Uttar Pradesh,2025-05-10,Social Media
CUST04668,Ritu Mishra,Female,32.0,Delhi,Delhi,2024-03-10,Paid Search
CUST04669,Aarav Sharma,Male,33.0,Noida,Uttar Pradesh,2025-06-29,Social Media
CUST04670,Diya Agarwal,Female,39.0,Chennai,Tamil Nadu,2023-12-28,
CUST04671,Ishita Chatterjee,Female,33.0,Mumbai,Maharashtra,2023-08-12,
CUST04672,Ananya Yadav,Female,50.0,Lucknow,Uttar Pradesh,2024-02-02,Email
CUST04673,Kunal Kapoor,Male,20.0,Delhi,Delhi,2023-02-24,Paid Search
CUST04674,Tarun Joshi,Male,42.0,Mumbai,Maharashtra,2024-01-06,Email
CUST04675,Suresh Menon,Male,32.0,Mumbai,Maharashtra,2025-01-06,
CUST04676,Tanvi Nair,Female,22.0,Rajkot,Gujarat,2023-07-23,Paid Search
CUST04677,Priya Mukherjee,Female,55.0,Mumbai,Maharashtra,2023-06-13,Email
CUST04678,Reyansh Malhotra,Male,57.0,Pune,Maharashtra,2023-07-10,Organic Search
CUST04679,Anita Iyer,Female,31.0,Kolkata,West Bengal,2023-04-27,Organic Search
CUST04680,Aarav Banerjee,Male,37.0,Chandigarh,Chandigarh,2025-06-29,Paid Search
CUST04681,Sanjay Joshi,Male,28.0,Chandigarh,Chandigarh,2025-08-20,Social Media
CUST04682,Diya Sharma,Female,30.0,Chandigarh,Chandigarh,2023-03-13,Organic Search
CUST04683,Harsh Shah,Male,22.0,Ahmedabad,Gujarat,2025-03-30,Organic Search
CUST04684,Juhi Patel,Female,20.0,Kolkata,West Bengal,2025-03-11,Referral
CUST04685,Aman Pandey,Male,51.0,Ghaziabad,Uttar Pradesh,2025-09-28,Direct
CUST04686,Saanvi Pandey,Female,33.0,Delhi,Delhi,2024-03-18,Direct
CUST04687,Ananya Patel,Female,34.0,Delhi,Delhi,2024-01-10,Organic Search
CUST04688,Rohan Malhotra,Male,25.0,Chandigarh,Chandigarh,2024-07-02,Email
CUST04689,Nikhil Menon,Male,35.0,Mumbai,Maharashtra,2025-06-15,Email
CUST04690,Sunita Das,Female,18.0,Ahmedabad,Gujarat,2025-03-04,Organic Search
CUST04691,Harsh Menon,Male,25.0,Delhi,Delhi,2024-07-20,Organic Search
CUST04692,Aditi Banerjee,Female,21.0,Mumbai,Maharashtra,2023-11-25,Organic Search
CUST04693,Komal Malhotra,Female,46.0,Noida,Uttar Pradesh,2025-03-03,Referral
CUST04694,Siddharth Reddy,Male,18.0,Delhi,Delhi,2025-06-13,Social Media
CUST04695,Kiran Sharma,Female,21.0,Chennai,Tamil Nadu,2024-05-10,Organic Search
CUST04696,Aman Mukherjee,Male,18.0,Bengaluru,Karnataka,2025-01-13,Organic Search
CUST04697,Aman Gupta,Male,24.0,Kolkata,West Bengal,2024-05-11,Referral
CUST04698,Nikhil Tiwari,Male,28.0,Visakhapatnam,Andhra Pradesh,2024-07-26,Social Media
CUST04699,Meera Nair,Female,43.0,Lucknow,Uttar Pradesh,2024-09-08,Referral
CUST04700,Simran Sharma,Female,31.0,Pune,Maharashtra,2025-04-12,Organic Search
CUST04701,Naveen Banerjee,Male,29.0,Kolkata,West Bengal,2025-09-14,Direct
CUST04702,Varun Rao,Male,36.0,Delhi,Delhi,2024-06-23,
CUST04703,Krishna Malhotra,Male,29.0,Ahmedabad,Gujarat,2024-03-12,Organic Search
CUST04704,Neha Chopra,Female,57.0,Chandigarh,Chandigarh,2024-04-13,Direct
CUST04705,Suresh Malhotra,Male,27.0,Ghaziabad,Uttar Pradesh,2023-07-12,Organic Search
CUST04706,Harsh Iyer,Male,37.0,Mumbai,Maharashtra,2024-01-23,Social Media
CUST04707,Tarun Chauhan,Male,41.0,Ludhiana,Punjab,2023-05-09,Paid Search
CUST04708,Manish Verma,Male,27.0,Ghaziabad,Uttar Pradesh,2024-06-07,Social Media
CUST04709,Diya Banerjee,Female,35.0,Vadodara,Gujarat,2023-08-24,Organic Search
CUST04710,Ananya Tiwari,Female,28.0,Vadodara,Gujarat,2024-03-16,Paid Search
CUST04711,Siddharth Menon,Male,36.0,Kochi,Kerala,2025-04-26,Organic Search
CUST04712,Sanjay Saxena,Male,34.0,Mumbai,Maharashtra,2023-11-27,Direct
CUST04713,Nikhil Chopra,Male,32.0,Ahmedabad,Gujarat,2024-11-25,Direct
CUST04714,Sunita Menon,Female,21.0,Noida,Uttar Pradesh,2025-07-19,Referral
CUST04715,Aditya Malhotra,Male,52.0,Pune,Maharashtra,2024-10-16,Referral
CUST04716,Gaurav Tiwari,Male,39.0,Kanpur,Uttar Pradesh,2023-09-26,Social Media
CUST04717,Aadhya Chauhan,Female,18.0,Ahmedabad,Gujarat,2024-03-14,Organic Search
CUST04718,Suresh Patel,Male,29.0,Bengaluru,Karnataka,2024-11-06,Organic Search
CUST04719,Kiran Yadav,Female,18.0,Kochi,Kerala,2024-08-22,Email
CUST04720,Ankit Shah,Male,41.0,Ahmedabad,Gujarat,2023-07-31,Paid Search
CUST04721,Suresh Gupta,Male,33.0,Pune,Maharashtra,2024-06-26,Organic Search
CUST04722,Aadhya Menon,Female,33.0,Bengaluru,Karnataka,2024-09-25,Organic Search
CUST04723,Vivaan Joshi,Male,25.0,Noida,Uttar Pradesh,2023-12-21,Direct
CUST04724,Reyansh Rao,Male,30.0,Bengaluru,Karnataka,2024-11-26,Organic Search
CUST04725,Anita Chauhan,Female,41.0,Chandigarh,Chandigarh,2023-04-17,Paid Search
CUST04726,Arjun Rao,Male,44.0,Bengaluru,Karnataka,2024-03-06,Social Media
CUST04727,Divya Singh,Female,41.0,Gurugram,Haryana,2025-05-05,Social Media
CUST04728,Reyansh Banerjee,Male,18.0,Ahmedabad,Gujarat,2023-12-12,Organic Search
CUST04729,Anjali Kapoor,Female,31.0,Nashik,Maharashtra,2024-11-19,Social Media
CUST04730,Juhi Reddy,Female,36.0,Jaipur,Rajasthan,2024-05-20,Organic Search
CUST04731,Reyansh Pandey,Male,26.0,Delhi,Delhi,2024-02-13,Organic Search
CUST04732,Sneha Verma,Female,18.0,Bengaluru,Karnataka,2025-07-30,Social Media
CUST04733,Aditi Joshi,Female,20.0,Bhopal,Madhya Pradesh,2024-03-13,
CUST04734,Tarun Chauhan,Male,48.0,Lucknow,Uttar Pradesh,2023-11-16,Email
CUST04735,Deepak Yadav,Male,21.0,Hyderabad,Telangana,2025-07-25,Organic Search
CUST04736,Aadhya Kapoor,Female,33.0,Delhi,Delhi,2025-03-19,Organic Search
CUST04737,Aadhya Verma,Female,31.0,Ghaziabad,Uttar Pradesh,2025-01-24,Paid Search
CUST04738,Preeti Gupta,Female,31.0,Surat,Gujarat,2023-03-18,Organic Search
CUST04739,Ananya Banerjee,Female,30.0,Kanpur,Uttar Pradesh,2023-07-09,Organic Search
CUST04740,Anjali Tiwari,Female,41.0,Kolkata,West Bengal,2024-12-18,Organic Search
CUST04741,Swati Gupta,Female,33.0,Hyderabad,Telangana,2023-10-15,Organic Search
CUST04742,Aadhya Chauhan,Female,27.0,Ahmedabad,Gujarat,2023-11-03,Social Media
CUST04743,Ritu Yadav,Female,34.0,Mumbai,Maharashtra,2025-04-15,Organic Search
CUST04744,Neha Tiwari,Female,20.0,Gurugram,Haryana,2024-01-11,Organic Search
CUST04745,Gaurav Kumar,Male,38.0,Ahmedabad,Gujarat,2023-04-19,Organic Search
CUST04746,Juhi Singh,Female,26.0,Kolkata,West Bengal,2023-02-26,Paid Search
CUST04747,Vihaan Iyer,Male,27.0,Ahmedabad,Gujarat,2024-06-22,Paid Search
CUST04748,Preeti Mukherjee,Female,38.0,Hyderabad,Telangana,2024-11-30,Organic Search
CUST04749,Aadhya Chauhan,Female,29.0,Kanpur,Uttar Pradesh,2025-06-24,Paid Search
CUST04750,Kiran Mishra,Female,29.0,Kanpur,Uttar Pradesh,2023-06-12,Organic Search
CUST04751,Deepak Rao,Male,45.0,Vadodara,Gujarat,2023-09-29,Referral
CUST04752,Vihaan Yadav,Male,23.0,Mumbai,Maharashtra,2024-09-12,Paid Search
CUST04753,Vihaan Chauhan,Male,38.0,Nashik,Maharashtra,2024-04-04,Social Media
CUST04754,Payal Menon,Female,42.0,Noida,Uttar Pradesh,2024-07-30,Social Media
CUST04755,Anita Chatterjee,Female,45.0,Kochi,Kerala,2025-08-05,Social Media
CUST04756,Vivaan Pandey,Male,55.0,Delhi,Delhi,2024-09-26,Social Media
CUST04757,Varun Pandey,Male,27.0,Kolkata,West Bengal,2024-05-25,Paid Search
CUST04758,Anita Tiwari,Female,24.0,Gurugram,Haryana,2025-09-23,Paid Search
CUST04759,Vivaan Desai,Male,41.0,Bhopal,Madhya Pradesh,2023-04-09,Organic Search
CUST04760,Aditi Banerjee,Female,42.0,Mumbai,Maharashtra,2025-08-11,Organic Search
CUST04761,Shreya Yadav,Female,25.0,Nashik,Maharashtra,2024-08-17,Paid Search
CUST04762,Sneha Gupta,Female,38.0,Ludhiana,Punjab,2024-08-19,Paid Search
CUST04763,Rohan Pandey,Male,60.0,Visakhapatnam,Andhra Pradesh,2025-08-04,Organic Search
CUST04764,Karthik Shah,Male,34.0,Chennai,Tamil Nadu,2024-08-22,Direct
CUST04765,Meera Banerjee,Female,42.0,Surat,Gujarat,2024-06-17,Organic Search
CUST04766,Radhika Malhotra,Female,49.0,Indore,Madhya Pradesh,2023-12-27,Organic Search
CUST04767,Harsh Sharma,Male,58.0,Ahmedabad,Gujarat,2025-01-05,Social Media
CUST04768,Komal Iyer,Female,35.0,Patna,Bihar,2024-10-19,Referral
CUST04769,Aditya Reddy,Male,46.0,Bengaluru,Karnataka,2023-10-21,Paid Search
CUST04770,Rajesh Gupta,Male,25.0,Delhi,Delhi,2025-02-16,Social Media
CUST04771,Payal Patel,Female,33.0,Agra,Uttar Pradesh,2024-12-23,Organic Search
CUST04772,Komal Kumar,Female,29.0,Hyderabad,Telangana,2024-05-08,Direct
CUST04773,Juhi Agarwal,Female,18.0,Mumbai,Maharashtra,2023-01-08,Social Media
CUST04774,Reyansh Menon,Male,18.0,Ghaziabad,Uttar Pradesh,2024-06-25,Organic Search
CUST04775,Aditya Verma,Male,37.0,Patna,Bihar,2023-01-10,Social Media
CUST04776,Sneha Shah,Female,37.0,Vadodara,Gujarat,2023-04-23,Organic Search
CUST04777,Ritu Chopra,Female,23.0,Hyderabad,Telangana,2024-06-10,Paid Search
CUST04778,Rohan Shah,Male,49.0,Jaipur,Rajasthan,2023-05-03,
CUST04779,Naveen Chatterjee,Male,22.0,Mumbai,Maharashtra,2023-12-30,Social Media
CUST04780,Rajesh Kapoor,Male,36.0,Mumbai,Maharashtra,2025-01-02,Direct
CUST04781,Swati Tiwari,Female,29.0,Bengaluru,Karnataka,2024-02-05,Paid Search
CUST04782,Simran Verma,Female,34.0,Pune,Maharashtra,2025-09-29,Social Media
CUST04783,Siddharth Shah,Male,42.0,Jaipur,Rajasthan,2025-07-30,Social Media
CUST04784,Ishaan Shah,Male,41.0,Delhi,Delhi,2024-11-02,Organic Search
CUST04785,Yash Pandey,Male,40.0,Nashik,Maharashtra,2025-09-06,Social Media
CUST04786,Riya Das,Female,39.0,Noida,Uttar Pradesh,2025-06-23,Referral
CUST04787,Manish Agarwal,Male,20.0,Delhi,Delhi,2024-02-16,Social Media
CUST04788,Yash Chatterjee,Male,44.0,Ghaziabad,Uttar Pradesh,2025-03-22,
CUST04789,Divya Banerjee,Female,22.0,Surat,Gujarat,2023-07-16,Social Media
CUST04790,Gaurav Saxena,Male,32.0,Kolkata,West Bengal,2025-01-27,Referral
CUST04791,Saanvi Kumar,Female,29.0,Kolkata,West Bengal,2024-08-07,
CUST04792,Anjali Iyer,Female,37.0,Bhopal,Madhya Pradesh,2023-01-27,Organic Search
CUST04793,Gaurav Saxena,Male,28.0,Bengaluru,Karnataka,2023-12-29,Social Media
CUST04794,Anita Mehta,Female,31.0,Surat,Gujarat,2025-08-29,Organic Search
CUST04795,Priya Singh,Female,49.0,Bengaluru,Karnataka,2024-02-13,Referral
CUST04796,Ananya Reddy,Female,20.0,Mumbai,Maharashtra,2023-09-11,Organic Search
CUST04797,Simran Chauhan,Female,33.0,Pune,Maharashtra,2023-09-18,Organic Search
CUST04798,Suresh Saxena,Male,22.0,Bengaluru,Karnataka,2024-07-27,Email
CUST04799,Ishaan Desai,Male,40.0,Thane,Maharashtra,2025-06-04,Organic Search
CUST04800,Harsh Saxena,Male,26.0,Lucknow,Uttar Pradesh,2025-03-28,Paid Search
CUST04801,Rohan Patel,Male,33.0,Bengaluru,Karnataka,2024-06-16,Paid Search
CUST04802,Tarun Desai,Male,20.0,Nashik,Maharashtra,2023-10-14,Referral
CUST04803,Harsh Joshi,Male,46.0,Hyderabad,Telangana,2023-03-13,Organic Search
CUST04804,Aadhya Singh,Female,34.0,Indore,Madhya Pradesh,2024-07-11,Social Media
CUST04805,Karthik Desai,Male,34.0,Bengaluru,Karnataka,2025-05-13,Direct
CUST04806,Radhika Das,Female,41.0,Delhi,Delhi,2025-03-05,Social Media
CUST04807,Kiran Agarwal,Female,20.0,Agra,Uttar Pradesh,2024-05-19,Organic Search
CUST04808,Suresh Yadav,Male,27.0,Chandigarh,Chandigarh,2024-11-10,Organic Search
CUST04809,Pooja Shah,Female,35.0,Hyderabad,Telangana,2024-06-15,Paid Search
CUST04810,Suresh Singh,Male,18.0,Hyderabad,Telangana,2024-10-27,Organic Search
CUST04811,Ritu Mishra,Female,18.0,Nagpur,Maharashtra,2024-09-01,Paid Search
CUST04812,Nisha Agarwal,Female,25.0,Bengaluru,Karnataka,2025-01-24,Social Media
CUST04813,Sunita Nair,Female,22.0,Nashik,Maharashtra,2024-08-23,Social Media
CUST04814,Riya Das,Female,30.0,Mumbai,Maharashtra,2025-08-18,Social Media
CUST04815,Aditi Yadav,Female,38.0,Delhi,Delhi,2024-06-07,Social Media
CUST04816,Anjali Kumar,Female,40.0,Delhi,Delhi,2023-01-26,
CUST04817,Tanvi Sharma,Female,51.0,Hyderabad,Telangana,2023-11-16,Paid Search
CUST04818,Reyansh Das,Male,33.0,Nashik,Maharashtra,2024-08-16,Referral
CUST04819,Komal Gupta,Female,35.0,Lucknow,Uttar Pradesh,2024-09-22,Email
CUST04820,Priya Tiwari,Female,33.0,Delhi,Delhi,2024-10-03,Organic Search
CUST04821,Aditya Shah,Male,36.0,Mumbai,Maharashtra,2025-02-21,Organic Search
CUST04822,Diya Agarwal,Female,37.0,Bengaluru,Karnataka,2023-12-29,Social Media
CUST04823,Pooja Chopra,Female,42.0,Surat,Gujarat,2025-01-10,Paid Search
CUST04824,Ananya Kumar,Female,42.0,Jaipur,Rajasthan,2025-02-12,Paid Search
CUST04825,Vihaan Sharma,Male,38.0,Delhi,Delhi,2024-05-22,Organic Search
CUST04826,Ananya Shah,Female,48.0,Bhopal,Madhya Pradesh,2024-05-12,Paid Search
CUST04827,Komal Das,Female,33.0,Surat,Gujarat,2023-09-08,Organic Search
CUST04828,Varun Singh,Male,27.0,Kochi,Kerala,2024-05-24,Organic Search
CUST04829,Juhi Tiwari,Female,29.0,Pune,Maharashtra,2025-04-21,Paid Search
CUST04830,Anita Bansal,Female,32.0,Hyderabad,Telangana,2025-07-25,Referral
CUST04831,Siddharth Shah,Male,22.0,Delhi,Delhi,2024-11-09,Direct
CUST04832,Juhi Singh,Female,27.0,Chandigarh,Chandigarh,2024-01-26,Organic Search
CUST04833,Rahul Gupta,Male,22.0,Mumbai,Maharashtra,2025-01-25,Organic Search
CUST04834,Pooja Yadav,Female,36.0,Hyderabad,Telangana,2025-03-14,Organic Search
CUST04835,Payal Pandey,Female,37.0,Pune,Maharashtra,2024-03-01,Direct
CUST04836,Kunal Mukherjee,Male,18.0,Pune,Maharashtra,2025-05-22,Organic Search
CUST04837,Abhishek Das,Male,,Jaipur,Rajasthan,2023-04-22,Direct
CUST04838,Rajesh Menon,Male,51.0,Indore,Madhya Pradesh,2023-01-18,Social Media
CUST04839,Rohan Bansal,Male,39.0,Delhi,Delhi,2023-06-28,Email
CUST04840,Aditi Pandey,Female,38.0,Indore,Madhya Pradesh,2023-08-10,Organic Search
CUST04841,Varun Rao,Male,26.0,Coimbatore,Tamil Nadu,2025-07-02,Social Media
CUST04842,Kunal Mishra,Male,36.0,Mumbai,Maharashtra,2024-06-04,Organic Search
CUST04843,Manish Mehta,Male,33.0,Mumbai,Maharashtra,2023-12-30,Social Media
CUST04844,Nisha Shah,Female,25.0,Guwahati,Assam,2024-06-08,Social Media
CUST04845,Tanvi Chauhan,Female,28.0,Hyderabad,Telangana,2024-05-05,Referral
CUST04846,Rajesh Mukherjee,Male,28.0,Chennai,Tamil Nadu,2024-01-28,Social Media
CUST04847,Reyansh Verma,Male,18.0,Hyderabad,Telangana,2023-07-18,Direct
CUST04848,Aarav Singh,Male,20.0,Pune,Maharashtra,2025-01-02,Paid Search
CUST04849,Siddharth Reddy,Male,31.0,Indore,Madhya Pradesh,2023-07-16,Social Media
CUST04850,Aman Patel,Male,25.0,Bhopal,Madhya Pradesh,2025-04-12,Organic Search
CUST04851,Simran Saxena,Female,30.0,Hyderabad,Telangana,2023-10-05,Organic Search
CUST04852,Ananya Chopra,Female,18.0,Bengaluru,Karnataka,2025-03-07,Organic Search
CUST04853,Naveen Chatterjee,Male,41.0,Pune,Maharashtra,2025-05-06,Organic Search
CUST04854,Anita Yadav,Female,54.0,Ahmedabad,Gujarat,2023-07-01,Organic Search
CUST04855,Nisha Reddy,Female,43.0,Surat,Gujarat,2023-05-10,Organic Search
CUST04856,Karthik Sharma,Male,44.0,Surat,Gujarat,2025-08-24,Organic Search
CUST04857,Kunal Nair,Male,39.0,Coimbatore,Tamil Nadu,2024-07-11,Social Media
CUST04858,Juhi Nair,Female,36.0,Mumbai,Maharashtra,2024-12-11,Paid Search
CUST04859,Sanjay Kumar,Male,34.0,Mumbai,Maharashtra,2023-02-06,Direct
CUST04860,Ishita Desai,Female,24.0,Patna,Bihar,2024-01-03,Paid Search
CUST04861,Simran Iyer,Female,40.0,Jaipur,Rajasthan,2024-08-21,Organic Search
CUST04862,Rekha Reddy,Female,39.0,Mumbai,Maharashtra,2025-07-07,Referral
CUST04863,Suresh Desai,Male,28.0,Gurugram,Haryana,2023-12-26,Referral
CUST04864,Yash Chopra,Male,38.0,Lucknow,Uttar Pradesh,2025-04-11,Paid Search
CUST04865,Juhi Saxena,Female,26.0,Kolkata,West Bengal,2025-01-08,Organic Search
CUST04866,Aman Pandey,Male,27.0,Visakhapatnam,Andhra Pradesh,2023-06-18,Direct
CUST04867,Manish Sharma,Male,41.0,Jaipur,Rajasthan,2024-01-19,Direct
CUST04868,Radhika Kumar,Female,37.0,Ahmedabad,Gujarat,2023-11-17,Direct
CUST04869,Vihaan Das,Male,31.0,Hyderabad,Telangana,2024-06-22,Paid Search
CUST04870,Swati Chatterjee,Female,30.0,Chennai,Tamil Nadu,2024-12-16,Organic Search
CUST04871,Rekha Pandey,Female,35.0,Kolkata,West Bengal,2024-06-13,Paid Search
CUST04872,Anita Yadav,Female,18.0,Indore,Madhya Pradesh,2023-11-25,Social Media
CUST04873,Deepak Mukherjee,Male,25.0,Kolkata,West Bengal,2025-02-05,Organic Search
CUST04874,Kiran Tiwari,Female,20.0,Mumbai,Maharashtra,2024-11-01,Organic Search
CUST04875,Sneha Nair,Female,33.0,Kanpur,Uttar Pradesh,2024-09-03,Direct
CUST04876,Harsh Kapoor,Male,44.0,Mumbai,Maharashtra,2024-10-05,Organic Search
CUST04877,Aadhya Malhotra,Female,38.0,Ludhiana,Punjab,2023-10-30,Organic Search
CUST04878,Aarav Mukherjee,Male,28.0,Indore,Madhya Pradesh,2025-01-23,Social Media
CUST04879,Karthik Shah,Male,26.0,Jaipur,Rajasthan,2024-04-28,Direct
CUST04880,Rekha Kumar,Female,25.0,Chennai,Tamil Nadu,2024-04-03,Direct
CUST04881,Aman Kumar,Male,53.0,Delhi,Delhi,2023-08-02,Organic Search
CUST04882,Vihaan Iyer,Male,34.0,Lucknow,Uttar Pradesh,2024-11-12,Social Media
CUST04883,Rekha Malhotra,Female,35.0,Delhi,Delhi,2024-11-17,Direct
CUST04884,Pranav Rao,Male,18.0,Jaipur,Rajasthan,2024-03-10,Social Media
CUST04885,Sneha Chauhan,Female,21.0,Delhi,Delhi,2025-06-17,Organic Search
CUST04886,Reyansh Joshi,Male,,Jaipur,Rajasthan,2025-06-06,Social Media
CUST04887,Payal Chatterjee,Female,28.0,Delhi,Delhi,2023-06-09,Paid Search
CUST04888,Komal Rao,Female,34.0,Mumbai,Maharashtra,2025-02-04,Paid Search
CUST04889,Vihaan Singh,Male,34.0,Kolkata,West Bengal,2024-05-04,Paid Search
CUST04890,Kiran Das,Female,39.0,Indore,Madhya Pradesh,2025-09-30,Organic Search
CUST04891,Sanjay Iyer,Male,18.0,Bengaluru,Karnataka,2023-11-02,Email
CUST04892,Gaurav Tiwari,Male,22.0,Kolkata,West Bengal,2024-01-05,Paid Search
CUST04893,Gaurav Agarwal,Male,32.0,Patna,Bihar,2024-06-21,Organic Search
CUST04894,Yash Kumar,Male,27.0,Pune,Maharashtra,2023-12-23,Paid Search
CUST04895,Ishaan Das,Male,30.0,Jaipur,Rajasthan,2025-02-02,
CUST04896,Payal Pandey,Female,34.0,Bengaluru,Karnataka,2024-07-29,Social Media
CUST04897,Simran Tiwari,Female,26.0,Delhi,Delhi,2023-10-28,Referral
CUST04898,Tanvi Mishra,Female,35.0,Delhi,Delhi,2024-08-22,Referral
CUST04899,Rekha Yadav,Female,38.0,Noida,Uttar Pradesh,2025-07-09,Social Media
CUST04900,Abhishek Reddy,Male,34.0,Mumbai,Maharashtra,2025-04-25,Social Media
CUST04901,Vikram Desai,Male,40.0,Delhi,Delhi,2024-08-15,Social Media
CUST04902,Rahul Chopra,Male,18.0,Delhi,Delhi,2024-01-14,Paid Search
CUST04903,Simran Chauhan,Female,27.0,Patna,Bihar,2023-09-09,Paid Search
CUST04904,Riya Pandey,Female,42.0,Ahmedabad,Gujarat,2025-07-01,
CUST04905,Abhishek Mukherjee,Male,24.0,Patna,Bihar,2025-02-17,Referral
CUST04906,Manish Rao,Male,23.0,Chennai,Tamil Nadu,2024-10-21,Email
CUST04907,Varun Mukherjee,Male,32.0,Patna,Bihar,2025-07-02,Organic Search
CUST04908,Nisha Mishra,Female,33.0,Coimbatore,Tamil Nadu,2023-06-26,Direct
CUST04909,Ankit Mukherjee,Male,28.0,Chennai,Tamil Nadu,2025-01-25,Direct
CUST04910,Aadhya Kumar,Female,51.0,Kochi,Kerala,2023-10-23,Organic Search
CUST04911,Ankit Chatterjee,Male,36.0,Gurugram,Haryana,2023-06-25,Direct
CUST04912,Aarav Agarwal,Male,24.0,Mumbai,Maharashtra,2024-07-14,Paid Search
CUST04913,Varun Saxena,Male,19.0,Pune,Maharashtra,2024-04-28,Organic Search
CUST04914,Priya Menon,Female,37.0,Lucknow,Uttar Pradesh,2025-08-18,Social Media
CUST04915,Rekha Bansal,Female,24.0,Ludhiana,Punjab,2024-02-21,Organic Search
CUST04916,Krishna Reddy,Male,55.0,Kanpur,Uttar Pradesh,2025-05-13,Social Media
CUST04917,Rajesh Nair,Male,37.0,Nagpur,Maharashtra,2025-03-21,Referral
CUST04918,Abhishek Reddy,Male,39.0,Bengaluru,Karnataka,2025-01-13,Paid Search
CUST04919,Aarav Malhotra,Male,35.0,Ghaziabad,Uttar Pradesh,2025-08-02,Organic Search
CUST04920,Varun Mishra,Male,,Mumbai,Maharashtra,2024-05-18,Organic Search
CUST04921,Ishaan Yadav,Male,18.0,Lucknow,Uttar Pradesh,2024-04-30,Paid Search
CUST04922,Tanvi Joshi,Female,21.0,Delhi,Delhi,2023-08-16,Social Media
CUST04923,Priya Das,Female,43.0,Visakhapatnam,Andhra Pradesh,2023-12-30,Email
CUST04924,Nisha Chauhan,Female,48.0,Patna,Bihar,2025-07-03,Direct
CUST04925,Shreya Tiwari,Female,21.0,Delhi,Delhi,2024-07-22,Social Media
CUST04926,Pooja Bansal,Female,18.0,Patna,Bihar,2024-03-11,Paid Search
CUST04927,Simran Kapoor,Female,35.0,Ludhiana,Punjab,2023-10-23,Paid Search
CUST04928,Rajesh Bansal,Male,38.0,Mumbai,Maharashtra,2024-08-01,Social Media
CUST04929,Aditya Banerjee,Male,34.0,Chennai,Tamil Nadu,2025-02-23,Organic Search
CUST04930,Abhishek Menon,Male,32.0,Delhi,Delhi,2024-01-12,Paid Search
CUST04931,Saanvi Tiwari,Female,18.0,Delhi,Delhi,2025-03-28,Paid Search
CUST04932,Varun Das,Male,29.0,Vadodara,Gujarat,2024-12-11,Social Media
CUST04933,Abhishek Joshi,Male,31.0,Bengaluru,Karnataka,2025-04-21,Organic Search
CUST04934,Komal Singh,Female,28.0,Lucknow,Uttar Pradesh,2023-12-02,Paid Search
CUST04935,Meera Mukherjee,Female,18.0,Mumbai,Maharashtra,2024-12-12,Email
CUST04936,Kiran Iyer,Female,39.0,Mumbai,Maharashtra,2023-08-07,Email
CUST04937,Ananya Reddy,Female,42.0,Surat,Gujarat,2024-04-03,Social Media
CUST04938,Preeti Tiwari,Female,25.0,Ahmedabad,Gujarat,2025-03-01,Referral
CUST04939,Ishita Mishra,Female,31.0,Rajkot,Gujarat,2024-12-12,Email
CUST04940,Tarun Saxena,Male,28.0,Mumbai,Maharashtra,2023-09-19,Email
CUST04941,Priya Nair,Female,28.0,Surat,Gujarat,2025-06-16,Email
CUST04942,Kavya Kapoor,Female,38.0,Nagpur,Maharashtra,2023-03-23,Social Media
CUST04943,Arjun Rao,Male,38.0,Surat,Gujarat,2024-11-10,Referral
CUST04944,Sunita Chatterjee,Female,44.0,Kanpur,Uttar Pradesh,2025-09-19,Organic Search
CUST04945,Anjali Mehta,Female,44.0,Bengaluru,Karnataka,2024-09-14,Paid Search
CUST04946,Riya Joshi,Female,31.0,Visakhapatnam,Andhra Pradesh,2025-05-02,Referral
CUST04947,Kavya Reddy,Female,61.0,Pune,Maharashtra,2024-11-10,Organic Search
CUST04948,Aditya Reddy,Male,48.0,Patna,Bihar,2025-04-18,Organic Search
CUST04949,Rohan Menon,Male,26.0,Delhi,Delhi,2025-01-02,Paid Search
CUST04950,Rohan Sharma,Male,34.0,Delhi,Delhi,2025-02-01,Social Media
CUST04951,Sneha Pandey,Female,18.0,Ahmedabad,Gujarat,2023-11-06,Social Media
CUST04952,Anita Shah,Female,33.0,Ahmedabad,Gujarat,2025-03-15,Social Media
CUST04953,Radhika Desai,Female,50.0,Delhi,Delhi,2023-11-17,Organic Search
CUST04954,Swati Gupta,Female,61.0,Mumbai,Maharashtra,2025-09-16,Referral
CUST04955,Priya Iyer,Female,32.0,Mumbai,Maharashtra,2023-11-05,Organic Search
CUST04956,Suresh Verma,Male,36.0,Mumbai,Maharashtra,2023-11-16,Referral
CUST04957,Krishna Saxena,Male,39.0,Mumbai,Maharashtra,2025-06-16,Paid Search
CUST04958,Rohan Pandey,Male,53.0,Vadodara,Gujarat,2023-11-23,Organic Search
CUST04959,Kavya Chauhan,Female,23.0,Gurugram,Haryana,2024-03-31,Paid Search
CUST04960,Rahul Shah,Male,60.0,Chennai,Tamil Nadu,2025-02-21,Social Media
CUST04961,Nisha Joshi,Female,30.0,Delhi,Delhi,2023-08-13,Referral
CUST04962,Aadhya Pandey,Female,21.0,Hyderabad,Telangana,2023-08-14,Social Media
CUST04963,Varun Iyer,Male,30.0,Ghaziabad,Uttar Pradesh,2024-08-03,Direct
CUST04964,Aditi Verma,Female,25.0,Gurugram,Haryana,2023-11-24,Paid Search
CUST04965,Tanvi Menon,Female,37.0,Bengaluru,Karnataka,2023-11-15,Organic Search
CUST04966,Preeti Pandey,Female,18.0,Mumbai,Maharashtra,2023-01-15,Paid Search
CUST04967,Yash Singh,Male,34.0,Hyderabad,Telangana,2024-04-10,Social Media
CUST04968,Siddharth Gupta,Male,40.0,Ahmedabad,Gujarat,2024-02-15,Organic Search
CUST04969,Ishaan Joshi,Male,48.0,Mumbai,Maharashtra,2023-02-18,Organic Search
CUST04970,Swati Shah,Female,40.0,Kanpur,Uttar Pradesh,2024-12-03,Social Media
CUST04971,Diya Iyer,Female,47.0,Delhi,Delhi,2024-12-08,Paid Search
CUST04972,Anita Iyer,Female,27.0,Mumbai,Maharashtra,2023-04-17,Email
CUST04973,Radhika Malhotra,Female,37.0,Indore,Madhya Pradesh,2024-02-14,Organic Search
CUST04974,Rajesh Sharma,Male,18.0,Visakhapatnam,Andhra Pradesh,2025-06-27,Paid Search
CUST04975,Aditi Kapoor,Female,32.0,Delhi,Delhi,2024-10-30,Paid Search
CUST04976,Tarun Banerjee,Male,37.0,Visakhapatnam,Andhra Pradesh,2024-05-22,Direct
CUST04977,Suresh Mukherjee,Male,38.0,Hyderabad,Telangana,2024-07-13,Organic Search
CUST04978,Komal Chopra,Female,18.0,Hyderabad,Telangana,2023-10-13,Organic Search
CUST04979,Anjali Kapoor,Female,29.0,Delhi,Delhi,2025-05-11,Organic Search
CUST04980,Saanvi Malhotra,Female,30.0,Bengaluru,Karnataka,2025-07-29,Direct
CUST04981,Meera Reddy,Female,29.0,Mumbai,Maharashtra,2025-07-26,Organic Search
CUST04982,Yash Chauhan,Male,40.0,Kanpur,Uttar Pradesh,2023-11-01,Referral
CUST04983,Vivaan Desai,Male,31.0,Ludhiana,Punjab,2024-02-07,Paid Search
CUST04984,Vivaan Chatterjee,Male,34.0,Mumbai,Maharashtra,2023-08-16,Email
CUST04985,Radhika Mukherjee,,28.0,Bengaluru,Karnataka,2024-02-03,Organic Search
CUST04986,Arjun Mehta,Male,44.0,Hyderabad,Telangana,2024-03-02,Paid Search
CUST04987,Aarav Bansal,Male,,Ahmedabad,Gujarat,2024-12-14,Direct
CUST04988,Naveen Reddy,Male,30.0,Ghaziabad,Uttar Pradesh,2023-09-21,Organic Search
CUST04989,Neha Joshi,Female,62.0,Mumbai,Maharashtra,2025-08-02,Social Media
CUST04990,Ritu Tiwari,Female,25.0,Surat,Gujarat,2023-06-01,
CUST04991,Tarun Das,Male,43.0,Pune,Maharashtra,2023-01-11,Organic Search
CUST04992,Rajesh Verma,Male,23.0,Ludhiana,Punjab,2025-06-13,Referral
CUST04993,Ishita Saxena,Female,41.0,Hyderabad,Telangana,2025-02-12,Organic Search
CUST04994,Priya Das,Female,40.0,Mumbai,Maharashtra,2024-03-25,Organic Search
CUST04995,Rohan Patel,Male,23.0,Delhi,Delhi,2024-11-11,Organic Search
CUST04996,Kunal Banerjee,Male,32.0,Surat,Gujarat,2023-10-31,Social Media
CUST04997,Saanvi Iyer,Female,52.0,Pune,Maharashtra,2023-08-26,Organic Search
CUST04998,Divya Menon,Female,25.0,Jaipur,Rajasthan,2024-07-19,
CUST04999,Harsh Banerjee,Male,37.0,Delhi,Delhi,2024-03-23,Social Media
CUST05000,Rekha Yadav,Female,36.0,Mumbai,Maharashtra,2024-11-28,Organic Search
CUST05001,Aditi Mehta,Female,33.0,Pune,Maharashtra,2023-10-25,Organic Search
CUST05002,Deepak Kapoor,Male,18.0,Mumbai,Maharashtra,2025-01-08,Organic Search
CUST05003,Suresh Chopra,Male,41.0,Gurugram,Haryana,2025-04-05,Organic Search
CUST05004,Saanvi Saxena,Female,33.0,Vadodara,Gujarat,2023-08-23,Paid Search
CUST05005,Varun Rao,Male,44.0,Delhi,Delhi,2023-03-09,Paid Search
CUST05006,Siddharth Shah,Male,35.0,Jaipur,Rajasthan,2024-06-19,Direct
CUST05007,Rekha Tiwari,Female,34.0,Delhi,Delhi,2025-04-10,Social Media
CUST05008,Siddharth Tiwari,Male,37.0,Gurugram,Haryana,2024-12-29,Direct
CUST05009,Simran Bansal,Female,23.0,Jaipur,Rajasthan,2025-02-10,Email
CUST05010,Vivaan Iyer,Male,49.0,Hyderabad,Telangana,2024-05-13,Direct
CUST05011,Gaurav Saxena,Male,29.0,Kanpur,Uttar Pradesh,2023-11-14,Organic Search
CUST05012,Kunal Joshi,Male,29.0,Mumbai,Maharashtra,2024-09-14,Organic Search
CUST05013,Komal Shah,Female,46.0,Bengaluru,Karnataka,2023-10-09,Paid Search
CUST05014,Aadhya Yadav,Female,35.0,Bengaluru,Karnataka,2025-03-02,Paid Search
CUST05015,Ritu Banerjee,Female,31.0,Hyderabad,Telangana,2023-09-30,Referral
CUST05016,Karthik Verma,Male,37.0,Mumbai,Maharashtra,2024-01-17,Social Media
CUST05017,Aadhya Bansal,Female,39.0,Noida,Uttar Pradesh,2024-08-22,Direct
CUST05018,Deepak Yadav,Male,32.0,Chennai,Tamil Nadu,2024-08-03,Organic Search
CUST05019,Diya Chauhan,Female,42.0,Agra,Uttar Pradesh,2024-11-15,Social Media
CUST05020,Vikram Kumar,Male,20.0,Mumbai,Maharashtra,2024-06-17,Social Media
CUST05021,Radhika Nair,Female,36.0,Ludhiana,Punjab,2025-08-02,Organic Search
CUST05022,Aman Bansal,Male,41.0,Lucknow,Uttar Pradesh,2025-06-02,Email
CUST05023,Gaurav Agarwal,Male,39.0,Kanpur,Uttar Pradesh,2025-07-02,Social Media
CUST05024,Anita Pandey,Female,18.0,Vadodara,Gujarat,2024-12-11,Organic Search
CUST05025,Ishaan Das,Male,32.0,Pune,Maharashtra,2024-12-15,Paid Search
CUST05026,Reyansh Rao,Male,21.0,Surat,Gujarat,2024-11-23,Social Media
CUST05027,Tanvi Menon,Female,46.0,Coimbatore,Tamil Nadu,2024-06-14,Social Media
CUST05028,Ankit Reddy,Male,29.0,Delhi,Delhi,2024-02-19,Paid Search
CUST05029,Diya Kapoor,Female,45.0,Mumbai,Maharashtra,2024-11-08,Social Media
CUST05030,Riya Banerjee,Female,21.0,Kochi,Kerala,2023-02-10,Organic Search
CUST05031,Payal Joshi,Female,37.0,Rajkot,Gujarat,2023-01-12,Organic Search
CUST05032,Vivaan Malhotra,Male,33.0,Kolkata,West Bengal,2025-06-11,Organic Search
CUST05033,Divya Mehta,Female,61.0,Visakhapatnam,Andhra Pradesh,2023-03-13,Paid Search
CUST05034,Swati Pandey,Female,45.0,Rajkot,Gujarat,2024-09-08,Organic Search
CUST05035,Krishna Verma,Male,44.0,Chennai,Tamil Nadu,2024-11-28,Social Media
CUST05036,Komal Mehta,Female,53.0,Mumbai,Maharashtra,2023-10-01,
CUST05037,Pooja Singh,Female,36.0,Kolkata,West Bengal,2025-07-15,Direct
CUST05038,Aditya Menon,Male,32.0,Hyderabad,Telangana,2023-09-21,Paid Search
CUST05039,Deepak Tiwari,,31.0,Mumbai,Maharashtra,2025-07-06,Social Media
CUST05040,Shreya Yadav,Female,36.0,Noida,Uttar Pradesh,2025-04-01,Direct
CUST05041,Pranav Banerjee,Male,18.0,Indore,Madhya Pradesh,2023-11-21,Paid Search
CUST05042,Sunita Menon,Female,33.0,Patna,Bihar,2023-08-03,Organic Search
CUST05043,Varun Verma,Male,35.0,Jaipur,Rajasthan,2024-02-13,Organic Search
CUST05044,Abhishek Banerjee,Male,31.0,Bengaluru,Karnataka,2024-05-08,Organic Search
CUST05045,Saanvi Mehta,Female,18.0,Jaipur,Rajasthan,2023-11-26,Referral
CUST05046,Sunita Sharma,Female,32.0,Kanpur,Uttar Pradesh,2025-09-30,Organic Search
CUST05047,Harsh Chauhan,Male,18.0,Jaipur,Rajasthan,2023-11-08,Organic Search
CUST05048,Anita Chopra,Female,51.0,Delhi,Delhi,2025-05-25,Email
CUST05049,Aditya Tiwari,Male,30.0,Vadodara,Gujarat,2023-08-14,Referral
CUST05050,Siddharth Banerjee,Male,18.0,Hyderabad,Telangana,2025-09-16,Organic Search
CUST05051,Rohan Banerjee,Male,31.0,Ahmedabad,Gujarat,2023-11-03,Social Media
CUST05052,Aarav Das,Male,42.0,Pune,Maharashtra,2024-06-01,Paid Search
CUST05053,Neha Pandey,Female,35.0,Kochi,Kerala,2024-10-09,Organic Search
CUST05054,Reyansh Shah,Male,24.0,Hyderabad,Telangana,2023-06-25,Paid Search
CUST05055,Rajesh Gupta,Male,26.0,Mumbai,Maharashtra,2025-05-15,Email
CUST05056,Rajesh Kapoor,Male,30.0,Noida,Uttar Pradesh,2023-12-29,Organic Search
CUST05057,Kiran Mukherjee,Female,29.0,Noida,Uttar Pradesh,2024-09-30,Organic Search
CUST05058,Ritu Joshi,Female,20.0,Delhi,Delhi,2024-10-01,Direct
CUST05059,Kunal Pandey,Male,32.0,Ghaziabad,Uttar Pradesh,2024-11-17,Direct
CUST05060,Rohan Mishra,Male,20.0,Chandigarh,Chandigarh,2023-03-26,Paid Search
CUST05061,Anita Iyer,Female,42.0,Mumbai,Maharashtra,2023-08-26,Organic Search
CUST05062,Kunal Malhotra,Male,44.0,Bhopal,Madhya Pradesh,2023-08-16,Organic Search
CUST05063,Simran Banerjee,Female,23.0,Delhi,Delhi,2024-01-29,Organic Search
CUST05064,Diya Das,Female,26.0,Ghaziabad,Uttar Pradesh,2023-07-27,Organic Search
CUST05065,Ritu Yadav,Female,29.0,Mumbai,Maharashtra,2025-08-04,Social Media
CUST05066,Aditya Reddy,Male,33.0,Nagpur,Maharashtra,2024-08-28,Organic Search
CUST05067,Ankit Gupta,Male,36.0,Vadodara,Gujarat,2024-12-05,Organic Search
CUST05068,Naveen Malhotra,Male,38.0,Mumbai,Maharashtra,2024-03-28,Social Media
CUST05069,Harsh Rao,Male,37.0,Bhopal,Madhya Pradesh,2023-12-31,Organic Search
CUST05070,Deepak Reddy,Male,49.0,Delhi,Delhi,2024-08-19,Organic Search
CUST05071,Saanvi Singh,Female,34.0,Mumbai,Maharashtra,2024-01-20,Social Media
CUST05072,Reyansh Tiwari,Male,20.0,Chandigarh,Chandigarh,2024-03-13,Organic Search
CUST05073,Aditya Chauhan,Male,18.0,Gurugram,Haryana,2024-07-01,Social Media
CUST05074,Sanjay Chopra,Male,49.0,Thane,Maharashtra,2024-08-21,Organic Search
CUST05075,Rajesh Das,Male,38.0,Coimbatore,Tamil Nadu,2025-09-19,Organic Search
CUST05076,Aditi Sharma,Female,35.0,Mumbai,Maharashtra,2023-10-31,Paid Search
CUST05077,Sanjay Saxena,Male,37.0,Kolkata,West Bengal,2024-08-04,Social Media
CUST05078,Rekha Patel,Female,35.0,Nashik,Maharashtra,2023-08-02,Organic Search
CUST05079,Priya Chopra,Female,37.0,Coimbatore,Tamil Nadu,2024-03-20,Referral
CUST05080,Deepak Das,Male,29.0,Ahmedabad,Gujarat,2025-02-23,Direct
CUST05081,Diya Reddy,Female,44.0,Hyderabad,Telangana,2023-09-02,Paid Search
CUST05082,Manish Chatterjee,Male,28.0,Nagpur,Maharashtra,2024-10-29,Organic Search
CUST05083,Nikhil Joshi,Male,24.0,Mumbai,Maharashtra,2024-05-27,Organic Search
CUST05084,Meera Chopra,Female,18.0,Visakhapatnam,Andhra Pradesh,2023-03-21,Direct
CUST05085,Nisha Agarwal,Female,31.0,Bengaluru,Karnataka,2025-08-12,Organic Search
CUST05086,Karthik Verma,Male,46.0,Kolkata,West Bengal,2024-05-24,Organic Search
CUST05087,Tarun Pandey,Male,28.0,Delhi,Delhi,2025-04-18,Organic Search
CUST05088,Ishaan Chopra,Male,19.0,Thane,Maharashtra,2024-05-27,Organic Search
CUST05089,Karthik Bansal,Male,36.0,Noida,Uttar Pradesh,2025-08-15,Organic Search
CUST05090,Aadhya Nair,Female,26.0,Pune,Maharashtra,2024-01-16,Organic Search
CUST05091,Vikram Malhotra,Male,48.0,Noida,Uttar Pradesh,2024-05-23,Email
CUST05092,Neha Desai,Female,44.0,Ahmedabad,Gujarat,2025-03-29,Organic Search
CUST05093,Divya Nair,Female,20.0,Bengaluru,Karnataka,2024-03-13,Email
CUST05094,Kunal Patel,Male,31.0,Ludhiana,Punjab,2024-04-04,Paid Search
CUST05095,Simran Joshi,Female,25.0,Mumbai,Maharashtra,2025-09-27,Organic Search
CUST05096,Swati Bansal,Female,21.0,Bengaluru,Karnataka,2024-10-06,Referral
CUST05097,Kunal Nair,Male,32.0,Nagpur,Maharashtra,2025-01-31,Social Media
CUST05098,Divya Pandey,Female,41.0,Delhi,Delhi,2024-12-23,Social Media
CUST05099,Kiran Pandey,Female,32.0,Coimbatore,Tamil Nadu,2025-05-23,Organic Search
CUST05100,Tanvi Agarwal,Female,28.0,Kolkata,West Bengal,2025-06-19,Social Media
CUST05101,Kunal Singh,Male,18.0,Bengaluru,Karnataka,2024-10-13,Email
CUST05102,Payal Mukherjee,Female,26.0,Ahmedabad,Gujarat,2024-01-20,Direct
CUST05103,Kiran Saxena,Female,39.0,Bengaluru,Karnataka,2023-02-05,Social Media
CUST05104,Priya Mehta,Female,20.0,Nagpur,Maharashtra,2024-11-27,Paid Search
CUST05105,Reyansh Verma,Male,46.0,Delhi,Delhi,2025-05-21,Referral
CUST05106,Reyansh Mukherjee,Male,27.0,Agra,Uttar Pradesh,2024-06-29,Organic Search
CUST05107,Sneha Mehta,Female,35.0,Delhi,Delhi,2023-08-21,Paid Search
CUST05108,Tarun Agarwal,Male,29.0,Bengaluru,Karnataka,2024-01-13,Social Media
CUST05109,Reyansh Tiwari,Male,21.0,Surat,Gujarat,2024-08-25,Paid Search
CUST05110,Nisha Menon,Female,37.0,Hyderabad,Telangana,2025-05-30,Organic Search
CUST05111,Sneha Bansal,Female,27.0,Kolkata,West Bengal,2023-08-30,Organic Search
CUST05112,Divya Chopra,Female,25.0,Pune,Maharashtra,2024-11-25,Organic Search
CUST05113,Gaurav Malhotra,Male,18.0,Bengaluru,Karnataka,2025-03-25,Referral
CUST05114,Payal Sharma,Female,46.0,Pune,Maharashtra,2025-08-14,Social Media
CUST05115,Vihaan Chopra,Male,33.0,Gurugram,Haryana,2023-06-20,Email
CUST05116,Neha Bansal,Female,44.0,Mumbai,Maharashtra,2025-08-07,Direct
CUST05117,Rahul Gupta,Male,39.0,Jaipur,Rajasthan,2024-11-16,Organic Search
CUST05118,Manish Mishra,Male,44.0,Hyderabad,Telangana,2025-04-04,Email
CUST05119,Tanvi Chatterjee,Female,27.0,Nashik,Maharashtra,2023-03-24,Paid Search
CUST05120,Nisha Bansal,Female,19.0,Mumbai,Maharashtra,2024-08-21,Email
CUST05121,Siddharth Malhotra,Male,41.0,Mumbai,Maharashtra,2024-12-05,Social Media
CUST05122,Naveen Bansal,Male,34.0,Ahmedabad,Gujarat,2024-02-03,Direct
CUST05123,Sunita Sharma,Female,28.0,Kanpur,Uttar Pradesh,2024-06-11,Email
CUST05124,Simran Kapoor,Female,40.0,Mumbai,Maharashtra,2024-10-05,Organic Search
CUST05125,Gaurav Rao,Male,36.0,Vadodara,Gujarat,2024-10-03,Social Media
CUST05126,Meera Iyer,Female,39.0,Hyderabad,Telangana,2023-03-06,Organic Search
CUST05127,Arjun Kumar,Male,23.0,Chandigarh,Chandigarh,2024-06-19,Social Media
CUST05128,Pooja Joshi,Female,43.0,Chandigarh,Chandigarh,2023-10-20,Organic Search
CUST05129,Aarav Chopra,Male,33.0,Bhopal,Madhya Pradesh,2025-07-31,Paid Search
CUST05130,Aarav Mehta,Male,44.0,Thane,Maharashtra,2025-09-13,Email
CUST05131,Aditi Kumar,Female,43.0,Jaipur,Rajasthan,2024-01-26,Organic Search
CUST05132,Ishaan Tiwari,Male,40.0,Patna,Bihar,2023-09-03,Organic Search
CUST05133,Ishita Mehta,Female,32.0,Delhi,Delhi,2023-10-27,Organic Search
CUST05134,Vikram Rao,Male,40.0,Vadodara,Gujarat,2024-07-26,Organic Search
CUST05135,Nikhil Pandey,Male,44.0,Pune,Maharashtra,2025-06-28,Organic Search
CUST05136,Meera Menon,Female,39.0,Visakhapatnam,Andhra Pradesh,2024-08-16,Social Media
CUST05137,Pooja Rao,Female,35.0,Kolkata,West Bengal,2023-03-26,Social Media
CUST05138,Nikhil Gupta,Male,40.0,Surat,Gujarat,2023-03-03,Paid Search
CUST05139,Aadhya Bansal,Female,28.0,Hyderabad,Telangana,2023-11-05,Organic Search
CUST05140,Manish Agarwal,Male,48.0,Chennai,Tamil Nadu,2025-06-04,Paid Search
CUST05141,Komal Reddy,Female,18.0,Ahmedabad,Gujarat,2024-12-04,Direct
CUST05142,Rahul Desai,Male,33.0,Thane,Maharashtra,2024-10-13,Paid Search
CUST05143,Swati Verma,Female,29.0,Delhi,Delhi,2024-02-16,Paid Search
CUST05144,Vikram Shah,Male,27.0,Gurugram,Haryana,2025-08-09,Paid Search
CUST05145,Meera Yadav,Female,,Ghaziabad,Uttar Pradesh,2024-02-29,Organic Search
CUST05146,Aadhya Tiwari,Female,22.0,Nashik,Maharashtra,2025-05-29,Organic Search
CUST05147,Sneha Bansal,Female,55.0,Chandigarh,Chandigarh,2025-07-15,Social Media
CUST05148,Reyansh Chopra,Male,19.0,Chennai,Tamil Nadu,2024-07-31,Organic Search
CUST05149,Yash Malhotra,Male,23.0,Coimbatore,Tamil Nadu,2025-07-14,Social Media
CUST05150,Pranav Gupta,Male,23.0,Chennai,Tamil Nadu,2024-01-01,Paid Search
CUST05151,Aditi Das,Female,35.0,Mumbai,Maharashtra,2025-01-04,Organic Search
CUST05152,Ishaan Malhotra,Male,43.0,Mumbai,Maharashtra,2023-05-12,Social Media
CUST05153,Shreya Agarwal,Female,38.0,Mumbai,Maharashtra,2024-07-22,Organic Search
CUST05154,Ankit Chopra,Male,48.0,Delhi,Delhi,2023-10-24,Organic Search
CUST05155,Komal Rao,Female,25.0,Ahmedabad,Gujarat,2023-04-06,Paid Search
CUST05156,Krishna Joshi,Male,40.0,Kochi,Kerala,2023-01-06,Social Media
CUST05157,Riya Yadav,Female,30.0,Bengaluru,Karnataka,2024-02-22,Referral
CUST05158,Aditi Banerjee,Female,35.0,Chandigarh,Chandigarh,2024-11-05,Referral
CUST05159,Ritu Menon,Female,44.0,Vadodara,Gujarat,2024-07-04,Paid Search
CUST05160,Juhi Gupta,Female,18.0,Nashik,Maharashtra,2024-01-28,Organic Search
CUST05161,Tanvi Das,Female,53.0,Patna,Bihar,2025-09-24,Organic Search
CUST05162,Radhika Chopra,Female,32.0,Noida,Uttar Pradesh,2025-08-17,Organic Search
CUST05163,Ankit Nair,Male,18.0,Delhi,Delhi,2023-07-02,Organic Search
CUST05164,Rajesh Agarwal,Male,26.0,Kolkata,West Bengal,2024-05-25,Organic Search
CUST05165,Payal Saxena,Female,34.0,Hyderabad,Telangana,2024-12-27,
CUST05166,Diya Shah,Female,26.0,Bengaluru,Karnataka,2025-03-08,Social Media
CUST05167,Siddharth Desai,Male,18.0,Chennai,Tamil Nadu,2024-04-06,Organic Search
CUST05168,Nikhil Nair,Male,34.0,Kolkata,West Bengal,2025-03-19,Social Media
CUST05169,Aadhya Mehta,Female,26.0,Kochi,Kerala,2023-06-30,Referral
CUST05170,Harsh Das,Male,40.0,Bengaluru,Karnataka,2024-03-01,Organic Search
CUST05171,Ananya Iyer,Female,22.0,Chandigarh,Chandigarh,2025-02-22,Organic Search
CUST05172,Anjali Desai,Female,56.0,Delhi,Delhi,2024-12-07,Paid Search
CUST05173,Kunal Kapoor,Male,38.0,Lucknow,Uttar Pradesh,2025-05-31,Organic Search
CUST05174,Tarun Menon,Male,35.0,Hyderabad,Telangana,2023-03-14,Organic Search
CUST05175,Kunal Sharma,Male,39.0,Noida,Uttar Pradesh,2023-09-02,Social Media
CUST05176,Karthik Mishra,Male,18.0,Surat,Gujarat,2023-03-16,Social Media
CUST05177,Diya Tiwari,Female,28.0,Mumbai,Maharashtra,2023-09-24,Referral
CUST05178,Kiran Reddy,Female,51.0,Gurugram,Haryana,2023-01-07,Organic Search
CUST05179,Ananya Chauhan,Female,30.0,Bengaluru,Karnataka,2024-08-20,Direct
CUST05180,Reyansh Mishra,Male,32.0,Gurugram,Haryana,2024-09-11,Organic Search
CUST05181,Tanvi Shah,Female,28.0,Mumbai,Maharashtra,2025-01-04,Organic Search
CUST05182,Suresh Banerjee,Male,48.0,Bengaluru,Karnataka,2024-04-25,Organic Search
CUST05183,Anita Gupta,Female,31.0,Bengaluru,Karnataka,2023-01-06,Organic Search
CUST05184,Manish Chatterjee,Male,20.0,Nagpur,Maharashtra,2025-01-18,Referral
CUST05185,Sunita Rao,Female,59.0,Patna,Bihar,2023-03-25,Organic Search
CUST05186,Meera Kumar,Female,19.0,Surat,Gujarat,2025-06-22,Organic Search
CUST05187,Karthik Das,Male,32.0,Mumbai,Maharashtra,2023-02-05,Social Media
CUST05188,Rekha Singh,Female,25.0,Chennai,Tamil Nadu,2024-09-13,Organic Search
CUST05189,Deepak Nair,Male,26.0,Kolkata,West Bengal,2025-07-14,Social Media
CUST05190,Ishaan Chauhan,Male,22.0,Ahmedabad,Gujarat,2024-10-21,Direct
CUST05191,Ritu Malhotra,Female,28.0,Chennai,Tamil Nadu,2024-11-22,Organic Search
CUST05192,Siddharth Yadav,Male,43.0,Kolkata,West Bengal,2025-01-24,Organic Search
CUST05193,Siddharth Shah,Male,18.0,Pune,Maharashtra,2023-06-27,Paid Search
CUST05194,Gaurav Das,Male,46.0,Surat,Gujarat,2025-01-19,Referral
CUST05195,Deepak Reddy,Male,44.0,Bengaluru,Karnataka,2025-07-03,Direct
CUST05196,Sunita Chatterjee,Female,38.0,Coimbatore,Tamil Nadu,2025-09-12,Referral
CUST05197,Priya Desai,Female,34.0,Ghaziabad,Uttar Pradesh,2024-06-22,Social Media
CUST05198,Karthik Iyer,Male,36.0,Patna,Bihar,2024-03-14,Paid Search
CUST05199,Abhishek Mukherjee,Male,47.0,Vadodara,Gujarat,2025-03-25,Email
CUST05200,Sunita Joshi,Female,18.0,Pune,Maharashtra,2024-09-24,Email
CUST05201,Aadhya Singh,Female,40.0,Noida,Uttar Pradesh,2023-12-10,Organic Search
CUST05202,Siddharth Sharma,Male,26.0,Ahmedabad,Gujarat,2023-08-30,Social Media
CUST05203,Neha Gupta,Female,41.0,Chennai,Tamil Nadu,2023-08-28,Email
CUST05204,Deepak Pandey,Male,27.0,Vadodara,Gujarat,2024-07-08,Direct
CUST05205,Aarav Saxena,Male,40.0,Nashik,Maharashtra,2023-08-28,Social Media
CUST05206,Shreya Kumar,Female,18.0,Chennai,Tamil Nadu,2023-02-01,Social Media
CUST05207,Pooja Nair,Female,18.0,Ludhiana,Punjab,2023-03-21,Direct
CUST05208,Aman Rao,Male,32.0,Surat,Gujarat,2025-08-10,Organic Search
CUST05209,Radhika Joshi,Female,47.0,Ahmedabad,Gujarat,2023-04-21,Social Media
CUST05210,Kavya Rao,Female,38.0,Chandigarh,Chandigarh,2023-04-21,Direct
CUST05211,Sneha Tiwari,Female,38.0,Kolkata,West Bengal,2024-06-30,Social Media
CUST05212,Juhi Patel,Female,42.0,Ludhiana,Punjab,2023-11-26,Direct
CUST05213,Ankit Banerjee,Male,29.0,Vadodara,Gujarat,2025-09-03,Organic Search
CUST05214,Riya Shah,Female,39.0,Mumbai,Maharashtra,2025-07-26,Organic Search
CUST05215,Rajesh Menon,Male,27.0,Nashik,Maharashtra,2024-05-15,Organic Search
CUST05216,Aarav Shah,Male,30.0,Delhi,Delhi,2024-06-28,Organic Search
CUST05217,Aarav Gupta,Male,31.0,Vadodara,Gujarat,2024-04-15,Social Media
CUST05218,Kavya Mishra,Female,28.0,Bhopal,Madhya Pradesh,2023-02-28,Paid Search
CUST05219,Aman Joshi,Male,32.0,Thane,Maharashtra,2024-01-18,Organic Search
CUST05220,Pranav Malhotra,Male,30.0,Chandigarh,Chandigarh,2023-06-28,Social Media
CUST05221,Radhika Menon,Female,26.0,Jaipur,Rajasthan,2023-05-31,Social Media
CUST05222,Aarav Kumar,Male,32.0,Hyderabad,Telangana,2024-10-11,Organic Search
CUST05223,Abhishek Saxena,Male,35.0,Jaipur,Rajasthan,2023-05-26,Paid Search
CUST05224,Deepak Nair,Male,22.0,Nagpur,Maharashtra,2023-06-01,Social Media
CUST05225,Aadhya Agarwal,Female,37.0,Ahmedabad,Gujarat,2024-07-28,Organic Search
CUST05226,Rahul Mishra,Male,28.0,Bengaluru,Karnataka,2024-06-21,Email
CUST05227,Suresh Das,Male,35.0,Kolkata,West Bengal,2023-07-17,Social Media
CUST05228,Komal Menon,Female,26.0,Coimbatore,Tamil Nadu,2023-01-08,Social Media
CUST05229,Nisha Mehta,Female,44.0,Surat,Gujarat,2023-09-25,Organic Search
CUST05230,Tanvi Verma,Female,43.0,Coimbatore,Tamil Nadu,2023-11-15,Email
CUST05231,Ishaan Gupta,Male,23.0,Kolkata,West Bengal,2025-05-01,Organic Search
CUST05232,Radhika Malhotra,Female,38.0,Gurugram,Haryana,2025-07-30,Referral
CUST05233,Priya Mishra,Female,47.0,Patna,Bihar,2024-05-16,Organic Search
CUST05234,Simran Agarwal,Female,24.0,Hyderabad,Telangana,2024-05-15,Organic Search
CUST05235,Sanjay Rao,Male,24.0,Chennai,Tamil Nadu,2025-02-19,Social Media
CUST05236,Pranav Singh,Male,40.0,Guwahati,Assam,2024-12-08,Organic Search
CUST05237,Priya Shah,Female,20.0,Noida,Uttar Pradesh,2023-09-14,Organic Search
CUST05238,Varun Chauhan,Male,25.0,Chennai,Tamil Nadu,2023-06-08,Organic Search
CUST05239,Yash Mehta,Male,23.0,Ghaziabad,Uttar Pradesh,2024-06-17,Referral
CUST05240,Vikram Das,Male,40.0,Chandigarh,Chandigarh,2024-10-14,Paid Search
CUST05241,Abhishek Saxena,Male,26.0,Bengaluru,Karnataka,2023-07-19,Paid Search
CUST05242,Pooja Saxena,Female,30.0,Kolkata,West Bengal,2024-01-19,Organic Search
CUST05243,Naveen Shah,Male,26.0,Bhopal,Madhya Pradesh,2024-02-02,Social Media
CUST05244,Payal Tiwari,Female,44.0,Mumbai,Maharashtra,2023-12-14,Social Media
CUST05245,Priya Rao,Female,24.0,Vadodara,Gujarat,2024-07-09,Organic Search
CUST05246,Naveen Yadav,Male,19.0,Bengaluru,Karnataka,2024-12-31,Organic Search
CUST05247,Kunal Mehta,Male,19.0,Kolkata,West Bengal,2024-08-24,Social Media
CUST05248,Ishaan Verma,Male,40.0,Ahmedabad,Gujarat,2023-10-05,Organic Search
CUST05249,Ankit Yadav,Male,41.0,Thane,Maharashtra,2023-06-01,Direct
CUST05250,Preeti Chatterjee,Female,45.0,Bengaluru,Karnataka,2025-05-19,Organic Search
CUST05251,Ishita Saxena,Female,20.0,Chennai,Tamil Nadu,2024-07-27,Organic Search
CUST05252,Komal Nair,Female,31.0,Bengaluru,Karnataka,2023-04-05,Organic Search
CUST05253,Simran Nair,Female,57.0,Mumbai,Maharashtra,2023-12-11,Social Media
CUST05254,Yash Das,Male,30.0,Ludhiana,Punjab,2025-05-04,Organic Search
CUST05255,Tanvi Bansal,Female,27.0,Bengaluru,Karnataka,2025-03-23,Organic Search
CUST05256,Rajesh Sharma,Male,33.0,Bengaluru,Karnataka,2025-06-29,Organic Search
CUST05257,Manish Kapoor,Male,38.0,Mumbai,Maharashtra,2024-11-17,Organic Search
CUST05258,Sanjay Mehta,Male,38.0,Kolkata,West Bengal,2024-06-02,Organic Search
CUST05259,Nikhil Shah,Male,27.0,Bengaluru,Karnataka,2024-06-06,Paid Search
CUST05260,Radhika Gupta,Female,27.0,Pune,Maharashtra,2023-09-26,Social Media
CUST05261,Neha Sharma,Female,30.0,Indore,Madhya Pradesh,2024-12-29,Organic Search
CUST05262,Krishna Rao,Male,26.0,Mumbai,Maharashtra,2024-11-01,Paid Search
CUST05263,Abhishek Kapoor,Male,21.0,Delhi,Delhi,2023-08-08,Direct
CUST05264,Aadhya Menon,Female,51.0,Ahmedabad,Gujarat,2025-07-07,Social Media
CUST05265,Aadhya Singh,Female,29.0,Rajkot,Gujarat,2024-04-08,Direct
CUST05266,Anita Banerjee,Female,29.0,Delhi,Delhi,2023-03-18,Organic Search
CUST05267,Reyansh Yadav,Male,30.0,Thane,Maharashtra,2024-02-25,Paid Search
CUST05268,Tarun Chauhan,Male,32.0,Noida,Uttar Pradesh,2025-06-25,Organic Search
CUST05269,Juhi Joshi,Female,37.0,Mumbai,Maharashtra,2025-07-31,Direct
CUST05270,Riya Das,Female,28.0,Hyderabad,Telangana,2024-08-07,Direct
CUST05271,Reyansh Nair,Male,44.0,Visakhapatnam,Andhra Pradesh,2025-08-29,Social Media
CUST05272,Rahul Banerjee,Male,39.0,Gurugram,Haryana,2025-06-29,Organic Search
CUST05273,Kunal Bansal,Male,31.0,Bengaluru,Karnataka,2025-05-21,Social Media
CUST05274,Swati Menon,Female,26.0,Lucknow,Uttar Pradesh,2025-06-17,Referral
CUST05275,Vivaan Chauhan,Male,44.0,Thane,Maharashtra,2024-04-22,Social Media
CUST05276,Kavya Desai,Female,31.0,Ahmedabad,Gujarat,2025-03-27,Email
CUST05277,Aadhya Menon,Female,21.0,Lucknow,Uttar Pradesh,2024-10-26,Social Media
CUST05278,Arjun Mishra,Male,43.0,Pune,Maharashtra,2025-02-25,Organic Search
CUST05279,Siddharth Pandey,Male,26.0,Gurugram,Haryana,2023-09-06,Email
CUST05280,Manish Iyer,Male,42.0,Pune,Maharashtra,2025-03-07,Organic Search
CUST05281,Rahul Agarwal,Male,18.0,Kolkata,West Bengal,2025-08-30,Referral
CUST05282,Ritu Mishra,Female,29.0,Lucknow,Uttar Pradesh,2024-01-29,Organic Search
CUST05283,Diya Joshi,Female,45.0,Delhi,Delhi,2025-09-20,Social Media
CUST05284,Ishaan Tiwari,Male,33.0,Pune,Maharashtra,2024-04-18,Organic Search
CUST05285,Priya Gupta,Female,39.0,Mumbai,Maharashtra,2023-10-03,Organic Search
CUST05286,Aman Tiwari,Male,24.0,Surat,Gujarat,2023-06-14,Email
CUST05287,Anita Malhotra,Female,36.0,Pune,Maharashtra,2025-04-19,Social Media
CUST05288,Anita Kumar,Female,33.0,Ludhiana,Punjab,2024-10-05,Direct
CUST05289,Pranav Singh,Male,35.0,Patna,Bihar,2024-02-03,Social Media
CUST05290,Pooja Chopra,Female,53.0,Chennai,Tamil Nadu,2024-11-22,Organic Search
CUST05291,Aditi Mehta,Female,46.0,Lucknow,Uttar Pradesh,2024-03-01,Organic Search
CUST05292,Abhishek Verma,Male,41.0,Hyderabad,Telangana,2024-06-27,Paid Search
CUST05293,Kiran Shah,Female,41.0,Ahmedabad,Gujarat,2025-06-19,Organic Search
CUST05294,Naveen Singh,Male,24.0,Mumbai,Maharashtra,2025-01-13,Paid Search
CUST05295,Nikhil Patel,Male,28.0,Mumbai,Maharashtra,2025-04-01,Organic Search
CUST05296,Saanvi Mukherjee,Female,18.0,Ghaziabad,Uttar Pradesh,2024-10-31,Direct
CUST05297,Rohan Mukherjee,Male,20.0,Noida,Uttar Pradesh,2025-09-24,Organic Search
CUST05298,Rohan Chatterjee,Male,24.0,Kolkata,West Bengal,2023-11-21,Social Media
CUST05299,Krishna Agarwal,Male,33.0,Delhi,Delhi,2023-12-15,Social Media
CUST05300,Pranav Sharma,Male,21.0,Mumbai,Maharashtra,2023-05-18,Social Media
CUST05301,Siddharth Pandey,Male,33.0,Mumbai,Maharashtra,2024-10-05,Social Media
CUST05302,Abhishek Saxena,Male,31.0,Rajkot,Gujarat,2024-11-26,Direct
CUST05303,Ishita Tiwari,Female,22.0,Chennai,Tamil Nadu,2025-03-02,Social Media
CUST05304,Aditya Mehta,Male,48.0,Rajkot,Gujarat,2024-03-05,Organic Search
CUST05305,Shreya Pandey,,20.0,Ahmedabad,Gujarat,2023-01-20,Organic Search
CUST05306,Meera Agarwal,Female,44.0,Jaipur,Rajasthan,2024-12-13,Referral
CUST05307,Nikhil Banerjee,Male,18.0,Kanpur,Uttar Pradesh,2025-09-30,Paid Search
CUST05308,Saanvi Saxena,Female,32.0,Mumbai,Maharashtra,2024-01-20,Social Media
CUST05309,Ishita Shah,Female,21.0,Kanpur,Uttar Pradesh,2023-09-14,Paid Search
CUST05310,Komal Joshi,Female,26.0,Patna,Bihar,2024-01-06,Social Media
CUST05311,Pooja Shah,Female,51.0,Mumbai,Maharashtra,2024-06-05,Paid Search
CUST05312,Arjun Mehta,Male,30.0,Mumbai,Maharashtra,2023-12-02,Paid Search
CUST05313,Kunal Yadav,Male,22.0,Pune,Maharashtra,2024-03-17,Direct
CUST05314,Swati Kapoor,Female,38.0,Noida,Uttar Pradesh,2024-12-18,Paid Search
CUST05315,Rohan Chopra,Male,29.0,Noida,Uttar Pradesh,2024-03-15,Organic Search
CUST05316,Radhika Nair,Female,35.0,Delhi,Delhi,2024-05-06,Paid Search
CUST05317,Sunita Mishra,Female,24.0,Bhopal,Madhya Pradesh,2023-03-04,Organic Search
CUST05318,Arjun Chatterjee,Male,24.0,Patna,Bihar,2025-08-01,
CUST05319,Ankit Rao,Male,25.0,Nashik,Maharashtra,2024-05-17,Social Media
CUST05320,Ishita Patel,Female,41.0,Mumbai,Maharashtra,2024-02-26,Organic Search
CUST05321,Naveen Mehta,Male,31.0,Noida,Uttar Pradesh,2023-05-10,Paid Search
CUST05322,Juhi Bansal,Female,23.0,Ghaziabad,Uttar Pradesh,2024-12-15,Social Media
CUST05323,Rekha Rao,Female,35.0,Jaipur,Rajasthan,2025-06-20,Organic Search
CUST05324,Siddharth Rao,Male,34.0,Mumbai,Maharashtra,2023-03-05,Organic Search
CUST05325,Rahul Iyer,Male,39.0,Bengaluru,Karnataka,2023-07-27,Social Media
CUST05326,Anjali Rao,Female,28.0,Hyderabad,Telangana,2023-07-29,Direct
CUST05327,Anjali Mukherjee,Female,32.0,Agra,Uttar Pradesh,2024-11-17,Organic Search
CUST05328,Sanjay Saxena,Male,37.0,Bhopal,Madhya Pradesh,2025-08-03,Organic Search
CUST05329,Reyansh Tiwari,Male,23.0,Gurugram,Haryana,2024-06-17,Direct
CUST05330,Yash Tiwari,Male,42.0,Chennai,Tamil Nadu,2024-03-13,Referral
CUST05331,Kunal Desai,Male,33.0,Chandigarh,Chandigarh,2025-04-04,Direct
CUST05332,Siddharth Saxena,Male,22.0,Coimbatore,Tamil Nadu,2025-03-16,Organic Search
CUST05333,Kunal Nair,Male,22.0,Mumbai,Maharashtra,2023-11-28,Direct
CUST05334,Neha Patel,Female,32.0,Bengaluru,Karnataka,2023-08-16,Referral
CUST05335,Suresh Mishra,Male,27.0,Patna,Bihar,2024-03-28,Organic Search
CUST05336,Juhi Yadav,Female,41.0,Lucknow,Uttar Pradesh,2025-04-12,Social Media
CUST05337,Komal Iyer,Female,30.0,Bengaluru,Karnataka,2025-02-05,Organic Search
CUST05338,Preeti Mehta,Female,36.0,Visakhapatnam,Andhra Pradesh,2025-01-11,Paid Search
CUST05339,Sunita Iyer,Female,25.0,Hyderabad,Telangana,2025-05-24,Social Media
CUST05340,Ishaan Menon,Male,33.0,Jaipur,Rajasthan,2024-01-01,Organic Search
CUST05341,Payal Chauhan,Female,46.0,Gurugram,Haryana,2024-03-09,Direct
CUST05342,Nikhil Iyer,Male,32.0,Bengaluru,Karnataka,2023-03-07,Direct
CUST05343,Rajesh Banerjee,Male,27.0,Mumbai,Maharashtra,2025-06-24,Referral
CUST05344,Sneha Patel,Female,24.0,Lucknow,Uttar Pradesh,2024-10-30,Organic Search
CUST05345,Manish Chopra,Male,33.0,Indore,Madhya Pradesh,2024-01-24,Social Media
CUST05346,Nikhil Desai,Male,47.0,Hyderabad,Telangana,2023-04-15,Direct
CUST05347,Payal Kumar,Female,19.0,Chennai,Tamil Nadu,2025-02-28,Organic Search
CUST05348,Kunal Reddy,Male,33.0,Kolkata,West Bengal,2025-03-21,Social Media
CUST05349,Rohan Rao,Male,18.0,Vadodara,Gujarat,2025-01-11,Organic Search
CUST05350,Harsh Desai,Male,29.0,Nagpur,Maharashtra,2023-10-08,Social Media
CUST05351,Vivaan Sharma,Male,36.0,Bengaluru,Karnataka,2025-07-28,Social Media
CUST05352,Swati Joshi,Female,18.0,Bengaluru,Karnataka,2025-03-24,Referral
CUST05353,Sneha Mehta,Female,29.0,Hyderabad,Telangana,2025-01-04,Paid Search
CUST05354,Varun Mishra,Male,36.0,Delhi,Delhi,2024-12-29,Email
CUST05355,Juhi Yadav,Female,34.0,Delhi,Delhi,2025-07-21,Organic Search
CUST05356,Ananya Das,Female,36.0,Ghaziabad,Uttar Pradesh,2025-08-08,Social Media
CUST05357,Neha Reddy,Female,23.0,Ghaziabad,Uttar Pradesh,2024-11-11,Referral
CUST05358,Juhi Mehta,Female,36.0,Bengaluru,Karnataka,2024-05-27,Social Media
CUST05359,Swati Verma,Female,27.0,Ludhiana,Punjab,2024-04-03,Referral
CUST05360,Simran Iyer,Female,40.0,Pune,Maharashtra,2025-05-16,Social Media
CUST05361,Saanvi Kumar,Female,18.0,Indore,Madhya Pradesh,2024-12-24,Social Media
CUST05362,Aman Desai,Male,30.0,Rajkot,Gujarat,2023-04-27,Direct
CUST05363,Kunal Chauhan,Male,34.0,Hyderabad,Telangana,2023-07-23,Organic Search
CUST05364,Kunal Gupta,Male,46.0,Lucknow,Uttar Pradesh,2025-07-18,Email
CUST05365,Ritu Pandey,Female,34.0,Hyderabad,Telangana,2025-07-06,Social Media
CUST05366,Deepak Menon,Male,35.0,Coimbatore,Tamil Nadu,2025-08-26,Referral
CUST05367,Komal Sharma,Female,37.0,Hyderabad,Telangana,2024-06-07,Paid Search
CUST05368,Aarav Gupta,Male,46.0,Surat,Gujarat,2025-04-18,Paid Search
CUST05369,Simran Sharma,Female,29.0,Delhi,Delhi,2025-05-24,Organic Search
CUST05370,Aditya Joshi,Male,19.0,Ahmedabad,Gujarat,2024-02-12,Direct
CUST05371,Nikhil Reddy,Male,18.0,Hyderabad,Telangana,2023-07-27,Paid Search
CUST05372,Yash Banerjee,Male,40.0,Bhopal,Madhya Pradesh,2025-09-28,Social Media
CUST05373,Rekha Chopra,Female,,Bengaluru,Karnataka,2023-02-17,Organic Search
CUST05374,Suresh Menon,Male,30.0,Hyderabad,Telangana,2024-11-12,Social Media
CUST05375,Vikram Patel,Male,27.0,Mumbai,Maharashtra,2024-12-28,Paid Search
CUST05376,Nisha Chauhan,Female,35.0,Hyderabad,Telangana,2025-01-24,Social Media
CUST05377,Swati Shah,Female,35.0,Bengaluru,Karnataka,2023-12-08,Social Media
CUST05378,Tanvi Chopra,Female,38.0,Pune,Maharashtra,2025-02-27,Social Media
CUST05379,Radhika Malhotra,Female,22.0,Ahmedabad,Gujarat,2023-10-23,Organic Search
CUST05380,Rajesh Yadav,Male,18.0,Kochi,Kerala,2025-05-24,Referral
CUST05381,Komal Chatterjee,Female,24.0,Pune,Maharashtra,2023-10-26,Social Media
CUST05382,Rajesh Mishra,Male,19.0,Mumbai,Maharashtra,2025-02-06,Organic Search
CUST05383,Ritu Singh,Female,19.0,Vadodara,Gujarat,2025-04-18,Organic Search
CUST05384,Aditi Das,Female,49.0,Mumbai,Maharashtra,2023-09-20,Referral
CUST05385,Reyansh Chopra,Male,18.0,Ludhiana,Punjab,2023-11-17,Direct
CUST05386,Tarun Chauhan,Male,38.0,Ahmedabad,Gujarat,2025-04-14,Referral
CUST05387,Aadhya Kapoor,Female,42.0,Mumbai,Maharashtra,2023-05-09,Direct
CUST05388,Aadhya Kapoor,Female,43.0,Kochi,Kerala,2023-09-22,Paid Search
CUST05389,Shreya Tiwari,Female,,Kolkata,West Bengal,2024-07-04,Paid Search
CUST05390,Ananya Menon,Female,46.0,Agra,Uttar Pradesh,2025-08-10,Referral
CUST05391,Ritu Das,Female,51.0,Chennai,Tamil Nadu,2024-10-12,Paid Search
CUST05392,Gaurav Malhotra,Male,30.0,Chennai,Tamil Nadu,2024-04-28,Social Media
CUST05393,Neha Reddy,Female,37.0,Ahmedabad,Gujarat,2025-09-15,Social Media
CUST05394,Aman Iyer,Male,46.0,Ahmedabad,Gujarat,2024-07-12,Organic Search
CUST05395,Priya Malhotra,Female,24.0,Patna,Bihar,2024-06-13,Organic Search
CUST05396,Sneha Iyer,Female,31.0,Mumbai,Maharashtra,2024-05-22,Organic Search
CUST05397,Reyansh Mishra,Male,27.0,Kolkata,West Bengal,2024-02-09,Organic Search
CUST05398,Aadhya Joshi,Female,38.0,Bengaluru,Karnataka,2024-02-23,Paid Search
CUST05399,Radhika Malhotra,Female,18.0,Pune,Maharashtra,2025-01-29,Organic Search
CUST05400,Tarun Kumar,Male,47.0,Bengaluru,Karnataka,2023-03-05,Organic Search
CUST05401,Shreya Saxena,Female,38.0,Hyderabad,Telangana,2025-01-24,Organic Search
CUST05402,Ishita Saxena,Female,39.0,Pune,Maharashtra,2023-10-05,Social Media
CUST05403,Vihaan Malhotra,Male,18.0,Thane,Maharashtra,2024-04-24,Referral
CUST05404,Kunal Shah,Male,23.0,Gurugram,Haryana,2023-07-29,Paid Search
CUST05405,Yash Das,Male,48.0,Bengaluru,Karnataka,2024-10-03,Social Media
CUST05406,Rekha Gupta,Female,31.0,Kolkata,West Bengal,2025-03-05,Social Media
CUST05407,Vivaan Verma,Male,18.0,Hyderabad,Telangana,2024-03-25,Social Media
CUST05408,Aman Rao,Male,35.0,Jaipur,Rajasthan,2023-08-19,Direct
CUST05409,Rekha Shah,Female,40.0,Ahmedabad,Gujarat,2023-11-04,Social Media
CUST05410,Meera Tiwari,Female,38.0,Mumbai,Maharashtra,2025-05-16,Social Media
CUST05411,Tanvi Agarwal,Female,31.0,Surat,Gujarat,2023-12-21,Referral
CUST05412,Anita Chopra,Female,44.0,Mumbai,Maharashtra,2025-04-11,Social Media
CUST05413,Ankit Agarwal,Male,26.0,Mumbai,Maharashtra,2024-02-29,Paid Search
CUST05414,Rahul Nair,Male,38.0,Rajkot,Gujarat,2023-09-20,Email
CUST05415,Anita Saxena,Female,34.0,Nashik,Maharashtra,2025-03-03,Organic Search
CUST05416,Suresh Joshi,Male,32.0,Pune,Maharashtra,2024-07-17,Social Media
CUST05417,Tarun Shah,Male,29.0,Mumbai,Maharashtra,2023-02-18,Email
CUST05418,Ritu Malhotra,Female,30.0,Hyderabad,Telangana,2025-09-01,Social Media
CUST05419,Ishaan Das,Male,33.0,Hyderabad,Telangana,2023-07-30,Organic Search
CUST05420,Kiran Desai,Female,30.0,Indore,Madhya Pradesh,2024-03-23,Paid Search
CUST05421,Radhika Reddy,Female,40.0,Vadodara,Gujarat,2024-04-25,Referral
CUST05422,Divya Joshi,Female,28.0,Hyderabad,Telangana,2024-08-06,Paid Search
CUST05423,Aditya Gupta,Male,49.0,Chennai,Tamil Nadu,2025-04-20,Direct
CUST05424,Siddharth Yadav,Male,27.0,Bengaluru,Karnataka,2023-01-10,Organic Search
CUST05425,Sneha Desai,Female,42.0,Indore,Madhya Pradesh,2025-08-12,Social Media
CUST05426,Payal Kapoor,Female,43.0,Hyderabad,Telangana,2024-12-25,Organic Search
CUST05427,Nikhil Joshi,Male,35.0,Indore,Madhya Pradesh,2025-08-25,Social Media
CUST05428,Sanjay Saxena,Male,34.0,Indore,Madhya Pradesh,2025-05-15,Direct
CUST05429,Anjali Gupta,Female,26.0,Delhi,Delhi,2025-08-08,Social Media
CUST05430,Naveen Banerjee,Male,28.0,Rajkot,Gujarat,2024-11-16,Paid Search
CUST05431,Tarun Malhotra,Male,35.0,Ghaziabad,Uttar Pradesh,2024-03-28,Referral
CUST05432,Nikhil Desai,Male,33.0,Jaipur,Rajasthan,2024-06-22,Paid Search
CUST05433,Aman Chopra,Male,45.0,Mumbai,Maharashtra,2025-01-04,Social Media
CUST05434,Karthik Saxena,Male,28.0,Delhi,Delhi,2024-06-06,Organic Search
CUST05435,Nikhil Banerjee,Male,29.0,Mumbai,Maharashtra,2025-03-07,Social Media
CUST05436,Priya Bansal,Female,18.0,Chennai,Tamil Nadu,2023-05-17,Social Media
CUST05437,Manish Banerjee,Male,39.0,Bengaluru,Karnataka,2025-05-25,Paid Search
CUST05438,Arjun Agarwal,Male,39.0,Ghaziabad,Uttar Pradesh,2023-10-08,Organic Search
CUST05439,Aditya Banerjee,Male,43.0,Chennai,Tamil Nadu,2025-08-20,Organic Search
CUST05440,Ritu Chatterjee,Female,43.0,Chennai,Tamil Nadu,2023-08-09,Organic Search
CUST05441,Arjun Tiwari,Male,41.0,Gurugram,Haryana,2023-07-06,Referral
CUST05442,Vivaan Malhotra,Male,41.0,Jaipur,Rajasthan,2025-05-11,Direct
CUST05443,Ananya Malhotra,Female,39.0,Ahmedabad,Gujarat,2025-05-16,Social Media
CUST05444,Tanvi Mukherjee,Female,41.0,Kochi,Kerala,2025-03-13,Referral
CUST05445,Ananya Gupta,Female,18.0,Chennai,Tamil Nadu,2025-09-01,Organic Search
CUST05446,Krishna Nair,Male,22.0,Jaipur,Rajasthan,2023-12-25,Referral
CUST05447,Naveen Verma,Male,20.0,Ahmedabad,Gujarat,2025-05-22,Organic Search
CUST05448,Sanjay Agarwal,Male,46.0,Lucknow,Uttar Pradesh,2024-03-22,Organic Search
CUST05449,Nisha Bansal,Female,25.0,Visakhapatnam,Andhra Pradesh,2024-09-19,Organic Search
CUST05450,Suresh Sharma,Male,27.0,Surat,Gujarat,2024-06-25,Paid Search
CUST05451,Naveen Banerjee,Male,33.0,Bengaluru,Karnataka,2023-01-10,Social Media
CUST05452,Gaurav Mishra,Male,21.0,Gurugram,Haryana,2024-10-23,Organic Search
CUST05453,Ritu Singh,Female,37.0,Kolkata,West Bengal,2025-03-20,Paid Search
CUST05454,Karthik Nair,Male,18.0,Ghaziabad,Uttar Pradesh,2023-09-02,Social Media
CUST05455,Abhishek Singh,Male,21.0,Mumbai,Maharashtra,2025-08-11,Email
CUST05456,Shreya Banerjee,Female,35.0,Kolkata,West Bengal,2024-09-13,Organic Search
CUST05457,Kavya Mukherjee,Female,21.0,Gurugram,Haryana,2023-09-07,Organic Search
CUST05458,Riya Iyer,Female,46.0,Nagpur,Maharashtra,2024-12-25,Social Media
CUST05459,Ritu Chauhan,Female,33.0,Delhi,Delhi,2023-09-24,Social Media
CUST05460,Vivaan Menon,Male,44.0,Indore,Madhya Pradesh,2023-04-07,Paid Search
CUST05461,Ananya Singh,Female,37.0,Mumbai,Maharashtra,2025-01-27,Social Media
CUST05462,Aarav Bansal,Male,33.0,Ahmedabad,Gujarat,2023-06-12,Paid Search
CUST05463,Kiran Shah,Female,23.0,Bengaluru,Karnataka,2023-06-06,Paid Search
CUST05464,Gaurav Chopra,Male,42.0,Bengaluru,Karnataka,2025-03-14,Email
CUST05465,Neha Chatterjee,Female,37.0,Mumbai,Maharashtra,2023-03-26,Direct
CUST05466,Aadhya Shah,Female,54.0,Surat,Gujarat,2025-05-09,Social Media
CUST05467,Krishna Gupta,Male,41.0,Thane,Maharashtra,2025-04-28,Organic Search
CUST05468,Kunal Yadav,Male,29.0,Bengaluru,Karnataka,2023-07-22,Direct
CUST05469,Kiran Shah,Female,36.0,Jaipur,Rajasthan,2024-09-02,Organic Search
CUST05470,Vivaan Saxena,Male,37.0,Kolkata,West Bengal,2023-05-24,Direct
CUST05471,Meera Mukherjee,Female,45.0,Guwahati,Assam,2024-12-13,Social Media
CUST05472,Sanjay Chopra,Male,46.0,Vadodara,Gujarat,2023-04-06,Social Media
CUST05473,Meera Das,Female,31.0,Gurugram,Haryana,2025-08-21,Paid Search
CUST05474,Payal Saxena,Female,21.0,Ghaziabad,Uttar Pradesh,2023-10-13,Paid Search
CUST05475,Ankit Mehta,Male,18.0,Lucknow,Uttar Pradesh,2025-01-25,Organic Search
CUST05476,Kavya Iyer,Female,22.0,Mumbai,Maharashtra,2023-07-05,Organic Search
CUST05477,Preeti Pandey,Female,27.0,Agra,Uttar Pradesh,2023-10-15,Organic Search
CUST05478,Meera Patel,Female,48.0,Bhopal,Madhya Pradesh,2024-06-30,Organic Search
CUST05479,Nisha Desai,Female,48.0,Bengaluru,Karnataka,2024-10-22,Paid Search
CUST05480,Aadhya Pandey,Female,43.0,Bengaluru,Karnataka,2025-09-30,Referral
CUST05481,Abhishek Saxena,Male,45.0,Pune,Maharashtra,2023-02-10,Organic Search
CUST05482,Sanjay Yadav,Male,26.0,Bengaluru,Karnataka,2023-01-01,Email
CUST05483,Aarav Gupta,Male,18.0,Noida,Uttar Pradesh,2024-03-20,Organic Search
CUST05484,Ananya Joshi,Female,23.0,Delhi,Delhi,2024-04-06,Social Media
CUST05485,Meera Malhotra,Female,18.0,Delhi,Delhi,2025-07-06,Social Media
CUST05486,Krishna Rao,Male,22.0,Mumbai,Maharashtra,2025-07-28,
CUST05487,Sneha Malhotra,Female,28.0,Pune,Maharashtra,2025-07-03,Organic Search
CUST05488,Karthik Mishra,Male,35.0,Thane,Maharashtra,2023-07-24,Organic Search
CUST05489,Priya Kapoor,Female,34.0,Jaipur,Rajasthan,2024-05-22,Organic Search
CUST05490,Priya Banerjee,Female,26.0,Delhi,Delhi,2025-03-19,Direct
CUST05491,Anita Agarwal,Female,39.0,Gurugram,Haryana,2024-02-09,Paid Search
CUST05492,Radhika Reddy,Female,26.0,Ahmedabad,Gujarat,2025-01-09,Social Media
CUST05493,Ritu Malhotra,Female,33.0,Delhi,Delhi,2023-11-16,Organic Search
CUST05494,Varun Mukherjee,Male,22.0,Delhi,Delhi,2024-02-21,Paid Search
CUST05495,Krishna Desai,Male,44.0,Chennai,Tamil Nadu,2025-06-18,Paid Search
CUST05496,Rahul Banerjee,Male,33.0,Pune,Maharashtra,2023-12-02,Organic Search
CUST05497,Kavya Menon,Female,40.0,Jaipur,Rajasthan,2025-09-04,Paid Search
CUST05498,Rekha Verma,Female,21.0,Mumbai,Maharashtra,2024-02-02,Organic Search
CUST05499,Aman Desai,Male,35.0,Nashik,Maharashtra,2023-02-06,Organic Search
CUST05500,Gaurav Saxena,Male,39.0,Hyderabad,Telangana,2023-12-07,Paid Search
CUST05501,Pranav Nair,Male,18.0,Bengaluru,Karnataka,2023-08-29,Email
CUST05502,Tanvi Desai,Female,45.0,Nagpur,Maharashtra,2024-08-22,Organic Search
CUST05503,Karthik Chopra,Male,21.0,Surat,Gujarat,2023-06-14,Organic Search
CUST05504,Saanvi Desai,Female,35.0,Guwahati,Assam,2024-12-08,Organic Search
CUST05505,Pranav Mishra,Male,51.0,Chennai,Tamil Nadu,2025-06-29,Email
CUST05506,Saanvi Mishra,Female,43.0,Delhi,Delhi,2024-04-02,Organic Search
CUST05507,Anjali Pandey,Female,18.0,Noida,Uttar Pradesh,2023-08-26,Referral
CUST05508,Vikram Menon,Male,31.0,Kolkata,West Bengal,2024-05-10,Organic Search
CUST05509,Meera Kumar,Female,45.0,Lucknow,Uttar Pradesh,2025-04-20,Organic Search
CUST05510,Ankit Menon,Male,25.0,Mumbai,Maharashtra,2024-11-07,Paid Search
CUST05511,Pooja Mukherjee,Female,29.0,Hyderabad,Telangana,2023-05-30,Paid Search
CUST05512,Karthik Verma,Male,29.0,Kochi,Kerala,2024-09-19,Paid Search
CUST05513,Ritu Chauhan,Female,39.0,Noida,Uttar Pradesh,2024-07-16,Paid Search
CUST05514,Yash Pandey,Male,18.0,Kochi,Kerala,2024-02-25,Direct
CUST05515,Diya Desai,Female,39.0,Ghaziabad,Uttar Pradesh,2023-06-11,Social Media
CUST05516,Reyansh Joshi,Male,27.0,Kolkata,West Bengal,2025-09-17,Direct
CUST05517,Radhika Iyer,Female,33.0,Pune,Maharashtra,2023-09-04,Direct
CUST05518,Sanjay Saxena,Male,31.0,Mumbai,Maharashtra,2023-09-25,Paid Search
CUST05519,Rajesh Chatterjee,Male,39.0,Patna,Bihar,2023-07-28,Email
CUST05520,Radhika Shah,Female,33.0,Bhopal,Madhya Pradesh,2024-10-19,Paid Search
CUST05521,Manish Tiwari,Male,47.0,Indore,Madhya Pradesh,2024-06-23,Social Media
CUST05522,Ankit Chauhan,Male,43.0,Ahmedabad,Gujarat,2023-12-01,Social Media
CUST05523,Priya Rao,Female,25.0,Bengaluru,Karnataka,2024-06-09,Social Media
CUST05524,Manish Das,Male,47.0,Vadodara,Gujarat,2025-01-17,Paid Search
CUST05525,Anita Joshi,Female,36.0,Kochi,Kerala,2024-01-06,Organic Search
CUST05526,Krishna Pandey,Male,35.0,Chennai,Tamil Nadu,2025-07-30,Direct
CUST05527,Preeti Das,Female,41.0,Mumbai,Maharashtra,2024-02-02,Organic Search
CUST05528,Saanvi Menon,Female,23.0,Coimbatore,Tamil Nadu,2023-10-01,Organic Search
CUST05529,Aman Joshi,Male,19.0,Nagpur,Maharashtra,2025-08-28,Organic Search
CUST05530,Rahul Saxena,Male,33.0,Kanpur,Uttar Pradesh,2025-05-10,Social Media
CUST05531,Rekha Verma,Female,27.0,Gurugram,Haryana,2024-03-13,Organic Search
CUST05532,Priya Kapoor,Female,54.0,Kanpur,Uttar Pradesh,2025-06-03,Direct
CUST05533,Arjun Gupta,Male,25.0,Surat,Gujarat,2024-09-02,Social Media
CUST05534,Sanjay Mehta,Male,33.0,Indore,Madhya Pradesh,2024-03-16,Email
CUST05535,Aarav Malhotra,Male,35.0,Kolkata,West Bengal,2025-06-01,Organic Search
CUST05536,Simran Chopra,Female,45.0,Bengaluru,Karnataka,2025-03-24,Paid Search
CUST05537,Ishita Chauhan,Female,23.0,Bengaluru,Karnataka,2024-01-24,Social Media
CUST05538,Aditya Das,Male,18.0,Indore,Madhya Pradesh,2024-11-21,Organic Search
CUST05539,Radhika Yadav,Female,47.0,Bengaluru,Karnataka,2024-04-09,Paid Search
CUST05540,Radhika Mukherjee,Female,34.0,Gurugram,Haryana,2023-01-02,Email
CUST05541,Divya Shah,Female,41.0,Ahmedabad,Gujarat,2025-09-02,Social Media
CUST05542,Tarun Chatterjee,Male,42.0,Surat,Gujarat,2024-10-01,Direct
CUST05543,Deepak Patel,Male,43.0,Mumbai,Maharashtra,2024-11-13,Social Media
CUST05544,Karthik Das,Male,29.0,Chennai,Tamil Nadu,2024-11-15,Organic Search
CUST05545,Preeti Mukherjee,Female,27.0,Ahmedabad,Gujarat,2024-10-01,Referral
CUST05546,Reyansh Mehta,Male,18.0,Bhopal,Madhya Pradesh,2024-01-15,Direct
CUST05547,Nikhil Banerjee,Male,23.0,Mumbai,Maharashtra,2025-09-10,Paid Search
CUST05548,Riya Desai,Female,34.0,Ahmedabad,Gujarat,2024-12-04,Organic Search
CUST05549,Swati Chatterjee,Female,26.0,Agra,Uttar Pradesh,2025-01-15,Organic Search
CUST05550,Naveen Shah,Male,22.0,Lucknow,Uttar Pradesh,2024-07-03,Email
CUST05551,Rahul Tiwari,Male,34.0,Visakhapatnam,Andhra Pradesh,2024-01-13,Organic Search
CUST05552,Aditya Yadav,Male,46.0,Bhopal,Madhya Pradesh,2023-04-08,Organic Search
CUST05553,Reyansh Shah,Male,32.0,Lucknow,Uttar Pradesh,2024-03-20,Paid Search
CUST05554,Arjun Banerjee,Male,22.0,Ahmedabad,Gujarat,2023-09-04,Email
CUST05555,Krishna Iyer,Male,46.0,Ahmedabad,Gujarat,2025-01-08,Paid Search
CUST05556,Reyansh Saxena,Male,25.0,Mumbai,Maharashtra,2025-07-02,Paid Search
CUST05557,Nisha Chopra,Female,48.0,Delhi,Delhi,2024-01-29,Social Media
CUST05558,Diya Kapoor,Female,30.0,Pune,Maharashtra,2024-03-02,Email
CUST05559,Harsh Kumar,Male,34.0,Coimbatore,Tamil Nadu,2025-01-15,Organic Search
CUST05560,Radhika Patel,Female,49.0,Surat,Gujarat,2023-08-01,Organic Search
CUST05561,Pranav Mishra,Male,19.0,Ahmedabad,Gujarat,2025-08-09,
CUST05562,Priya Chatterjee,Female,22.0,Ghaziabad,Uttar Pradesh,2024-04-03,Organic Search
CUST05563,Aadhya Sharma,Female,30.0,Chennai,Tamil Nadu,2023-05-30,Organic Search
CUST05564,Meera Banerjee,Female,32.0,Bengaluru,Karnataka,2023-09-02,Paid Search
CUST05565,Kavya Desai,Female,59.0,Mumbai,Maharashtra,2025-08-12,Organic Search
CUST05566,Pranav Reddy,Male,24.0,Ghaziabad,Uttar Pradesh,2023-11-28,Email
CUST05567,Varun Menon,Male,20.0,Surat,Gujarat,2025-01-08,Organic Search
CUST05568,Manish Reddy,Male,24.0,Jaipur,Rajasthan,2023-08-10,Direct
CUST05569,Tarun Chatterjee,Male,35.0,Indore,Madhya Pradesh,2023-09-26,Organic Search
CUST05570,Aditi Saxena,Female,38.0,Jaipur,Rajasthan,2025-07-02,Organic Search
CUST05571,Reyansh Chatterjee,Male,26.0,Hyderabad,Telangana,2023-07-31,Email
CUST05572,Aditya Yadav,Male,33.0,Surat,Gujarat,2023-01-30,Referral
CUST05573,Sneha Singh,Female,52.0,Delhi,Delhi,2024-08-17,Organic Search
CUST05574,Riya Bansal,Female,33.0,Hyderabad,Telangana,2025-06-19,Referral
CUST05575,Ishita Mukherjee,Female,36.0,Pune,Maharashtra,2024-02-23,Email
CUST05576,Radhika Nair,Female,52.0,Mumbai,Maharashtra,2023-07-05,Paid Search
CUST05577,Kavya Joshi,Female,26.0,Ghaziabad,Uttar Pradesh,2025-09-17,Social Media
CUST05578,Deepak Nair,Male,25.0,Mumbai,Maharashtra,2025-01-20,Paid Search
CUST05579,Simran Yadav,Female,28.0,Ahmedabad,Gujarat,2025-06-10,Organic Search
CUST05580,Rajesh Bansal,Male,28.0,Chennai,Tamil Nadu,2025-03-24,Organic Search
CUST05581,Aman Shah,Male,18.0,Kanpur,Uttar Pradesh,2025-02-07,Organic Search
CUST05582,Juhi Menon,Female,34.0,Delhi,Delhi,2024-04-25,Paid Search
CUST05583,Vihaan Kumar,Male,35.0,Ghaziabad,Uttar Pradesh,2024-02-22,Organic Search
CUST05584,Tarun Sharma,Male,31.0,Chennai,Tamil Nadu,2025-02-23,Organic Search
CUST05585,Yash Reddy,Male,35.0,Bengaluru,Karnataka,2025-02-23,Organic Search
CUST05586,Tanvi Das,Female,36.0,Mumbai,Maharashtra,2025-08-25,Social Media
CUST05587,Payal Agarwal,Female,20.0,Gurugram,Haryana,2024-10-18,Social Media
CUST05588,Manish Tiwari,Male,36.0,Ahmedabad,Gujarat,2024-01-20,Email
CUST05589,Simran Menon,Female,39.0,Ahmedabad,Gujarat,2024-08-06,Direct
CUST05590,Aman Sharma,Male,18.0,Delhi,Delhi,2024-11-27,Direct
CUST05591,Riya Kapoor,Female,48.0,Kolkata,West Bengal,2024-06-06,Organic Search
CUST05592,Suresh Shah,Male,21.0,Hyderabad,Telangana,2025-04-24,Paid Search
CUST05593,Manish Joshi,Male,22.0,Delhi,Delhi,2024-11-01,Social Media
CUST05594,Kavya Chatterjee,Female,35.0,Bhopal,Madhya Pradesh,2023-01-16,Organic Search
CUST05595,Preeti Reddy,Female,38.0,Coimbatore,Tamil Nadu,2024-10-19,Organic Search
CUST05596,Harsh Reddy,Male,41.0,Hyderabad,Telangana,2024-12-14,Referral
CUST05597,Aditya Nair,Male,39.0,Bengaluru,Karnataka,2025-07-30,Paid Search
CUST05598,Divya Patel,Female,28.0,Ahmedabad,Gujarat,2024-05-24,Paid Search
CUST05599,Ankit Chopra,Male,34.0,Gurugram,Haryana,2024-10-23,Social Media
CUST05600,Vikram Iyer,Male,30.0,Jaipur,Rajasthan,2024-07-23,Referral
CUST05601,Diya Chopra,Female,35.0,Delhi,Delhi,2024-09-14,Referral
CUST05602,Aman Joshi,Male,34.0,Surat,Gujarat,2023-04-12,Direct
CUST05603,Karthik Shah,Male,28.0,Ahmedabad,Gujarat,2025-07-16,Organic Search
CUST05604,Nikhil Rao,Male,30.0,Mumbai,Maharashtra,2025-07-26,Social Media
CUST05605,Siddharth Mishra,Male,18.0,Noida,Uttar Pradesh,2024-09-29,Organic Search
CUST05606,Ishaan Menon,Male,41.0,Delhi,Delhi,2024-10-07,Direct
CUST05607,Pooja Singh,Female,36.0,Chennai,Tamil Nadu,2023-03-29,Organic Search
CUST05608,Siddharth Kapoor,Male,18.0,Lucknow,Uttar Pradesh,2024-11-13,Paid Search
CUST05609,Pooja Nair,Female,41.0,Jaipur,Rajasthan,2024-06-08,Direct
CUST05610,Suresh Chatterjee,Male,32.0,Mumbai,Maharashtra,2025-02-16,Social Media
CUST05611,Nikhil Shah,Male,24.0,Jaipur,Rajasthan,2023-03-14,Organic Search
CUST05612,Meera Sharma,Female,23.0,Indore,Madhya Pradesh,2025-02-18,Organic Search
CUST05613,Nikhil Joshi,Male,26.0,Ludhiana,Punjab,2024-01-12,Paid Search
CUST05614,Kavya Chatterjee,Female,24.0,Delhi,Delhi,2024-12-30,Social Media
CUST05615,Suresh Menon,Male,25.0,Mumbai,Maharashtra,2024-12-08,Social Media
CUST05616,Radhika Mishra,Female,50.0,Gurugram,Haryana,2023-11-04,Organic Search
CUST05617,Aadhya Mehta,Female,37.0,Kanpur,Uttar Pradesh,2024-06-20,Social Media
CUST05618,Karthik Joshi,Male,53.0,Chennai,Tamil Nadu,2025-05-29,Paid Search
CUST05619,Anita Yadav,Female,35.0,Indore,Madhya Pradesh,2024-11-20,Direct
CUST05620,Aman Chatterjee,Male,39.0,Delhi,Delhi,2023-04-15,Social Media
CUST05621,Gaurav Agarwal,Male,24.0,Noida,Uttar Pradesh,2024-06-22,Direct
CUST05622,Manish Das,,31.0,Lucknow,Uttar Pradesh,2024-02-08,Organic Search
CUST05623,Ishita Nair,Female,32.0,Nashik,Maharashtra,2024-12-21,Direct
CUST05624,Meera Mishra,Female,39.0,Pune,Maharashtra,2024-11-28,Referral
CUST05625,Saanvi Iyer,Female,33.0,Vadodara,Gujarat,2023-01-17,Paid Search
CUST05626,Nisha Chatterjee,Female,37.0,Hyderabad,Telangana,2024-11-21,
CUST05627,Karthik Kapoor,Male,36.0,Delhi,Delhi,2025-03-10,Email
CUST05628,Ananya Joshi,Female,30.0,Hyderabad,Telangana,2025-04-06,Direct
CUST05629,Juhi Mukherjee,Female,29.0,Coimbatore,Tamil Nadu,2023-03-31,Email
CUST05630,Ritu Malhotra,Female,26.0,Nagpur,Maharashtra,2024-01-30,Direct
CUST05631,Rekha Malhotra,Female,44.0,Chennai,Tamil Nadu,2024-06-01,
CUST05632,Tanvi Mukherjee,Female,30.0,Bengaluru,Karnataka,2023-09-09,Organic Search
CUST05633,Rohan Mukherjee,Male,36.0,Jaipur,Rajasthan,2024-05-31,Paid Search
CUST05634,Shreya Kumar,Female,31.0,Jaipur,Rajasthan,2023-04-18,Social Media
CUST05635,Radhika Chopra,Female,44.0,Pune,Maharashtra,2023-06-15,Organic Search
CUST05636,Sneha Saxena,Female,18.0,Thane,Maharashtra,2025-01-13,Paid Search
CUST05637,Karthik Reddy,Male,36.0,Bengaluru,Karnataka,2023-12-16,Organic Search
CUST05638,Krishna Shah,Male,20.0,Kolkata,West Bengal,2025-02-18,Direct
CUST05639,Rekha Tiwari,Female,37.0,Hyderabad,Telangana,2023-03-16,Email
CUST05640,Sunita Menon,Female,32.0,Delhi,Delhi,2024-10-12,Organic Search
CUST05641,Preeti Malhotra,Female,18.0,Hyderabad,Telangana,2024-05-02,Organic Search
CUST05642,Aadhya Banerjee,Female,36.0,Vadodara,Gujarat,2025-04-29,Direct
CUST05643,Deepak Das,Male,35.0,Delhi,Delhi,2025-04-18,Paid Search
CUST05644,Ananya Nair,Female,31.0,Bengaluru,Karnataka,2024-04-15,Social Media
CUST05645,Tarun Bansal,Male,32.0,Pune,Maharashtra,2024-12-05,Direct
CUST05646,Varun Mukherjee,Male,35.0,Ahmedabad,Gujarat,2023-11-05,Direct
CUST05647,Vikram Banerjee,Male,45.0,Ghaziabad,Uttar Pradesh,2024-10-28,Organic Search
CUST05648,Ishaan Das,Male,30.0,Visakhapatnam,Andhra Pradesh,2023-05-02,Social Media
CUST05649,Yash Tiwari,Male,43.0,Kanpur,Uttar Pradesh,2024-06-14,Direct
CUST05650,Sneha Yadav,Female,33.0,Bengaluru,Karnataka,2023-09-12,Organic Search
CUST05651,Karthik Verma,Male,46.0,Mumbai,Maharashtra,2025-07-05,Social Media
CUST05652,Neha Nair,Female,31.0,Hyderabad,Telangana,2024-06-24,Email
CUST05653,Tarun Kumar,Male,26.0,Jaipur,Rajasthan,2024-11-07,Organic Search
CUST05654,Meera Mishra,Female,22.0,Mumbai,Maharashtra,2024-03-31,Paid Search
CUST05655,Krishna Mehta,Male,33.0,Ghaziabad,Uttar Pradesh,2024-01-14,Organic Search
CUST05656,Rekha Agarwal,Female,25.0,Kochi,Kerala,2023-10-07,Organic Search
CUST05657,Priya Desai,Female,47.0,Thane,Maharashtra,2025-07-27,Organic Search
CUST05658,Rajesh Bansal,Male,24.0,Chennai,Tamil Nadu,2025-05-01,Paid Search
CUST05659,Nikhil Malhotra,Male,26.0,Patna,Bihar,2023-07-12,Social Media
CUST05660,Aman Reddy,Male,39.0,Bengaluru,Karnataka,2025-03-19,Direct
CUST05661,Siddharth Banerjee,Male,45.0,Noida,Uttar Pradesh,2024-05-29,Direct
CUST05662,Vikram Patel,Male,40.0,Ahmedabad,Gujarat,2023-01-25,Referral
CUST05663,Kunal Shah,Male,44.0,Nagpur,Maharashtra,2024-09-11,Email
CUST05664,Priya Singh,Female,32.0,Mumbai,Maharashtra,2023-07-07,Organic Search
CUST05665,Ishaan Pandey,Male,32.0,Surat,Gujarat,2023-10-15,Paid Search
CUST05666,Naveen Reddy,Male,53.0,Hyderabad,Telangana,2025-02-05,Email
CUST05667,Ishaan Singh,Male,50.0,Mumbai,Maharashtra,2023-12-09,Direct
CUST05668,Karthik Mehta,Male,40.0,Chennai,Tamil Nadu,2025-07-12,Paid Search
CUST05669,Aditya Mehta,Male,44.0,Delhi,Delhi,2025-01-03,Social Media
CUST05670,Riya Singh,Female,42.0,Delhi,Delhi,2025-05-27,Direct
CUST05671,Sneha Malhotra,Female,21.0,Coimbatore,Tamil Nadu,2024-11-28,Social Media
CUST05672,Tarun Kapoor,Male,33.0,Mumbai,Maharashtra,2025-06-24,Email
CUST05673,Varun Joshi,Male,48.0,Surat,Gujarat,2024-04-01,Direct
CUST05674,Deepak Pandey,Male,40.0,Mumbai,Maharashtra,2024-09-30,Social Media
CUST05675,Juhi Verma,Female,32.0,Indore,Madhya Pradesh,2024-08-30,Organic Search
CUST05676,Sanjay Desai,Male,48.0,Kochi,Kerala,2025-07-21,Direct
CUST05677,Tanvi Joshi,Female,37.0,Chennai,Tamil Nadu,2023-08-21,Referral
CUST05678,Priya Chopra,Female,41.0,Noida,Uttar Pradesh,2024-10-26,Organic Search
CUST05679,Tanvi Rao,Female,37.0,Lucknow,Uttar Pradesh,2025-03-26,Direct
CUST05680,Karthik Menon,Male,38.0,Jaipur,Rajasthan,2024-04-10,Organic Search
CUST05681,Rekha Nair,Female,39.0,Delhi,Delhi,2025-06-23,Direct
CUST05682,Suresh Iyer,Male,46.0,Noida,Uttar Pradesh,2024-04-13,Referral
CUST05683,Gaurav Kapoor,Male,47.0,Nashik,Maharashtra,2023-09-01,Organic Search
CUST05684,Riya Mehta,Female,28.0,Delhi,Delhi,2024-11-01,Referral
CUST05685,Neha Pandey,Female,37.0,Mumbai,Maharashtra,2024-05-31,Organic Search
CUST05686,Deepak Saxena,Male,46.0,Ahmedabad,Gujarat,2023-01-25,Direct
CUST05687,Rohan Menon,Male,32.0,Delhi,Delhi,2023-04-16,Social Media
CUST05688,Siddharth Saxena,Male,20.0,Hyderabad,Telangana,2023-09-28,Paid Search
CUST05689,Nisha Banerjee,Female,24.0,Noida,Uttar Pradesh,2025-04-07,Direct
CUST05690,Vikram Sharma,Male,25.0,Nashik,Maharashtra,2025-07-12,Organic Search
CUST05691,Aman Mishra,Male,28.0,Chennai,Tamil Nadu,2024-09-27,Paid Search
CUST05692,Rohan Nair,Male,26.0,Bengaluru,Karnataka,2023-06-05,Social Media
CUST05693,Divya Verma,Female,43.0,Jaipur,Rajasthan,2024-09-17,Organic Search
CUST05694,Shreya Patel,Female,,Gurugram,Haryana,2025-06-14,Organic Search
CUST05695,Ankit Chopra,Male,46.0,Patna,Bihar,2025-03-21,Social Media
CUST05696,Divya Shah,Female,22.0,Nashik,Maharashtra,2024-01-17,Organic Search
CUST05697,Varun Chopra,Male,29.0,Bhopal,Madhya Pradesh,2023-06-29,Paid Search
CUST05698,Pooja Yadav,Female,34.0,Kolkata,West Bengal,2025-07-19,Social Media
CUST05699,Sunita Mishra,Female,41.0,Delhi,Delhi,2025-06-13,Paid Search
CUST05700,Suresh Mishra,Male,44.0,Ghaziabad,Uttar Pradesh,2023-03-24,Organic Search
CUST05701,Neha Patel,Female,28.0,Lucknow,Uttar Pradesh,2025-05-20,Organic Search
CUST05702,Ritu Das,Female,43.0,Visakhapatnam,Andhra Pradesh,2023-05-24,Organic Search
CUST05703,Harsh Pandey,Male,18.0,Thane,Maharashtra,2023-04-07,Social Media
CUST05704,Aman Mehta,Male,42.0,Bengaluru,Karnataka,2025-03-29,Organic Search
CUST05705,Kavya Saxena,Female,20.0,Bengaluru,Karnataka,2024-09-18,Direct
CUST05706,Vikram Agarwal,Male,37.0,Agra,Uttar Pradesh,2024-05-25,Organic Search
CUST05707,Radhika Tiwari,Female,44.0,Ahmedabad,Gujarat,2025-07-21,Organic Search
CUST05708,Tarun Rao,Male,42.0,Delhi,Delhi,2025-06-01,Referral
CUST05709,Swati Shah,Female,18.0,Lucknow,Uttar Pradesh,2023-03-29,Organic Search
CUST05710,Meera Tiwari,Female,29.0,Hyderabad,Telangana,2024-11-29,Social Media
CUST05711,Neha Reddy,Female,40.0,Lucknow,Uttar Pradesh,2025-04-09,Organic Search
CUST05712,Nikhil Mishra,Male,40.0,Jaipur,Rajasthan,2024-10-01,Direct
CUST05713,Nisha Patel,Female,36.0,Lucknow,Uttar Pradesh,2025-09-18,Organic Search
CUST05714,Abhishek Nair,Male,18.0,Guwahati,Assam,2025-01-28,Organic Search
CUST05715,Meera Desai,Female,45.0,Bengaluru,Karnataka,2023-06-03,Social Media
CUST05716,Swati Mishra,Female,47.0,Kochi,Kerala,2023-10-01,Paid Search
CUST05717,Krishna Chatterjee,Male,35.0,Bhopal,Madhya Pradesh,2025-05-22,Direct
CUST05718,Pooja Joshi,Female,35.0,Agra,Uttar Pradesh,2025-09-28,Direct
CUST05719,Rohan Rao,Male,38.0,Vadodara,Gujarat,2023-05-26,Email
CUST05720,Suresh Patel,Male,48.0,Mumbai,Maharashtra,2023-05-29,Organic Search
CUST05721,Meera Agarwal,Female,36.0,Kolkata,West Bengal,2025-04-02,Social Media
CUST05722,Gaurav Agarwal,Male,31.0,Delhi,Delhi,2023-04-08,Organic Search
CUST05723,Meera Chauhan,Female,37.0,Kanpur,Uttar Pradesh,2023-04-14,Organic Search
CUST05724,Yash Kumar,Male,33.0,Mumbai,Maharashtra,2025-07-09,Organic Search
CUST05725,Naveen Verma,Male,33.0,Mumbai,Maharashtra,2025-05-02,Paid Search
CUST05726,Aditi Desai,Female,18.0,Chandigarh,Chandigarh,2025-07-04,Paid Search
CUST05727,Arjun Banerjee,Male,38.0,Chandigarh,Chandigarh,2024-12-29,Email
CUST05728,Radhika Desai,Female,45.0,Surat,Gujarat,2024-02-20,Paid Search
CUST05729,Kiran Mehta,Female,43.0,Chennai,Tamil Nadu,2025-07-23,Organic Search
CUST05730,Rahul Yadav,Male,43.0,Ghaziabad,Uttar Pradesh,2024-01-25,Organic Search
CUST05731,Yash Chatterjee,Male,32.0,Noida,Uttar Pradesh,2023-12-30,Social Media
CUST05732,Vikram Malhotra,Male,34.0,Mumbai,Maharashtra,2025-07-08,Social Media
CUST05733,Tanvi Patel,Female,45.0,Mumbai,Maharashtra,2025-01-24,Organic Search
CUST05734,Vivaan Verma,Male,42.0,Chandigarh,Chandigarh,2025-07-15,Social Media
CUST05735,Sunita Nair,Female,48.0,Mumbai,Maharashtra,2023-08-10,Referral
CUST05736,Saanvi Menon,Female,26.0,Indore,Madhya Pradesh,2025-08-26,Organic Search
CUST05737,Deepak Menon,Male,26.0,Pune,Maharashtra,2024-11-26,Referral
CUST05738,Swati Mehta,Female,30.0,Kolkata,West Bengal,2025-01-13,Direct
CUST05739,Tarun Banerjee,Male,24.0,Mumbai,Maharashtra,2025-07-29,Direct
CUST05740,Shreya Mukherjee,Female,20.0,Indore,Madhya Pradesh,2024-04-21,
CUST05741,Abhishek Reddy,Male,38.0,Jaipur,Rajasthan,2025-02-25,Organic Search
CUST05742,Shreya Rao,Female,37.0,Gurugram,Haryana,2024-12-20,Social Media
CUST05743,Nikhil Das,Male,35.0,Kolkata,West Bengal,2025-04-21,Paid Search
CUST05744,Aditi Verma,Female,37.0,Chandigarh,Chandigarh,2025-07-16,Organic Search
CUST05745,Varun Verma,Male,18.0,Delhi,Delhi,2025-01-23,Paid Search
CUST05746,Anita Menon,Female,28.0,Delhi,Delhi,2023-04-13,Social Media
CUST05747,Ishita Verma,Female,30.0,Noida,Uttar Pradesh,2023-09-13,Organic Search
CUST05748,Ritu Agarwal,Female,33.0,Mumbai,Maharashtra,2025-08-28,Organic Search
CUST05749,Anita Joshi,Female,18.0,Bengaluru,Karnataka,2025-09-07,Email
CUST05750,Aditya Sharma,Male,24.0,Delhi,Delhi,2025-09-07,Paid Search
CUST05751,Kunal Rao,Male,29.0,Indore,Madhya Pradesh,2023-02-27,Organic Search
CUST05752,Harsh Gupta,Male,44.0,Visakhapatnam,Andhra Pradesh,2024-04-22,Direct
CUST05753,Nisha Mishra,Female,36.0,Coimbatore,Tamil Nadu,2025-03-30,Email
CUST05754,Rahul Rao,Male,43.0,Delhi,Delhi,2025-03-24,Paid Search
CUST05755,Varun Iyer,Male,32.0,Hyderabad,Telangana,2023-05-09,Organic Search
CUST05756,Pooja Bansal,Female,33.0,Hyderabad,Telangana,2024-11-23,Social Media
CUST05757,Suresh Shah,Male,38.0,Noida,Uttar Pradesh,2023-07-24,Social Media
CUST05758,Meera Shah,Female,31.0,Jaipur,Rajasthan,2024-08-09,Direct
CUST05759,Gaurav Yadav,Male,27.0,Hyderabad,Telangana,2023-11-19,Organic Search
CUST05760,Rajesh Mukherjee,Male,18.0,Hyderabad,Telangana,2023-03-23,Social Media
CUST05761,Pooja Mehta,Female,27.0,Hyderabad,Telangana,2023-05-01,Organic Search
CUST05762,Deepak Kumar,Male,41.0,Indore,Madhya Pradesh,2025-07-26,Direct
CUST05763,Juhi Bansal,Female,46.0,Pune,Maharashtra,2025-03-18,Organic Search
CUST05764,Varun Shah,Male,25.0,Surat,Gujarat,2025-08-11,Paid Search
CUST05765,Aman Banerjee,Male,18.0,Kolkata,West Bengal,2024-07-18,Social Media
CUST05766,Kunal Patel,Male,42.0,Mumbai,Maharashtra,2024-05-24,Email
CUST05767,Kunal Iyer,Male,34.0,Nagpur,Maharashtra,2024-03-29,Social Media
CUST05768,Juhi Gupta,Female,20.0,Indore,Madhya Pradesh,2024-11-29,Paid Search
CUST05769,Varun Sharma,Male,18.0,Delhi,Delhi,2024-03-22,Direct
CUST05770,Pooja Joshi,Female,23.0,Lucknow,Uttar Pradesh,2025-03-19,Social Media
CUST05771,Payal Joshi,Female,28.0,Nashik,Maharashtra,2025-05-02,Paid Search
CUST05772,Aman Patel,Male,21.0,Jaipur,Rajasthan,2025-06-30,Referral
CUST05773,Sneha Patel,Female,40.0,Lucknow,Uttar Pradesh,2023-11-23,Paid Search
CUST05774,Vivaan Bansal,Male,25.0,Nagpur,Maharashtra,2024-09-10,Social Media
CUST05775,Tanvi Chatterjee,Female,33.0,Hyderabad,Telangana,2023-10-31,Organic Search
CUST05776,Aman Desai,Male,57.0,Delhi,Delhi,2023-02-28,Organic Search
CUST05777,Ananya Reddy,Female,34.0,Kolkata,West Bengal,2025-02-15,
CUST05778,Manish Joshi,Male,32.0,Bengaluru,Karnataka,2024-09-30,Organic Search
CUST05779,Rohan Menon,Male,32.0,Nagpur,Maharashtra,2025-03-01,Organic Search
CUST05780,Ishaan Reddy,Male,40.0,Indore,Madhya Pradesh,2023-05-11,Paid Search
CUST05781,Aman Das,Male,38.0,Mumbai,Maharashtra,2025-09-27,Social Media
CUST05782,Aditi Gupta,Female,23.0,Noida,Uttar Pradesh,2025-09-26,Organic Search
CUST05783,Reyansh Singh,Male,29.0,Gurugram,Haryana,2024-07-13,Social Media
CUST05784,Kavya Chatterjee,Female,26.0,Delhi,Delhi,2025-06-22,Organic Search
CUST05785,Abhishek Rao,Male,30.0,Kolkata,West Bengal,2023-11-24,Organic Search
CUST05786,Ankit Yadav,Male,51.0,Bengaluru,Karnataka,2025-03-12,Organic Search
CUST05787,Reyansh Patel,Male,39.0,Noida,Uttar Pradesh,2025-07-02,Social Media
CUST05788,Ankit Kumar,Male,32.0,Pune,Maharashtra,2025-05-13,Paid Search
CUST05789,Preeti Gupta,Female,45.0,Nagpur,Maharashtra,2025-05-11,Direct
CUST05790,Nikhil Yadav,Male,35.0,Kochi,Kerala,2024-07-11,Social Media
CUST05791,Radhika Chauhan,Female,18.0,Kanpur,Uttar Pradesh,2025-05-17,Direct
CUST05792,Rajesh Mishra,Male,50.0,Nashik,Maharashtra,2025-02-01,Organic Search
CUST05793,Sanjay Pandey,Male,31.0,Bengaluru,Karnataka,2023-07-11,Social Media
CUST05794,Tarun Pandey,Male,18.0,Bengaluru,Karnataka,2023-06-16,Social Media
CUST05795,Swati Saxena,Female,18.0,Chennai,Tamil Nadu,2025-04-09,Paid Search
CUST05796,Tarun Iyer,Male,44.0,Rajkot,Gujarat,2024-12-07,Direct
CUST05797,Neha Kapoor,Female,18.0,Mumbai,Maharashtra,2024-09-03,Paid Search
CUST05798,Gaurav Verma,Male,46.0,Chennai,Tamil Nadu,2025-07-24,Organic Search
CUST05799,Karthik Chauhan,Male,34.0,Ghaziabad,Uttar Pradesh,2025-01-05,Social Media
CUST05800,Juhi Kumar,Female,40.0,Delhi,Delhi,2024-05-06,Organic Search
CUST05801,Swati Malhotra,Female,30.0,Surat,Gujarat,2024-05-24,Organic Search
CUST05802,Ritu Rao,Female,38.0,Mumbai,Maharashtra,2024-11-19,Social Media
CUST05803,Varun Joshi,Male,36.0,Mumbai,Maharashtra,2025-03-30,Organic Search
CUST05804,Kavya Bansal,Female,33.0,Hyderabad,Telangana,2024-10-14,Social Media
CUST05805,Tarun Mukherjee,Male,22.0,Vadodara,Gujarat,2024-08-24,Paid Search
CUST05806,Saanvi Tiwari,Female,37.0,Mumbai,Maharashtra,2025-03-03,Referral
CUST05807,Arjun Rao,Male,18.0,Ahmedabad,Gujarat,2025-02-13,Paid Search
CUST05808,Neha Das,Female,,Indore,Madhya Pradesh,2025-05-25,Paid Search
CUST05809,Ishaan Chauhan,Male,35.0,Ahmedabad,Gujarat,2023-04-06,Paid Search
CUST05810,Pooja Das,Female,38.0,Kolkata,West Bengal,2025-03-26,Social Media
CUST05811,Aadhya Das,Female,18.0,Kolkata,West Bengal,2024-08-28,Organic Search
CUST05812,Riya Iyer,Female,22.0,Chandigarh,Chandigarh,2023-04-23,Paid Search
CUST05813,Sanjay Bansal,Male,28.0,Nashik,Maharashtra,2025-01-22,Organic Search
CUST05814,Kunal Nair,Male,,Mumbai,Maharashtra,2025-02-22,Paid Search
CUST05815,Sneha Mehta,Female,24.0,Nagpur,Maharashtra,2024-09-07,Direct
CUST05816,Juhi Singh,Female,58.0,Pune,Maharashtra,2025-04-26,
CUST05817,Ishita Menon,Female,30.0,Hyderabad,Telangana,2024-01-27,Paid Search
CUST05818,Rahul Reddy,Male,23.0,Kolkata,West Bengal,2023-10-06,Organic Search
CUST05819,Manish Saxena,Male,31.0,Rajkot,Gujarat,2024-03-21,Social Media
CUST05820,Rohan Desai,Male,23.0,Visakhapatnam,Andhra Pradesh,2024-05-20,Email
CUST05821,Simran Saxena,Female,21.0,Pune,Maharashtra,2025-02-05,Paid Search
CUST05822,Yash Malhotra,Male,43.0,Delhi,Delhi,2025-06-06,Direct
CUST05823,Kunal Chauhan,Male,38.0,Surat,Gujarat,2025-02-26,Paid Search
CUST05824,Ritu Singh,Female,38.0,Kolkata,West Bengal,2023-09-02,Organic Search
CUST05825,Sneha Malhotra,Female,46.0,Chennai,Tamil Nadu,2024-04-06,Referral
CUST05826,Juhi Singh,Female,38.0,Gurugram,Haryana,2023-08-13,Social Media
CUST05827,Tarun Kumar,Male,22.0,Guwahati,Assam,2025-01-28,Paid Search
CUST05828,Reyansh Gupta,Male,40.0,Noida,Uttar Pradesh,2023-11-29,Direct
CUST05829,Rajesh Desai,Male,22.0,Thane,Maharashtra,2024-09-08,Referral
CUST05830,Naveen Kapoor,Male,28.0,Jaipur,Rajasthan,2025-04-25,Direct
CUST05831,Ishita Reddy,Female,33.0,Hyderabad,Telangana,2025-01-15,Social Media
CUST05832,Aman Pandey,Male,32.0,Gurugram,Haryana,2024-01-25,Social Media
CUST05833,Ankit Mishra,Male,18.0,Chennai,Tamil Nadu,2024-03-02,Paid Search
CUST05834,Kunal Yadav,Male,23.0,Delhi,Delhi,2024-12-31,Paid Search
CUST05835,Meera Desai,Female,33.0,Delhi,Delhi,2024-09-30,Organic Search
CUST05836,Ritu Joshi,Female,27.0,Ludhiana,Punjab,2023-05-23,Referral
CUST05837,Siddharth Iyer,Male,44.0,Hyderabad,Telangana,2025-06-28,Organic Search
CUST05838,Pranav Chatterjee,Male,46.0,Visakhapatnam,Andhra Pradesh,2024-08-27,Direct
CUST05839,Rahul Kumar,Male,22.0,Surat,Gujarat,2024-07-21,Organic Search
CUST05840,Anita Tiwari,Female,34.0,Bengaluru,Karnataka,2023-10-02,Organic Search
CUST05841,Harsh Joshi,Male,49.0,Ludhiana,Punjab,2024-04-17,Organic Search
CUST05842,Aman Iyer,Male,32.0,Ludhiana,Punjab,2024-03-02,Paid Search
CUST05843,Meera Shah,Female,29.0,Delhi,Delhi,2023-12-25,Organic Search
CUST05844,Payal Menon,Female,42.0,Delhi,Delhi,2024-10-17,Organic Search
CUST05845,Preeti Patel,Female,30.0,Jaipur,Rajasthan,2024-07-11,Social Media
CUST05846,Vivaan Bansal,Male,46.0,Bengaluru,Karnataka,2025-07-10,Paid Search
CUST05847,Ishita Chopra,Female,27.0,Hyderabad,Telangana,2025-08-18,Organic Search
CUST05848,Karthik Agarwal,Male,28.0,Gurugram,Haryana,2023-10-27,Organic Search
CUST05849,Varun Malhotra,Male,41.0,Delhi,Delhi,2023-05-28,Organic Search
CUST05850,Divya Pandey,Female,34.0,Kolkata,West Bengal,2025-04-19,Direct
CUST05851,Gaurav Patel,Male,34.0,Bengaluru,Karnataka,2025-09-27,Referral
CUST05852,Rekha Mukherjee,Female,18.0,Hyderabad,Telangana,2025-06-20,Paid Search
CUST05853,Aarav Desai,Male,29.0,Ahmedabad,Gujarat,2023-02-07,Organic Search
CUST05854,Aditya Saxena,Male,42.0,Bengaluru,Karnataka,2023-12-03,Organic Search
CUST05855,Saanvi Nair,Female,25.0,Bhopal,Madhya Pradesh,2023-03-08,Social Media
CUST05856,Rahul Reddy,Male,40.0,Vadodara,Gujarat,2025-05-18,Organic Search
CUST05857,Divya Verma,Female,36.0,Pune,Maharashtra,2024-10-29,Social Media
CUST05858,Radhika Saxena,Female,31.0,Coimbatore,Tamil Nadu,2024-08-28,Organic Search
CUST05859,Vihaan Mehta,Male,47.0,Delhi,Delhi,2024-10-05,Social Media
CUST05860,Meera Singh,Female,30.0,Kolkata,West Bengal,2023-12-04,Paid Search
CUST05861,Neha Pandey,Female,30.0,Ghaziabad,Uttar Pradesh,2024-11-16,Organic Search
CUST05862,Anita Mishra,Female,31.0,Surat,Gujarat,2023-02-17,Organic Search
CUST05863,Ishaan Das,Male,34.0,Kochi,Kerala,2024-12-25,Social Media
CUST05864,Tanvi Reddy,Female,41.0,Jaipur,Rajasthan,2025-03-09,Social Media
CUST05865,Payal Banerjee,Female,18.0,Noida,Uttar Pradesh,2025-01-17,Social Media
CUST05866,Pooja Singh,Female,42.0,Mumbai,Maharashtra,2024-03-01,Organic Search
CUST05867,Abhishek Singh,Male,34.0,Mumbai,Maharashtra,2025-05-22,Social Media
CUST05868,Vihaan Banerjee,Male,39.0,Hyderabad,Telangana,2025-02-22,Organic Search
CUST05869,Ishita Chauhan,Female,57.0,Ludhiana,Punjab,2023-07-05,Social Media
CUST05870,Payal Kumar,Female,28.0,Mumbai,Maharashtra,2023-09-28,Email
CUST05871,Aditi Kapoor,Female,21.0,Bengaluru,Karnataka,2024-12-17,Organic Search
CUST05872,Swati Rao,Female,35.0,Kochi,Kerala,2024-01-15,
CUST05873,Yash Verma,Male,37.0,Lucknow,Uttar Pradesh,2023-06-23,Direct
CUST05874,Tanvi Mehta,Female,42.0,Ahmedabad,Gujarat,2023-08-09,Direct
CUST05875,Arjun Gupta,Male,28.0,Mumbai,Maharashtra,2023-08-22,Organic Search
CUST05876,Aditya Patel,Male,25.0,Bhopal,Madhya Pradesh,2024-07-26,Direct
CUST05877,Sanjay Rao,Male,18.0,Gurugram,Haryana,2024-11-21,Organic Search
CUST05878,Sunita Patel,Female,19.0,Thane,Maharashtra,2023-09-05,Paid Search
CUST05879,Kunal Menon,Male,29.0,Delhi,Delhi,2025-02-19,Social Media
CUST05880,Nikhil Sharma,Male,32.0,Pune,Maharashtra,2024-01-05,Organic Search
CUST05881,Aman Sharma,Male,54.0,Ahmedabad,Gujarat,2024-02-08,Paid Search
CUST05882,Aman Agarwal,Male,18.0,Coimbatore,Tamil Nadu,2023-10-31,Direct
CUST05883,Meera Bansal,Female,36.0,Bhopal,Madhya Pradesh,2025-04-19,Organic Search
CUST05884,Aditya Iyer,Male,26.0,Vadodara,Gujarat,2025-09-01,Paid Search
CUST05885,Aarav Saxena,Male,35.0,Chennai,Tamil Nadu,2024-08-09,Referral
CUST05886,Abhishek Reddy,Male,27.0,Mumbai,Maharashtra,2023-03-07,Organic Search
CUST05887,Payal Agarwal,Female,43.0,Bhopal,Madhya Pradesh,2023-12-13,Direct
CUST05888,Anjali Chatterjee,Female,43.0,Surat,Gujarat,2023-08-13,Direct
CUST05889,Tanvi Nair,Female,32.0,Delhi,Delhi,2025-06-04,Organic Search
CUST05890,Manish Reddy,Male,47.0,Bhopal,Madhya Pradesh,2023-05-07,Paid Search
CUST05891,Siddharth Shah,Male,41.0,Delhi,Delhi,2025-09-06,Organic Search
CUST05892,Aarav Kapoor,Male,47.0,Thane,Maharashtra,2024-11-05,Direct
CUST05893,Neha Sharma,Female,33.0,Indore,Madhya Pradesh,2024-09-01,Organic Search
CUST05894,Vihaan Mishra,Male,43.0,Mumbai,Maharashtra,2025-06-07,Paid Search
CUST05895,Manish Mehta,Male,25.0,Visakhapatnam,Andhra Pradesh,2023-02-13,Social Media
CUST05896,Pooja Banerjee,Female,24.0,Ahmedabad,Gujarat,2025-04-13,Social Media
CUST05897,Pooja Iyer,Female,55.0,Kolkata,West Bengal,2023-06-20,Social Media
CUST05898,Siddharth Tiwari,Male,22.0,Noida,Uttar Pradesh,2025-06-02,
CUST05899,Pooja Patel,Female,29.0,Chandigarh,Chandigarh,2024-09-12,Social Media
CUST05900,Gaurav Nair,Male,18.0,Ahmedabad,Gujarat,2023-04-04,Email
CUST05901,Rajesh Kapoor,Male,25.0,Indore,Madhya Pradesh,2025-05-27,Social Media
CUST05902,Manish Reddy,Male,23.0,Kolkata,West Bengal,2023-02-12,Social Media
CUST05903,Simran Das,Female,26.0,Ghaziabad,Uttar Pradesh,2023-07-18,Organic Search
CUST05904,Karthik Sharma,Male,36.0,Hyderabad,Telangana,2025-04-29,Organic Search
CUST05905,Ananya Mishra,Female,38.0,Kolkata,West Bengal,2024-07-13,Organic Search
CUST05906,Deepak Chauhan,Male,23.0,Delhi,Delhi,2025-07-04,Organic Search
CUST05907,Divya Singh,Female,25.0,Gurugram,Haryana,2024-12-16,Organic Search
CUST05908,Tanvi Chopra,Female,44.0,Coimbatore,Tamil Nadu,2024-12-05,Organic Search
CUST05909,Swati Verma,Female,50.0,Bengaluru,Karnataka,2024-01-18,Paid Search
CUST05910,Diya Mishra,Female,46.0,Jaipur,Rajasthan,2023-07-12,Social Media
CUST05911,Komal Singh,Female,18.0,Ahmedabad,Gujarat,2025-09-02,Social Media
CUST05912,Sunita Nair,Female,45.0,Delhi,Delhi,2023-06-04,Referral
CUST05913,Rajesh Chauhan,Male,52.0,Mumbai,Maharashtra,2024-09-12,Paid Search
CUST05914,Rekha Shah,Female,18.0,Ghaziabad,Uttar Pradesh,2023-12-27,Paid Search
CUST05915,Rahul Mishra,Male,44.0,Bengaluru,Karnataka,2023-12-17,Organic Search
CUST05916,Vivaan Malhotra,Male,35.0,Kolkata,West Bengal,2024-11-10,Email
CUST05917,Gaurav Banerjee,Male,30.0,Coimbatore,Tamil Nadu,2025-04-30,Social Media
CUST05918,Aarav Singh,Male,34.0,Mumbai,Maharashtra,2025-04-13,Organic Search
CUST05919,Meera Kapoor,Female,37.0,Pune,Maharashtra,2025-06-24,Organic Search
CUST05920,Arjun Joshi,Male,45.0,Noida,Uttar Pradesh,2024-01-18,Organic Search
CUST05921,Naveen Menon,Male,44.0,Vadodara,Gujarat,2024-07-14,Paid Search
CUST05922,Simran Menon,Female,18.0,Bengaluru,Karnataka,2023-01-15,Organic Search
CUST05923,Ishita Joshi,Female,27.0,Delhi,Delhi,2025-03-19,Email
CUST05924,Aditya Menon,Male,34.0,Bhopal,Madhya Pradesh,2024-01-29,Organic Search
CUST05925,Neha Malhotra,Female,49.0,Mumbai,Maharashtra,2024-10-11,Direct
CUST05926,Vivaan Chatterjee,Male,18.0,Jaipur,Rajasthan,2023-08-27,Organic Search
CUST05927,Vihaan Saxena,Male,27.0,Bengaluru,Karnataka,2025-05-17,Paid Search
CUST05928,Swati Das,Female,18.0,Ludhiana,Punjab,2025-05-15,Direct
CUST05929,Juhi Kumar,Female,19.0,Ahmedabad,Gujarat,2025-07-01,Organic Search
CUST05930,Nisha Saxena,Female,43.0,Chennai,Tamil Nadu,2023-03-12,Referral
CUST05931,Gaurav Saxena,Male,28.0,Patna,Bihar,2025-09-25,Organic Search
CUST05932,Yash Saxena,Male,18.0,Mumbai,Maharashtra,2023-11-29,Paid Search
CUST05933,Arjun Rao,Male,31.0,Jaipur,Rajasthan,2024-02-06,Referral
CUST05934,Ritu Nair,Female,53.0,Noida,Uttar Pradesh,2023-11-30,Organic Search
CUST05935,Ankit Sharma,Male,18.0,Lucknow,Uttar Pradesh,2023-12-21,Organic Search
CUST05936,Deepak Pandey,Male,38.0,Mumbai,Maharashtra,2024-10-03,Organic Search
CUST05937,Rohan Chopra,Male,49.0,Chandigarh,Chandigarh,2023-11-20,Organic Search
CUST05938,Ishita Reddy,Female,33.0,Delhi,Delhi,2024-05-04,Paid Search
CUST05939,Reyansh Patel,Male,52.0,Ahmedabad,Gujarat,2025-01-02,Email
CUST05940,Shreya Pandey,Female,26.0,Delhi,Delhi,2025-05-30,Organic Search
CUST05941,Saanvi Nair,Female,47.0,Indore,Madhya Pradesh,2025-02-03,
CUST05942,Vivaan Das,Male,45.0,Bengaluru,Karnataka,2024-11-10,Social Media
CUST05943,Deepak Kumar,Male,33.0,Bengaluru,Karnataka,2023-07-30,Referral
CUST05944,Ishaan Patel,Male,18.0,Chennai,Tamil Nadu,2025-05-14,Direct
CUST05945,Ishita Iyer,Female,23.0,Bengaluru,Karnataka,2023-02-27,Referral
CUST05946,Pooja Mehta,Female,18.0,Patna,Bihar,2023-12-17,Organic Search
CUST05947,Yash Shah,Male,39.0,Pune,Maharashtra,2023-03-29,Organic Search
CUST05948,Priya Menon,Female,38.0,Pune,Maharashtra,2025-01-12,Social Media
CUST05949,Yash Shah,Male,34.0,Delhi,Delhi,2024-04-08,Organic Search
CUST05950,Anita Tiwari,Female,32.0,Chandigarh,Chandigarh,2024-12-30,Organic Search
CUST05951,Komal Joshi,Female,47.0,Hyderabad,Telangana,2024-03-17,Referral
CUST05952,Payal Verma,Female,36.0,Ahmedabad,Gujarat,2024-07-04,Paid Search
CUST05953,Suresh Shah,Male,27.0,Bengaluru,Karnataka,2024-07-07,Paid Search
CUST05954,Rohan Chatterjee,Male,34.0,Noida,Uttar Pradesh,2023-03-12,Paid Search
CUST05955,Preeti Menon,Female,53.0,Jaipur,Rajasthan,2024-06-09,Organic Search
CUST05956,Krishna Malhotra,Male,39.0,Mumbai,Maharashtra,2024-12-21,Organic Search
CUST05957,Anita Bansal,Female,29.0,Delhi,Delhi,2024-09-27,Direct
CUST05958,Kiran Joshi,Female,33.0,Kolkata,West Bengal,2023-04-24,Organic Search
CUST05959,Ishita Nair,Female,38.0,Delhi,Delhi,2025-01-13,Paid Search
CUST05960,Diya Patel,Female,29.0,Jaipur,Rajasthan,2024-02-05,Organic Search
CUST05961,Kunal Verma,Male,28.0,Hyderabad,Telangana,2023-01-23,Organic Search
CUST05962,Neha Verma,Female,33.0,Hyderabad,Telangana,2023-08-09,Organic Search
CUST05963,Manish Menon,Male,48.0,Patna,Bihar,2024-08-13,Organic Search
CUST05964,Payal Sharma,Female,41.0,Pune,Maharashtra,2024-02-07,Social Media
CUST05965,Arjun Nair,Male,29.0,Delhi,Delhi,2025-02-04,Organic Search
CUST05966,Diya Sharma,Female,42.0,Ahmedabad,Gujarat,2023-11-20,Paid Search
CUST05967,Anita Chauhan,Female,33.0,Coimbatore,Tamil Nadu,2025-04-09,Social Media
CUST05968,Ishita Shah,Female,36.0,Ludhiana,Punjab,2024-01-11,Paid Search
CUST05969,Naveen Kapoor,Male,36.0,Bhopal,Madhya Pradesh,2024-12-03,Organic Search
CUST05970,Rohan Pandey,Male,18.0,Ludhiana,Punjab,2025-05-01,Organic Search
CUST05971,Sunita Pandey,Female,18.0,Mumbai,Maharashtra,2024-04-26,Organic Search
CUST05972,Meera Yadav,Female,35.0,Delhi,Delhi,2023-03-14,Organic Search
CUST05973,Aman Kapoor,Male,24.0,Mumbai,Maharashtra,2024-09-18,Paid Search
CUST05974,Priya Shah,Female,18.0,Delhi,Delhi,2025-09-27,Paid Search
CUST05975,Saanvi Menon,Female,25.0,Ghaziabad,Uttar Pradesh,2025-09-08,Organic Search
CUST05976,Kavya Menon,Female,42.0,Mumbai,Maharashtra,2023-10-29,Organic Search
CUST05977,Meera Joshi,Female,37.0,Chennai,Tamil Nadu,2025-03-27,Social Media
CUST05978,Saanvi Iyer,Female,41.0,Bengaluru,Karnataka,2024-03-15,Organic Search
CUST05979,Aditi Gupta,Female,38.0,Ghaziabad,Uttar Pradesh,2023-08-15,Paid Search
CUST05980,Pranav Verma,Male,24.0,Vadodara,Gujarat,2025-01-11,Direct
CUST05981,Radhika Menon,Female,41.0,Visakhapatnam,Andhra Pradesh,2024-08-16,Email
CUST05982,Swati Pandey,Female,39.0,Ahmedabad,Gujarat,2024-09-21,Organic Search
CUST05983,Ritu Chopra,Female,32.0,Gurugram,Haryana,2025-05-23,
CUST05984,Ishita Rao,Female,34.0,Coimbatore,Tamil Nadu,2024-03-06,
CUST05985,Juhi Tiwari,Female,41.0,Lucknow,Uttar Pradesh,2025-01-12,Social Media
CUST05986,Rohan Kapoor,Male,26.0,Surat,Gujarat,2024-04-06,Social Media
CUST05987,Manish Chauhan,Male,44.0,Hyderabad,Telangana,2023-03-08,Social Media
CUST05988,Naveen Yadav,Male,39.0,Thane,Maharashtra,2024-04-18,Direct
CUST05989,Payal Desai,Female,33.0,Gurugram,Haryana,2025-08-25,Organic Search
CUST05990,Tanvi Tiwari,Female,48.0,Hyderabad,Telangana,2024-07-31,Social Media
CUST05991,Rahul Chatterjee,Male,20.0,Bengaluru,Karnataka,2023-06-08,Paid Search
CUST05992,Rahul Bansal,Male,28.0,Bengaluru,Karnataka,2025-01-29,Paid Search
CUST05993,Juhi Shah,Female,26.0,Kochi,Kerala,2025-09-04,Organic Search
CUST05994,Gaurav Tiwari,Male,37.0,Pune,Maharashtra,2025-07-24,Email
CUST05995,Krishna Chopra,Male,45.0,Noida,Uttar Pradesh,2024-10-21,Organic Search
CUST05996,Kunal Reddy,Male,23.0,Surat,Gujarat,2024-04-16,Social Media
CUST05997,Riya Joshi,Female,65.0,Bengaluru,Karnataka,2024-10-29,Direct
CUST05998,Preeti Sharma,Female,26.0,Jaipur,Rajasthan,2025-05-14,Organic Search
CUST05999,Tanvi Mukherjee,Female,37.0,Delhi,Delhi,2025-06-18,Organic Search
CUST06000,Vihaan Agarwal,Male,33.0,Chennai,Tamil Nadu,2025-05-16,Paid Search
CUST06001,Sanjay Nair,Male,33.0,Chennai,Tamil Nadu,2024-07-04,Social Media
CUST06002,Pooja Agarwal,Female,25.0,Jaipur,Rajasthan,2023-06-23,Organic Search
CUST06003,Divya Chopra,Female,44.0,Ahmedabad,Gujarat,2024-10-18,Social Media
CUST06004,Kunal Tiwari,Male,24.0,Chennai,Tamil Nadu,2023-08-10,Social Media
CUST06005,Aditi Tiwari,Female,18.0,Nashik,Maharashtra,2023-04-03,Organic Search
CUST06006,Nisha Shah,Female,22.0,Delhi,Delhi,2024-08-14,Paid Search
CUST06007,Ananya Rao,Female,47.0,Gurugram,Haryana,2025-01-02,Paid Search
CUST06008,Gaurav Shah,Male,,Pune,Maharashtra,2025-06-13,Paid Search
CUST06009,Harsh Iyer,Male,18.0,Surat,Gujarat,2025-04-17,Direct
CUST06010,Pranav Verma,Male,41.0,Mumbai,Maharashtra,2025-06-15,Paid Search
CUST06011,Saanvi Banerjee,Female,18.0,Delhi,Delhi,2025-03-30,Organic Search
CUST06012,Neha Pandey,Female,33.0,Thane,Maharashtra,2025-02-11,
CUST06013,Sanjay Chopra,Male,21.0,Coimbatore,Tamil Nadu,2023-01-17,Social Media
CUST06014,Suresh Das,Male,42.0,Kolkata,West Bengal,2024-12-08,Paid Search
CUST06015,Rajesh Mehta,Male,39.0,Delhi,Delhi,2023-06-25,Organic Search
CUST06016,Divya Mehta,Female,43.0,Patna,Bihar,2023-03-31,Organic Search
CUST06017,Juhi Gupta,Female,30.0,Chandigarh,Chandigarh,2023-08-10,Email
CUST06018,Yash Gupta,Male,31.0,Kanpur,Uttar Pradesh,2025-05-20,Organic Search
CUST06019,Meera Agarwal,Female,18.0,Delhi,Delhi,2025-03-17,Organic Search
CUST06020,Meera Tiwari,Female,23.0,Chennai,Tamil Nadu,2025-08-24,Direct
CUST06021,Komal Chauhan,Female,42.0,Gurugram,Haryana,2025-09-15,Social Media
CUST06022,Simran Tiwari,Female,37.0,Delhi,Delhi,2025-07-13,Organic Search
CUST06023,Aman Gupta,Male,34.0,Delhi,Delhi,2023-07-11,Organic Search
CUST06024,Kiran Nair,Female,46.0,Nagpur,Maharashtra,2025-07-01,Paid Search
CUST06025,Ishita Mehta,Female,20.0,Pune,Maharashtra,2025-06-01,Social Media
CUST06026,Diya Gupta,Female,40.0,Delhi,Delhi,2025-06-26,Organic Search
CUST06027,Ritu Mehta,Female,21.0,Surat,Gujarat,2023-08-04,Email
CUST06028,Vikram Kapoor,Male,48.0,Gurugram,Haryana,2023-06-20,Organic Search
CUST06029,Pooja Banerjee,Female,38.0,Agra,Uttar Pradesh,2025-08-05,Organic Search
CUST06030,Meera Mishra,Female,43.0,Mumbai,Maharashtra,2023-09-01,Social Media
CUST06031,Abhishek Singh,Male,26.0,Nashik,Maharashtra,2024-04-08,Social Media
CUST06032,Simran Malhotra,Female,55.0,Surat,Gujarat,2024-07-05,Social Media
CUST06033,Abhishek Joshi,Male,53.0,Bengaluru,Karnataka,2023-06-30,Organic Search
CUST06034,Meera Agarwal,Female,37.0,Mumbai,Maharashtra,2023-02-02,Paid Search
CUST06035,Suresh Banerjee,Male,45.0,Noida,Uttar Pradesh,2025-09-26,Organic Search
CUST06036,Ankit Verma,Male,30.0,Mumbai,Maharashtra,2025-06-30,Organic Search
CUST06037,Radhika Iyer,Female,20.0,Delhi,Delhi,2025-07-27,Paid Search
CUST06038,Pooja Shah,Female,41.0,Kanpur,Uttar Pradesh,2024-01-09,Social Media
CUST06039,Saanvi Rao,Female,24.0,Bhopal,Madhya Pradesh,2023-10-27,Referral
CUST06040,Ananya Shah,Female,46.0,Bengaluru,Karnataka,2024-06-05,Direct
CUST06041,Ankit Kapoor,Male,43.0,Thane,Maharashtra,2024-07-02,Social Media
CUST06042,Shreya Mishra,Female,35.0,Bhopal,Madhya Pradesh,2023-01-09,Referral
CUST06043,Payal Kumar,Female,35.0,Vadodara,Gujarat,2025-04-15,Organic Search
CUST06044,Vikram Iyer,Male,43.0,Bhopal,Madhya Pradesh,2025-09-28,Referral
CUST06045,Shreya Reddy,Female,36.0,Mumbai,Maharashtra,2024-09-11,Organic Search
CUST06046,Tarun Singh,Male,29.0,Coimbatore,Tamil Nadu,2024-04-28,Paid Search
CUST06047,Vihaan Iyer,Male,18.0,Pune,Maharashtra,2024-05-03,Organic Search
CUST06048,Komal Bansal,Female,43.0,Chennai,Tamil Nadu,2023-05-23,Paid Search
CUST06049,Sneha Reddy,Female,37.0,Mumbai,Maharashtra,2023-12-20,Social Media
CUST06050,Karthik Mehta,Male,61.0,Jaipur,Rajasthan,2024-08-18,Organic Search
CUST06051,Anita Mishra,Female,32.0,Delhi,Delhi,2024-06-11,Referral
CUST06052,Deepak Kapoor,Male,36.0,Pune,Maharashtra,2024-09-26,Direct
CUST06053,Sneha Reddy,Female,36.0,Delhi,Delhi,2025-06-09,Social Media
CUST06054,Vihaan Sharma,Male,40.0,Nagpur,Maharashtra,2023-11-02,Organic Search
CUST06055,Manish Saxena,Male,23.0,Mumbai,Maharashtra,2023-02-13,Social Media
CUST06056,Harsh Saxena,Male,32.0,Jaipur,Rajasthan,2023-03-01,Organic Search
CUST06057,Rohan Malhotra,Male,41.0,Lucknow,Uttar Pradesh,2023-07-13,Organic Search
CUST06058,Deepak Singh,Male,30.0,Ahmedabad,Gujarat,2024-10-19,Organic Search
CUST06059,Ananya Chopra,Female,41.0,Chandigarh,Chandigarh,2025-05-08,Paid Search
CUST06060,Priya Chatterjee,Female,34.0,Pune,Maharashtra,2025-07-08,Organic Search
CUST06061,Preeti Verma,Female,37.0,Bhopal,Madhya Pradesh,2024-12-15,Organic Search
CUST06062,Reyansh Singh,Male,45.0,Chennai,Tamil Nadu,2024-05-13,Paid Search
CUST06063,Rekha Verma,Female,31.0,Patna,Bihar,2023-08-08,Email
CUST06064,Suresh Singh,Male,18.0,Coimbatore,Tamil Nadu,2024-05-12,Referral
CUST06065,Sunita Das,Female,30.0,Chennai,Tamil Nadu,2024-03-01,Referral
CUST06066,Ritu Agarwal,Female,25.0,Noida,Uttar Pradesh,2025-06-25,Organic Search
CUST06067,Manish Saxena,Male,18.0,Delhi,Delhi,2024-08-03,Referral
CUST06068,Ishaan Saxena,Male,32.0,Ludhiana,Punjab,2023-11-04,Social Media
CUST06069,Tanvi Yadav,Female,35.0,Pune,Maharashtra,2024-01-14,Organic Search
CUST06070,Vikram Verma,Male,43.0,Delhi,Delhi,2023-07-16,Paid Search
CUST06071,Meera Chatterjee,Female,22.0,Surat,Gujarat,2025-08-01,Paid Search
CUST06072,Anjali Verma,Female,34.0,Delhi,Delhi,2023-03-19,Paid Search
CUST06073,Pranav Kapoor,Male,44.0,Coimbatore,Tamil Nadu,2023-01-21,Referral
CUST06074,Vivaan Kumar,Male,27.0,Vadodara,Gujarat,2023-09-13,Paid Search
CUST06075,Kunal Kapoor,Male,38.0,Lucknow,Uttar Pradesh,2025-05-10,Organic Search
CUST06076,Kavya Mehta,Female,49.0,Bengaluru,Karnataka,2024-09-07,Social Media
CUST06077,Vihaan Kapoor,Male,18.0,Noida,Uttar Pradesh,2024-12-07,Email
CUST06078,Aditya Chopra,Male,36.0,Agra,Uttar Pradesh,2024-03-28,Social Media
CUST06079,Rahul Reddy,Male,45.0,Indore,Madhya Pradesh,2023-04-14,Paid Search
CUST06080,Anjali Saxena,Female,29.0,Ahmedabad,Gujarat,2025-06-14,Email
CUST06081,Divya Shah,Female,47.0,Kolkata,West Bengal,2023-09-24,Organic Search
CUST06082,Tanvi Gupta,Female,39.0,Hyderabad,Telangana,2023-02-21,Social Media
CUST06083,Neha Joshi,Female,51.0,Ludhiana,Punjab,2024-10-21,Direct
CUST06084,Sunita Menon,Female,39.0,Hyderabad,Telangana,2023-05-05,Email
CUST06085,Sneha Yadav,Female,52.0,Bengaluru,Karnataka,2023-05-22,Organic Search
CUST06086,Vivaan Mukherjee,Male,36.0,Bengaluru,Karnataka,2025-05-01,Direct
CUST06087,Suresh Mehta,Male,19.0,Ahmedabad,Gujarat,2024-08-08,Organic Search
CUST06088,Ritu Mukherjee,Female,27.0,Surat,Gujarat,2023-11-21,Social Media
CUST06089,Siddharth Chauhan,Male,43.0,Ghaziabad,Uttar Pradesh,2024-03-18,Social Media
CUST06090,Vihaan Mehta,Male,43.0,Gurugram,Haryana,2025-03-05,Organic Search
CUST06091,Preeti Singh,Female,30.0,Mumbai,Maharashtra,2023-04-11,Organic Search
CUST06092,Ananya Pandey,Female,51.0,Mumbai,Maharashtra,2023-06-19,Social Media
CUST06093,Aarav Chauhan,Male,29.0,Ahmedabad,Gujarat,2024-11-29,Organic Search
CUST06094,Kunal Chauhan,Male,38.0,Vadodara,Gujarat,2024-11-21,Paid Search
CUST06095,Vivaan Reddy,Male,37.0,Chandigarh,Chandigarh,2025-09-10,Social Media
CUST06096,Reyansh Bansal,Male,20.0,Delhi,Delhi,2024-04-14,Social Media
CUST06097,Rohan Mehta,Male,32.0,Bengaluru,Karnataka,2023-04-09,Referral
CUST06098,Anita Desai,Female,57.0,Coimbatore,Tamil Nadu,2024-09-19,Direct
CUST06099,Shreya Singh,Female,24.0,Jaipur,Rajasthan,2024-12-18,Direct
CUST06100,Siddharth Menon,Male,39.0,Ahmedabad,Gujarat,2023-07-20,Paid Search
CUST06101,Sanjay Mishra,Male,21.0,Bengaluru,Karnataka,2024-10-03,Organic Search
CUST06102,Sneha Sharma,Female,24.0,Delhi,Delhi,2023-10-01,Social Media
CUST06103,Vihaan Kumar,Male,19.0,Delhi,Delhi,2025-06-05,Direct
CUST06104,Naveen Kapoor,Male,42.0,Kanpur,Uttar Pradesh,2025-05-29,Email
CUST06105,Rohan Bansal,Male,24.0,Indore,Madhya Pradesh,2024-06-09,Social Media
CUST06106,Tanvi Chatterjee,Female,46.0,Ahmedabad,Gujarat,2025-09-06,Referral
CUST06107,Harsh Agarwal,Male,28.0,Jaipur,Rajasthan,2025-09-16,Paid Search
CUST06108,Rohan Saxena,Male,34.0,Delhi,Delhi,2023-07-06,Paid Search
CUST06109,Radhika Malhotra,Female,37.0,Mumbai,Maharashtra,2024-04-07,Organic Search
CUST06110,Tanvi Chatterjee,Female,18.0,Mumbai,Maharashtra,2024-11-15,Social Media
CUST06111,Simran Desai,Female,35.0,Delhi,Delhi,2023-05-07,Paid Search
CUST06112,Anita Rao,Female,36.0,Kochi,Kerala,2024-04-23,Organic Search
CUST06113,Sneha Gupta,Female,44.0,Bengaluru,Karnataka,2023-12-14,Organic Search
CUST06114,Gaurav Kumar,Male,23.0,Delhi,Delhi,2025-08-26,
CUST06115,Sanjay Chatterjee,Male,25.0,Patna,Bihar,2024-05-22,Paid Search
CUST06116,Arjun Reddy,Male,40.0,Ahmedabad,Gujarat,2025-04-01,Referral
CUST06117,Naveen Verma,Male,47.0,Delhi,Delhi,2024-04-27,Direct
CUST06118,Krishna Iyer,Male,,Bengaluru,Karnataka,2023-07-10,Organic Search
CUST06119,Varun Chauhan,Male,21.0,Delhi,Delhi,2025-06-20,Organic Search
CUST06120,Ritu Gupta,Female,30.0,Mumbai,Maharashtra,2023-01-01,Organic Search
CUST06121,Anjali Mishra,Female,23.0,Kanpur,Uttar Pradesh,2023-03-27,Organic Search
CUST06122,Varun Kumar,Male,37.0,Chennai,Tamil Nadu,2024-04-04,Social Media
CUST06123,Siddharth Chatterjee,Male,22.0,Delhi,Delhi,2025-01-29,Social Media
CUST06124,Krishna Pandey,Male,43.0,Patna,Bihar,2024-03-11,Organic Search
CUST06125,Varun Gupta,Male,35.0,Mumbai,Maharashtra,2023-04-11,Social Media
CUST06126,Krishna Joshi,Male,43.0,Chennai,Tamil Nadu,2024-02-15,Referral
CUST06127,Ankit Agarwal,Male,18.0,Delhi,Delhi,2023-11-25,Organic Search
CUST06128,Abhishek Joshi,Male,18.0,Mumbai,Maharashtra,2023-01-09,Direct
CUST06129,Kavya Verma,Female,46.0,Pune,Maharashtra,2024-09-17,Organic Search
CUST06130,Ishita Das,Female,26.0,Delhi,Delhi,2023-06-20,Organic Search
CUST06131,Nisha Kumar,Female,18.0,Mumbai,Maharashtra,2024-01-13,Paid Search
CUST06132,Rahul Menon,Male,31.0,Kolkata,West Bengal,2024-12-21,Organic Search
CUST06133,Aman Shah,Male,35.0,Ludhiana,Punjab,2025-03-02,Organic Search
CUST06134,Karthik Agarwal,Male,31.0,Kolkata,West Bengal,2023-12-17,Organic Search
CUST06135,Swati Yadav,Female,38.0,Mumbai,Maharashtra,2024-02-27,Organic Search
CUST06136,Naveen Shah,Male,36.0,Hyderabad,Telangana,2023-11-28,Social Media
CUST06137,Rahul Kapoor,Male,36.0,Chennai,Tamil Nadu,2025-08-30,Organic Search
CUST06138,Sunita Yadav,Female,46.0,Bengaluru,Karnataka,2023-09-22,Organic Search
CUST06139,Pranav Chatterjee,Male,33.0,Hyderabad,Telangana,2023-09-13,Social Media
CUST06140,Rajesh Mishra,Male,33.0,Kolkata,West Bengal,2024-06-24,Social Media
CUST06141,Sunita Shah,Female,41.0,Gurugram,Haryana,2023-09-20,Social Media
CUST06142,Kunal Singh,Male,39.0,Vadodara,Gujarat,2023-08-11,Paid Search
CUST06143,Swati Kumar,Female,24.0,Delhi,Delhi,2023-05-23,Direct
CUST06144,Rohan Mishra,Male,32.0,Patna,Bihar,2024-12-20,Organic Search
CUST06145,Riya Desai,Female,37.0,Ahmedabad,Gujarat,2024-11-25,Email
CUST06146,Gaurav Singh,Male,27.0,Vadodara,Gujarat,2024-12-28,Paid Search
CUST06147,Rekha Iyer,Female,28.0,Surat,Gujarat,2025-04-10,Direct
CUST06148,Radhika Rao,Female,19.0,Kanpur,Uttar Pradesh,2024-02-24,Organic Search
CUST06149,Anita Pandey,Female,18.0,Ahmedabad,Gujarat,2025-08-01,Direct
CUST06150,Shreya Nair,Female,29.0,Indore,Madhya Pradesh,2025-03-08,Referral
CUST06151,Anjali Gupta,Female,34.0,Pune,Maharashtra,2025-05-05,Organic Search
CUST06152,Varun Sharma,Male,22.0,Surat,Gujarat,2025-02-26,Paid Search
CUST06153,Harsh Joshi,Male,47.0,Pune,Maharashtra,2024-03-29,Organic Search
CUST06154,Aarav Kumar,Male,23.0,Mumbai,Maharashtra,2024-01-08,Organic Search
CUST06155,Aditya Saxena,Male,42.0,Kolkata,West Bengal,2024-06-02,Paid Search
CUST06156,Aditya Mishra,Male,37.0,Mumbai,Maharashtra,2023-05-24,Paid Search
CUST06157,Ananya Mukherjee,Female,55.0,Delhi,Delhi,2024-06-30,Paid Search
CUST06158,Anita Malhotra,Female,38.0,Kolkata,West Bengal,2023-03-08,Organic Search
CUST06159,Meera Patel,Female,19.0,Ahmedabad,Gujarat,2023-01-07,Organic Search
CUST06160,Rohan Sharma,Male,44.0,Mumbai,Maharashtra,2025-08-11,Organic Search
CUST06161,Komal Sharma,Female,50.0,Delhi,Delhi,2025-01-31,Organic Search
CUST06162,Rekha Joshi,Female,18.0,Chennai,Tamil Nadu,2024-10-12,Paid Search
CUST06163,Neha Patel,Female,39.0,Noida,Uttar Pradesh,2024-03-11,Organic Search
CUST06164,Anita Chopra,Female,42.0,Kolkata,West Bengal,2024-10-19,Referral
CUST06165,Gaurav Chopra,Male,31.0,Visakhapatnam,Andhra Pradesh,2025-07-12,Social Media
CUST06166,Deepak Tiwari,Male,18.0,Chennai,Tamil Nadu,2024-12-30,Direct
CUST06167,Neha Bansal,Female,30.0,Delhi,Delhi,2024-11-17,Organic Search
CUST06168,Anjali Das,Female,27.0,Mumbai,Maharashtra,2024-07-09,Organic Search
CUST06169,Shreya Nair,Female,48.0,Ahmedabad,Gujarat,2024-03-15,Organic Search
CUST06170,Swati Tiwari,Female,32.0,Chandigarh,Chandigarh,2025-02-07,Paid Search
CUST06171,Meera Patel,Female,29.0,Hyderabad,Telangana,2025-09-17,Direct
CUST06172,Meera Patel,Female,27.0,Ahmedabad,Gujarat,2024-06-04,Social Media
CUST06173,Kiran Desai,Female,36.0,Nagpur,Maharashtra,2024-05-02,Direct
CUST06174,Shreya Saxena,Female,34.0,Thane,Maharashtra,2024-06-07,Direct
CUST06175,Ishaan Gupta,Male,25.0,Jaipur,Rajasthan,2024-06-05,Paid Search
CUST06176,Suresh Saxena,Male,36.0,Hyderabad,Telangana,2025-09-24,Paid Search
CUST06177,Vivaan Iyer,Male,27.0,Gurugram,Haryana,2025-02-14,Organic Search
CUST06178,Vikram Kapoor,Male,18.0,Hyderabad,Telangana,2024-03-29,Email
CUST06179,Juhi Malhotra,Female,40.0,Bengaluru,Karnataka,2024-04-11,Social Media
CUST06180,Aditi Das,Female,39.0,Ludhiana,Punjab,2024-06-10,Organic Search
CUST06181,Krishna Mishra,Male,35.0,Gurugram,Haryana,2023-02-27,Direct
CUST06182,Rahul Rao,Male,29.0,Noida,Uttar Pradesh,2024-09-11,Email
CUST06183,Suresh Agarwal,Male,32.0,Pune,Maharashtra,2025-05-10,Direct
CUST06184,Swati Das,Female,41.0,Nashik,Maharashtra,2025-01-06,Organic Search
CUST06185,Swati Bansal,Female,27.0,Delhi,Delhi,2023-10-01,Email
CUST06186,Krishna Chauhan,Male,42.0,Coimbatore,Tamil Nadu,2025-03-04,Social Media
CUST06187,Vikram Iyer,Male,18.0,Bhopal,Madhya Pradesh,2025-02-25,Organic Search
CUST06188,Sneha Sharma,Female,35.0,Ahmedabad,Gujarat,2023-12-16,Organic Search
CUST06189,Shreya Bansal,Female,33.0,Bengaluru,Karnataka,2024-12-05,Organic Search
CUST06190,Radhika Singh,Female,43.0,Bhopal,Madhya Pradesh,2024-11-24,Organic Search
CUST06191,Simran Reddy,Female,24.0,Chennai,Tamil Nadu,2025-06-02,Social Media
CUST06192,Vihaan Joshi,Male,25.0,Kochi,Kerala,2023-07-15,Referral
CUST06193,Vivaan Patel,Male,19.0,Agra,Uttar Pradesh,2023-09-27,
CUST06194,Ishaan Chauhan,Male,27.0,Patna,Bihar,2024-08-02,Organic Search
CUST06195,Arjun Reddy,Male,36.0,Hyderabad,Telangana,2023-03-10,Social Media
CUST06196,Tarun Rao,Male,18.0,Indore,Madhya Pradesh,2024-05-26,Organic Search
CUST06197,Rohan Chopra,Male,29.0,Bhopal,Madhya Pradesh,2025-04-22,Organic Search
CUST06198,Vivaan Singh,Male,39.0,Chennai,Tamil Nadu,2023-08-01,Referral
CUST06199,Anjali Kapoor,Female,32.0,Mumbai,Maharashtra,2024-07-08,Direct
CUST06200,Aarav Sharma,Male,34.0,Thane,Maharashtra,2025-09-23,Direct
CUST06201,Diya Malhotra,Female,18.0,Bengaluru,Karnataka,2024-08-21,Paid Search
CUST06202,Ankit Iyer,Male,32.0,Delhi,Delhi,2024-08-14,Social Media
CUST06203,Vihaan Agarwal,Male,33.0,Mumbai,Maharashtra,2024-10-09,Paid Search
CUST06204,Ankit Verma,Male,31.0,Hyderabad,Telangana,2023-09-16,Social Media
CUST06205,Ankit Mishra,Male,35.0,Kolkata,West Bengal,2023-07-30,Organic Search
CUST06206,Suresh Nair,Male,30.0,Mumbai,Maharashtra,2025-01-21,Organic Search
CUST06207,Riya Iyer,Female,28.0,Pune,Maharashtra,2024-05-06,Direct
CUST06208,Sneha Patel,Female,23.0,Coimbatore,Tamil Nadu,2024-01-15,
CUST06209,Abhishek Singh,Male,43.0,Jaipur,Rajasthan,2023-02-19,Direct
CUST06210,Rohan Verma,Male,21.0,Pune,Maharashtra,2025-06-06,Organic Search
CUST06211,Nikhil Singh,Male,35.0,Bengaluru,Karnataka,2023-02-20,Referral
CUST06212,Payal Das,Female,51.0,Chennai,Tamil Nadu,2025-03-22,Direct
CUST06213,Sanjay Chopra,Male,44.0,Jaipur,Rajasthan,2024-04-22,Organic Search
CUST06214,Pranav Singh,Male,38.0,Nashik,Maharashtra,2024-11-14,Paid Search
CUST06215,Swati Singh,Female,35.0,Rajkot,Gujarat,2023-11-29,Referral
CUST06216,Ishita Gupta,Female,32.0,Chennai,Tamil Nadu,2023-08-09,Organic Search
CUST06217,Priya Banerjee,Female,24.0,Delhi,Delhi,2024-09-16,Organic Search
CUST06218,Krishna Shah,Male,30.0,Indore,Madhya Pradesh,2025-02-05,Organic Search
CUST06219,Abhishek Kumar,Male,39.0,Noida,Uttar Pradesh,2023-09-28,Organic Search
CUST06220,Aditya Menon,Male,37.0,Noida,Uttar Pradesh,2024-06-15,Organic Search
CUST06221,Swati Joshi,Female,41.0,Guwahati,Assam,2024-06-24,Organic Search
CUST06222,Nisha Patel,Female,45.0,Bengaluru,Karnataka,2023-10-23,Organic Search
CUST06223,Siddharth Bansal,Male,31.0,Ludhiana,Punjab,2024-10-15,Direct
CUST06224,Sneha Joshi,Female,,Mumbai,Maharashtra,2023-07-28,Organic Search
CUST06225,Vihaan Agarwal,Male,18.0,Mumbai,Maharashtra,2024-08-25,Organic Search
CUST06226,Tanvi Rao,Female,56.0,Kanpur,Uttar Pradesh,2023-06-15,Referral
CUST06227,Aditya Iyer,Male,29.0,Delhi,Delhi,2024-08-02,Email
CUST06228,Yash Saxena,Male,40.0,Ahmedabad,Gujarat,2024-02-08,Paid Search
CUST06229,Vikram Desai,Male,29.0,Mumbai,Maharashtra,2024-07-01,Paid Search
CUST06230,Nisha Kumar,Female,29.0,Mumbai,Maharashtra,2024-06-13,Paid Search
CUST06231,Reyansh Chopra,Male,31.0,Delhi,Delhi,2025-07-24,Direct
CUST06232,Manish Agarwal,Male,21.0,Pune,Maharashtra,2024-08-06,Referral
CUST06233,Anjali Tiwari,Female,18.0,Hyderabad,Telangana,2025-05-16,Organic Search
CUST06234,Ritu Das,Female,45.0,Pune,Maharashtra,2023-11-03,Paid Search
CUST06235,Preeti Joshi,Female,38.0,Lucknow,Uttar Pradesh,2024-03-22,Email
CUST06236,Priya Rao,Female,24.0,Mumbai,Maharashtra,2023-04-24,Referral
CUST06237,Kavya Das,Female,38.0,Ludhiana,Punjab,2024-05-31,Organic Search
CUST06238,Nisha Verma,Female,41.0,Mumbai,Maharashtra,2025-01-13,Direct
CUST06239,Manish Yadav,Male,26.0,Nashik,Maharashtra,2025-05-31,Referral
CUST06240,Varun Malhotra,Male,37.0,Kochi,Kerala,2024-10-15,Paid Search
CUST06241,Rohan Malhotra,Male,43.0,Coimbatore,Tamil Nadu,2024-12-20,Paid Search
CUST06242,Ishaan Malhotra,Male,19.0,Pune,Maharashtra,2023-09-06,Paid Search
CUST06243,Kunal Shah,Male,38.0,Visakhapatnam,Andhra Pradesh,2023-02-27,Referral
CUST06244,Varun Verma,Male,37.0,Delhi,Delhi,2025-04-25,Social Media
CUST06245,Rajesh Mukherjee,Male,52.0,Gurugram,Haryana,2023-08-24,Referral
CUST06246,Radhika Das,Female,39.0,Mumbai,Maharashtra,2023-05-16,Referral
CUST06247,Ananya Chauhan,Female,29.0,Pune,Maharashtra,2025-08-15,Social Media
CUST06248,Priya Malhotra,Female,30.0,Chennai,Tamil Nadu,2025-09-04,Organic Search
CUST06249,Ritu Rao,Female,53.0,Patna,Bihar,2024-11-29,Paid Search
CUST06250,Vivaan Mukherjee,Male,29.0,Thane,Maharashtra,2024-04-19,Organic Search
CUST06251,Siddharth Mukherjee,Male,39.0,Hyderabad,Telangana,2025-05-27,Organic Search
CUST06252,Pranav Chopra,Male,31.0,Delhi,Delhi,2023-10-09,Social Media
CUST06253,Riya Agarwal,Female,44.0,Patna,Bihar,2024-06-09,Paid Search
CUST06254,Rohan Desai,Male,44.0,Kochi,Kerala,2024-03-27,Organic Search
CUST06255,Priya Chauhan,Female,33.0,Mumbai,Maharashtra,2025-07-28,Social Media
CUST06256,Gaurav Rao,Male,29.0,Thane,Maharashtra,2025-08-02,Organic Search
CUST06257,Tarun Yadav,Male,29.0,Kolkata,West Bengal,2024-12-29,Direct
CUST06258,Kavya Verma,Female,18.0,Hyderabad,Telangana,2023-06-12,Social Media
CUST06259,Yash Chauhan,Male,34.0,Mumbai,Maharashtra,2024-07-30,Organic Search
CUST06260,Priya Rao,Female,34.0,Indore,Madhya Pradesh,2023-11-26,Referral
CUST06261,Swati Malhotra,Female,25.0,Delhi,Delhi,2025-07-06,Organic Search
CUST06262,Meera Chopra,Female,18.0,Ludhiana,Punjab,2023-07-18,Organic Search
CUST06263,Pooja Iyer,Female,35.0,Bengaluru,Karnataka,2023-03-25,Paid Search
CUST06264,Gaurav Shah,Male,36.0,Jaipur,Rajasthan,2025-02-12,Organic Search
CUST06265,Kunal Agarwal,Male,37.0,Bengaluru,Karnataka,2024-07-02,Referral
CUST06266,Kiran Rao,Female,23.0,Nagpur,Maharashtra,2025-05-31,Direct
CUST06267,Sanjay Rao,Male,37.0,Delhi,Delhi,2023-04-23,Email
CUST06268,Ishaan Kapoor,Male,31.0,Hyderabad,Telangana,2025-05-02,Paid Search
CUST06269,Reyansh Malhotra,Male,42.0,Kolkata,West Bengal,2023-02-27,Organic Search
CUST06270,Swati Sharma,Female,23.0,Jaipur,Rajasthan,2023-02-13,Paid Search
CUST06271,Reyansh Mukherjee,Male,45.0,Jaipur,Rajasthan,2024-07-10,Organic Search
CUST06272,Ananya Yadav,Female,48.0,Mumbai,Maharashtra,2023-10-29,Direct
CUST06273,Nikhil Menon,Male,34.0,Mumbai,Maharashtra,2024-11-09,Organic Search
CUST06274,Siddharth Nair,Male,37.0,Bengaluru,Karnataka,2023-02-10,Organic Search
CUST06275,Rajesh Desai,Male,41.0,Mumbai,Maharashtra,2023-02-25,Social Media
CUST06276,Vivaan Patel,Male,23.0,Bengaluru,Karnataka,2025-03-03,Social Media
CUST06277,Kunal Mishra,Male,28.0,Mumbai,Maharashtra,2023-10-16,Direct
CUST06278,Komal Shah,Female,35.0,Pune,Maharashtra,2025-01-03,Direct
CUST06279,Yash Malhotra,Male,53.0,Delhi,Delhi,2025-03-22,Paid Search
CUST06280,Krishna Malhotra,Male,21.0,Chennai,Tamil Nadu,2023-04-01,Direct
CUST06281,Harsh Chopra,Male,49.0,Visakhapatnam,Andhra Pradesh,2025-04-07,Direct
CUST06282,Abhishek Chauhan,Male,31.0,Visakhapatnam,Andhra Pradesh,2023-12-22,Referral
CUST06283,Simran Mukherjee,Female,33.0,Pune,Maharashtra,2024-04-30,Direct
CUST06284,Deepak Mishra,,45.0,Mumbai,Maharashtra,2023-05-10,Social Media
CUST06285,Divya Desai,Female,53.0,Pune,Maharashtra,2025-06-01,Organic Search
CUST06286,Aman Tiwari,Male,37.0,Bengaluru,Karnataka,2024-10-11,Referral
CUST06287,Naveen Gupta,Male,45.0,Pune,Maharashtra,2024-08-20,Organic Search
CUST06288,Aadhya Chauhan,Female,24.0,Chandigarh,Chandigarh,2025-09-07,Direct
CUST06289,Deepak Desai,Male,28.0,Jaipur,Rajasthan,2024-03-04,Paid Search
CUST06290,Aadhya Pandey,Female,19.0,Gurugram,Haryana,2025-07-11,Paid Search
CUST06291,Varun Nair,Male,28.0,Delhi,Delhi,2025-02-25,Referral
CUST06292,Naveen Kapoor,Male,39.0,Bengaluru,Karnataka,2025-08-09,Paid Search
CUST06293,Juhi Mukherjee,Female,35.0,Delhi,Delhi,2025-07-24,Organic Search
CUST06294,Siddharth Agarwal,Male,50.0,Mumbai,Maharashtra,2025-09-24,Email
CUST06295,Ishita Kapoor,Female,54.0,Mumbai,Maharashtra,2023-07-10,Organic Search
CUST06296,Radhika Pandey,Female,32.0,Gurugram,Haryana,2025-04-28,Referral
CUST06297,Karthik Menon,Male,26.0,Chennai,Tamil Nadu,2025-05-05,Direct
CUST06298,Krishna Joshi,Male,45.0,Gurugram,Haryana,2024-12-23,Paid Search
CUST06299,Nisha Chauhan,Female,46.0,Nashik,Maharashtra,2024-01-03,
CUST06300,Yash Das,Male,37.0,Thane,Maharashtra,2025-09-05,Organic Search
CUST06301,Neha Menon,Female,40.0,Chandigarh,Chandigarh,2023-10-09,Email
CUST06302,Rahul Banerjee,Male,38.0,Bengaluru,Karnataka,2024-08-15,Paid Search
CUST06303,Rohan Bansal,Male,23.0,Agra,Uttar Pradesh,2024-09-05,Organic Search
CUST06304,Suresh Tiwari,Male,21.0,Kanpur,Uttar Pradesh,2023-08-17,Referral
CUST06305,Diya Shah,Female,32.0,Jaipur,Rajasthan,2025-02-27,Paid Search
CUST06306,Ananya Mehta,Female,31.0,Surat,Gujarat,2023-05-13,Referral
CUST06307,Saanvi Patel,Female,36.0,Chandigarh,Chandigarh,2025-02-03,Paid Search
CUST06308,Vikram Patel,Male,32.0,Gurugram,Haryana,2025-06-08,Direct
CUST06309,Nikhil Verma,Male,18.0,Delhi,Delhi,2024-03-19,Social Media
CUST06310,Suresh Bansal,Male,18.0,Mumbai,Maharashtra,2025-02-16,Social Media
CUST06311,Kunal Nair,Male,40.0,Bengaluru,Karnataka,2023-08-11,Organic Search
CUST06312,Karthik Menon,Male,26.0,Vadodara,Gujarat,2025-06-06,Email
CUST06313,Juhi Chauhan,Female,31.0,Mumbai,Maharashtra,2025-08-26,Paid Search
CUST06314,Sanjay Mishra,Male,27.0,Lucknow,Uttar Pradesh,2023-08-06,Social Media
CUST06315,Rohan Das,Male,24.0,Ahmedabad,Gujarat,2025-02-02,Referral
CUST06316,Kavya Gupta,Female,24.0,Chandigarh,Chandigarh,2024-08-21,Social Media
CUST06317,Suresh Chatterjee,Male,43.0,Ghaziabad,Uttar Pradesh,2024-09-14,Paid Search
CUST06318,Anita Mishra,Female,31.0,Kolkata,West Bengal,2025-02-14,Referral
CUST06319,Gaurav Mishra,Male,39.0,Ahmedabad,Gujarat,2024-08-05,Social Media
CUST06320,Nikhil Rao,Male,41.0,Ghaziabad,Uttar Pradesh,2024-11-15,Email
CUST06321,Ishita Saxena,Female,36.0,Bengaluru,Karnataka,2023-11-09,Direct
CUST06322,Ritu Rao,Female,41.0,Pune,Maharashtra,2024-04-18,Organic Search
CUST06323,Simran Yadav,Female,33.0,Gurugram,Haryana,2025-06-21,Paid Search
CUST06324,Aarav Tiwari,Male,47.0,Jaipur,Rajasthan,2023-06-11,Organic Search
CUST06325,Arjun Singh,Male,41.0,Gurugram,Haryana,2024-11-13,Email
CUST06326,Meera Reddy,Female,43.0,Chennai,Tamil Nadu,2023-09-14,Paid Search
CUST06327,Rahul Das,Male,24.0,Surat,Gujarat,2025-06-07,Social Media
CUST06328,Divya Iyer,Female,36.0,Gurugram,Haryana,2024-10-27,Organic Search
CUST06329,Vikram Saxena,Male,18.0,Thane,Maharashtra,2024-05-13,Social Media
CUST06330,Suresh Menon,Male,47.0,Chandigarh,Chandigarh,2023-12-01,Organic Search
CUST06331,Suresh Chauhan,Male,27.0,Ghaziabad,Uttar Pradesh,2024-06-16,Paid Search
CUST06332,Diya Patel,Female,28.0,Mumbai,Maharashtra,2025-08-30,Paid Search
CUST06333,Tarun Saxena,Male,19.0,Bengaluru,Karnataka,2024-08-24,Social Media
CUST06334,Simran Chopra,Female,33.0,Thane,Maharashtra,2024-07-18,Paid Search
CUST06335,Pranav Sharma,Male,30.0,Coimbatore,Tamil Nadu,2025-03-19,Social Media
CUST06336,Sanjay Patel,Male,51.0,Vadodara,Gujarat,2024-04-19,Organic Search
CUST06337,Abhishek Singh,Male,42.0,Hyderabad,Telangana,2024-06-07,Social Media
CUST06338,Saanvi Joshi,Female,28.0,Surat,Gujarat,2024-03-06,Paid Search
CUST06339,Pooja Chauhan,Female,18.0,Lucknow,Uttar Pradesh,2023-08-03,Organic Search
CUST06340,Rohan Bansal,Male,18.0,Chennai,Tamil Nadu,2025-02-20,Referral
CUST06341,Rahul Joshi,Male,23.0,Jaipur,Rajasthan,2025-06-27,Direct
CUST06342,Tanvi Desai,Female,20.0,Kochi,Kerala,2025-07-22,Organic Search
CUST06343,Reyansh Tiwari,Male,36.0,Pune,Maharashtra,2025-07-03,Organic Search
CUST06344,Radhika Chatterjee,Female,32.0,Delhi,Delhi,2024-07-01,Email
CUST06345,Anjali Agarwal,Female,33.0,Kolkata,West Bengal,2024-01-09,Direct
CUST06346,Vikram Gupta,Male,24.0,Delhi,Delhi,2024-12-18,Paid Search
CUST06347,Pooja Gupta,Female,35.0,Nagpur,Maharashtra,2025-08-28,Email
CUST06348,Neha Patel,Female,19.0,Coimbatore,Tamil Nadu,2025-03-03,Organic Search
CUST06349,Tarun Tiwari,Male,32.0,Kanpur,Uttar Pradesh,2024-08-11,Organic Search
CUST06350,Aarav Agarwal,Male,41.0,Nashik,Maharashtra,2025-01-30,Organic Search
CUST06351,Kunal Mishra,Male,29.0,Indore,Madhya Pradesh,2025-04-09,Social Media
CUST06352,Juhi Nair,Female,,Chennai,Tamil Nadu,2025-08-02,Social Media
CUST06353,Shreya Patel,Female,18.0,Pune,Maharashtra,2025-04-02,Social Media
CUST06354,Yash Verma,Male,18.0,Pune,Maharashtra,2024-06-12,Organic Search
CUST06355,Sanjay Chatterjee,Male,36.0,Ahmedabad,Gujarat,2023-12-28,Organic Search
CUST06356,Aman Saxena,Male,43.0,Mumbai,Maharashtra,2024-08-16,
CUST06357,Gaurav Verma,Male,31.0,Nagpur,Maharashtra,2024-02-26,Paid Search
CUST06358,Yash Mishra,Male,54.0,Mumbai,Maharashtra,2025-08-19,Paid Search
CUST06359,Aman Reddy,,19.0,Delhi,Delhi,2024-08-23,Social Media
CUST06360,Ankit Verma,Male,26.0,Chennai,Tamil Nadu,2024-07-20,Paid Search
CUST06361,Nisha Patel,Female,34.0,Kochi,Kerala,2024-03-18,Referral
CUST06362,Riya Gupta,Female,38.0,Hyderabad,Telangana,2024-12-19,Email
CUST06363,Rajesh Malhotra,Male,27.0,Patna,Bihar,2024-09-03,Organic Search
CUST06364,Meera Tiwari,Female,22.0,Chennai,Tamil Nadu,2023-07-06,Direct
CUST06365,Aditya Saxena,Male,39.0,Bengaluru,Karnataka,2025-06-24,Paid Search
CUST06366,Kunal Gupta,Male,34.0,Mumbai,Maharashtra,2024-03-29,Paid Search
CUST06367,Divya Das,Female,30.0,Mumbai,Maharashtra,2024-06-12,Social Media
CUST06368,Rekha Chatterjee,Female,38.0,Chennai,Tamil Nadu,2023-10-10,Direct
CUST06369,Karthik Reddy,Male,32.0,Ahmedabad,Gujarat,2024-10-04,Organic Search
CUST06370,Nikhil Das,Male,32.0,Surat,Gujarat,2025-02-10,Organic Search
CUST06371,Anjali Mehta,Female,31.0,Mumbai,Maharashtra,2025-07-04,Referral
CUST06372,Sanjay Mehta,Male,25.0,Bengaluru,Karnataka,2023-03-21,Paid Search
CUST06373,Divya Tiwari,Female,24.0,Mumbai,Maharashtra,2025-09-11,Referral
CUST06374,Varun Agarwal,Male,28.0,Nashik,Maharashtra,2025-02-12,Paid Search
CUST06375,Vivaan Agarwal,Male,33.0,Ahmedabad,Gujarat,2024-01-09,Direct
CUST06376,Rekha Mukherjee,Female,18.0,Jaipur,Rajasthan,2023-10-09,Organic Search
CUST06377,Neha Menon,Female,42.0,Indore,Madhya Pradesh,2024-01-22,Direct
CUST06378,Aman Iyer,Male,33.0,Bengaluru,Karnataka,2025-06-29,Email
CUST06379,Preeti Kumar,Female,22.0,Delhi,Delhi,2024-01-17,Direct
CUST06380,Rekha Saxena,Female,49.0,Jaipur,Rajasthan,2024-07-11,Organic Search
CUST06381,Reyansh Malhotra,Male,33.0,Coimbatore,Tamil Nadu,2025-02-13,Paid Search
CUST06382,Vihaan Mukherjee,Male,20.0,Coimbatore,Tamil Nadu,2025-06-27,Organic Search
CUST06383,Karthik Desai,Male,49.0,Hyderabad,Telangana,2025-01-05,Referral
CUST06384,Payal Saxena,Female,47.0,Bengaluru,Karnataka,2025-03-24,Organic Search
CUST06385,Ishita Mehta,Female,24.0,Hyderabad,Telangana,2023-09-01,Paid Search
CUST06386,Ankit Pandey,Male,30.0,Bengaluru,Karnataka,2025-07-01,Organic Search
CUST06387,Anjali Singh,Female,28.0,Noida,Uttar Pradesh,2023-12-30,Social Media
CUST06388,Aditya Sharma,Male,18.0,Mumbai,Maharashtra,2023-07-05,Email
CUST06389,Ishita Mishra,Female,36.0,Delhi,Delhi,2025-09-13,Organic Search
CUST06390,Tanvi Gupta,Female,41.0,Mumbai,Maharashtra,2023-10-05,Social Media
CUST06391,Tarun Malhotra,Male,40.0,Agra,Uttar Pradesh,2023-07-16,Organic Search
CUST06392,Vikram Banerjee,Male,33.0,Kolkata,West Bengal,2024-12-08,
CUST06393,Ishaan Menon,Male,42.0,Bengaluru,Karnataka,2024-02-16,Referral
CUST06394,Tanvi Saxena,Female,22.0,Ahmedabad,Gujarat,2023-07-12,Organic Search
CUST06395,Rajesh Rao,Male,51.0,Delhi,Delhi,2024-11-16,Paid Search
CUST06396,Sneha Gupta,Female,25.0,Delhi,Delhi,2025-03-29,Social Media
CUST06397,Ishaan Mehta,Male,26.0,Gurugram,Haryana,2025-04-26,Referral
CUST06398,Tarun Tiwari,Male,27.0,Nagpur,Maharashtra,2023-08-09,Direct
CUST06399,Rekha Tiwari,Female,27.0,Lucknow,Uttar Pradesh,2024-10-07,
CUST06400,Nikhil Reddy,Male,31.0,Kolkata,West Bengal,2025-05-12,Paid Search
CUST06401,Kiran Das,Female,31.0,Kolkata,West Bengal,2023-08-16,Organic Search
CUST06402,Rohan Joshi,Male,34.0,Visakhapatnam,Andhra Pradesh,2023-10-13,Paid Search
CUST06403,Naveen Saxena,Male,25.0,Mumbai,Maharashtra,2023-01-04,Direct
CUST06404,Pranav Desai,Male,35.0,Lucknow,Uttar Pradesh,2024-09-08,Direct
CUST06405,Deepak Chauhan,Male,22.0,Pune,Maharashtra,2023-09-27,
CUST06406,Pooja Kumar,Female,40.0,Hyderabad,Telangana,2025-03-01,Organic Search
CUST06407,Aarav Banerjee,Male,40.0,Bengaluru,Karnataka,2025-09-03,Social Media
CUST06408,Arjun Agarwal,Male,33.0,Nashik,Maharashtra,2023-10-14,Paid Search
CUST06409,Krishna Verma,Male,27.0,Gurugram,Haryana,2024-12-27,Email
CUST06410,Anjali Menon,Female,36.0,Mumbai,Maharashtra,2023-10-18,Social Media
CUST06411,Sunita Tiwari,Female,24.0,Delhi,Delhi,2023-01-29,Social Media
CUST06412,Kiran Bansal,Female,33.0,Lucknow,Uttar Pradesh,2025-03-29,
CUST06413,Payal Kumar,Female,31.0,Visakhapatnam,Andhra Pradesh,2024-06-13,Social Media
CUST06414,Ishaan Banerjee,Male,59.0,Kolkata,West Bengal,2025-08-22,Social Media
CUST06415,Karthik Chatterjee,Male,21.0,Gurugram,Haryana,2024-09-16,Social Media
CUST06416,Krishna Singh,Male,18.0,Nashik,Maharashtra,2023-08-12,Social Media
CUST06417,Rahul Rao,Male,27.0,Delhi,Delhi,2024-06-29,Direct
CUST06418,Anita Patel,Female,18.0,Delhi,Delhi,2023-10-07,Organic Search
CUST06419,Rekha Saxena,Female,26.0,Mumbai,Maharashtra,2025-07-01,Organic Search
CUST06420,Manish Mukherjee,Male,20.0,Nashik,Maharashtra,2025-02-01,Organic Search
CUST06421,Ishita Kumar,Female,24.0,Pune,Maharashtra,2024-03-11,Social Media
CUST06422,Aarav Banerjee,Male,22.0,Gurugram,Haryana,2024-09-11,Organic Search
CUST06423,Shreya Gupta,Female,43.0,Indore,Madhya Pradesh,2025-01-14,Paid Search
CUST06424,Siddharth Chauhan,Male,33.0,Thane,Maharashtra,2025-04-17,Organic Search
CUST06425,Komal Kapoor,Female,44.0,Delhi,Delhi,2023-05-01,Direct
CUST06426,Varun Mukherjee,Male,33.0,Delhi,Delhi,2023-02-05,
CUST06427,Pooja Chopra,,42.0,Gurugram,Haryana,2023-06-17,Organic Search
CUST06428,Komal Rao,Female,30.0,Kolkata,West Bengal,2024-05-05,Paid Search
CUST06429,Siddharth Menon,Male,49.0,Guwahati,Assam,2024-07-15,Organic Search
CUST06430,Ankit Gupta,Male,38.0,Hyderabad,Telangana,2023-07-16,Referral
CUST06431,Payal Mehta,Female,25.0,Surat,Gujarat,2024-05-22,Referral
CUST06432,Meera Sharma,Female,39.0,Pune,Maharashtra,2024-06-21,Email
CUST06433,Preeti Singh,Female,33.0,Mumbai,Maharashtra,2023-06-10,Paid Search
CUST06434,Priya Kapoor,Female,31.0,Kolkata,West Bengal,2025-07-31,Direct
CUST06435,Sneha Shah,Female,34.0,Gurugram,Haryana,2024-11-14,Organic Search
CUST06436,Sunita Sharma,Female,41.0,Chennai,Tamil Nadu,2024-04-29,Social Media
CUST06437,Aman Patel,Male,18.0,Kolkata,West Bengal,2024-08-22,Paid Search
CUST06438,Sunita Rao,Female,29.0,Nagpur,Maharashtra,2024-02-11,Paid Search
CUST06439,Suresh Kumar,Male,40.0,Visakhapatnam,Andhra Pradesh,2025-06-13,Organic Search
CUST06440,Aditya Shah,Male,35.0,Ghaziabad,Uttar Pradesh,2024-10-23,Organic Search
CUST06441,Komal Saxena,Female,22.0,Chennai,Tamil Nadu,2024-08-11,Referral
CUST06442,Aditya Sharma,Male,18.0,Chennai,Tamil Nadu,2025-07-26,Social Media
CUST06443,Arjun Das,Male,50.0,Kolkata,West Bengal,2025-05-31,Direct
CUST06444,Aditi Bansal,Female,31.0,Noida,Uttar Pradesh,2025-05-11,
CUST06445,Priya Saxena,Female,48.0,Gurugram,Haryana,2023-11-03,Organic Search
CUST06446,Rohan Nair,Male,41.0,Surat,Gujarat,2023-08-06,Organic Search
CUST06447,Kunal Rao,Male,25.0,Bengaluru,Karnataka,2025-01-31,Social Media
CUST06448,Varun Menon,Male,18.0,Coimbatore,Tamil Nadu,2024-07-17,Organic Search
CUST06449,Yash Desai,Male,28.0,Delhi,Delhi,2025-01-26,Organic Search
CUST06450,Pranav Chatterjee,Male,33.0,Delhi,Delhi,2025-03-31,Paid Search
CUST06451,Rahul Rao,Male,38.0,Chennai,Tamil Nadu,2024-01-21,Email
CUST06452,Sunita Mishra,Female,22.0,Kanpur,Uttar Pradesh,2024-01-09,Social Media
CUST06453,Aadhya Menon,Female,35.0,Mumbai,Maharashtra,2024-08-07,Organic Search
CUST06454,Priya Patel,Female,35.0,Hyderabad,Telangana,2023-12-28,Direct
CUST06455,Swati Saxena,Female,43.0,Patna,Bihar,2025-01-12,Direct
CUST06456,Tanvi Das,Female,30.0,Lucknow,Uttar Pradesh,2025-03-19,Email
CUST06457,Ananya Chauhan,Female,,Mumbai,Maharashtra,2024-07-20,Organic Search
CUST06458,Ankit Rao,Male,36.0,Delhi,Delhi,2025-02-28,Email
CUST06459,Juhi Shah,Female,42.0,Indore,Madhya Pradesh,2024-08-25,Paid Search
CUST06460,Anita Patel,Female,25.0,Delhi,Delhi,2025-02-19,Organic Search
CUST06461,Sanjay Agarwal,Male,18.0,Mumbai,Maharashtra,2023-11-02,Social Media
CUST06462,Ankit Tiwari,Male,31.0,Guwahati,Assam,2025-03-13,Direct
CUST06463,Varun Tiwari,Male,31.0,Surat,Gujarat,2025-02-21,Paid Search
CUST06464,Naveen Chopra,Male,21.0,Chennai,Tamil Nadu,2023-12-20,Organic Search
CUST06465,Sneha Chopra,Female,18.0,Jaipur,Rajasthan,2024-10-06,Organic Search
CUST06466,Vivaan Mehta,Male,27.0,Kanpur,Uttar Pradesh,2025-06-14,Social Media
CUST06467,Gaurav Iyer,Male,32.0,Kolkata,West Bengal,2023-12-01,Email
CUST06468,Rohan Verma,Male,34.0,Lucknow,Uttar Pradesh,2025-03-10,Organic Search
CUST06469,Aditi Das,Female,18.0,Indore,Madhya Pradesh,2025-08-28,Organic Search
CUST06470,Manish Tiwari,Male,18.0,Delhi,Delhi,2025-06-22,Direct
CUST06471,Varun Kapoor,Male,44.0,Chennai,Tamil Nadu,2024-05-12,Direct
CUST06472,Divya Menon,Female,31.0,Hyderabad,Telangana,2024-11-21,Direct
CUST06473,Divya Rao,Female,33.0,Patna,Bihar,2025-09-24,Organic Search
CUST06474,Abhishek Banerjee,Male,20.0,Visakhapatnam,Andhra Pradesh,2024-10-18,Direct
CUST06475,Shreya Nair,Female,33.0,Vadodara,Gujarat,2023-06-17,Organic Search
CUST06476,Rahul Mishra,Male,29.0,Chennai,Tamil Nadu,2023-03-12,Paid Search
CUST06477,Ritu Chopra,Female,27.0,Jaipur,Rajasthan,2025-04-23,Paid Search
CUST06478,Nisha Mehta,Female,18.0,Indore,Madhya Pradesh,2024-06-03,Direct
CUST06479,Aadhya Chatterjee,Female,24.0,Hyderabad,Telangana,2023-11-28,Organic Search
CUST06480,Rajesh Sharma,Male,53.0,Kochi,Kerala,2024-03-17,Direct
CUST06481,Ananya Sharma,Female,30.0,Ahmedabad,Gujarat,2025-03-28,Direct
CUST06482,Aarav Chatterjee,Male,41.0,Pune,Maharashtra,2024-07-14,Direct
CUST06483,Sanjay Chatterjee,Male,31.0,Ghaziabad,Uttar Pradesh,2025-06-24,Paid Search
CUST06484,Ishita Sharma,Female,,Thane,Maharashtra,2025-03-10,Paid Search
CUST06485,Rekha Iyer,Female,27.0,Kolkata,West Bengal,2025-09-11,Organic Search
CUST06486,Vihaan Reddy,Male,46.0,Ahmedabad,Gujarat,2025-07-09,Paid Search
CUST06487,Priya Reddy,Female,37.0,Lucknow,Uttar Pradesh,2023-12-06,Organic Search
CUST06488,Arjun Nair,Male,25.0,Chennai,Tamil Nadu,2025-01-05,Social Media
CUST06489,Aadhya Joshi,Female,29.0,Jaipur,Rajasthan,2023-02-02,Referral
CUST06490,Siddharth Chopra,Male,44.0,Patna,Bihar,2025-09-24,Direct
CUST06491,Harsh Iyer,Male,18.0,Delhi,Delhi,2023-12-14,Paid Search
CUST06492,Juhi Saxena,Female,36.0,Nagpur,Maharashtra,2025-01-10,Paid Search
CUST06493,Manish Joshi,Male,38.0,Mumbai,Maharashtra,2025-06-09,Paid Search
CUST06494,Meera Malhotra,Female,26.0,Thane,Maharashtra,2023-08-16,Direct
CUST06495,Vihaan Chatterjee,,35.0,Bengaluru,Karnataka,2025-06-08,Organic Search
CUST06496,Shreya Tiwari,Female,38.0,Kolkata,West Bengal,2023-01-20,Organic Search
CUST06497,Yash Das,Male,21.0,Bengaluru,Karnataka,2024-06-21,Organic Search
CUST06498,Anita Agarwal,Female,41.0,Hyderabad,Telangana,2024-07-20,Email
CUST06499,Diya Mukherjee,Female,36.0,Surat,Gujarat,2024-04-14,Paid Search
CUST06500,Shreya Pandey,Female,31.0,Chennai,Tamil Nadu,2024-11-03,Direct
CUST06501,Ankit Agarwal,Male,34.0,Kolkata,West Bengal,2025-07-29,Direct
CUST06502,Ishita Yadav,Female,40.0,Guwahati,Assam,2024-02-25,Direct
CUST06503,Swati Verma,Female,56.0,Delhi,Delhi,2024-10-27,Paid Search
CUST06504,Rajesh Joshi,Male,39.0,Ahmedabad,Gujarat,2025-07-01,Direct
CUST06505,Aadhya Mukherjee,Female,41.0,Pune,Maharashtra,2025-04-10,Paid Search
CUST06506,Preeti Iyer,Female,35.0,Vadodara,Gujarat,2023-03-05,Paid Search
CUST06507,Priya Reddy,Female,52.0,Bengaluru,Karnataka,2025-08-19,Paid Search
CUST06508,Ankit Yadav,Male,18.0,Ahmedabad,Gujarat,2023-03-13,Social Media
CUST06509,Harsh Reddy,Male,18.0,Ghaziabad,Uttar Pradesh,2024-11-05,Organic Search
CUST06510,Meera Joshi,Female,35.0,Pune,Maharashtra,2024-10-24,Paid Search
CUST06511,Simran Banerjee,Female,40.0,Agra,Uttar Pradesh,2025-04-20,Direct
CUST06512,Rajesh Mukherjee,Male,18.0,Mumbai,Maharashtra,2023-07-31,Organic Search
CUST06513,Diya Tiwari,Female,33.0,Bengaluru,Karnataka,2023-09-08,Organic Search
CUST06514,Rohan Pandey,Male,31.0,Pune,Maharashtra,2025-03-24,Direct
CUST06515,Gaurav Joshi,Male,40.0,Delhi,Delhi,2023-08-02,Referral
CUST06516,Juhi Shah,Female,37.0,Kolkata,West Bengal,2024-07-18,Organic Search
CUST06517,Saanvi Patel,Female,18.0,Mumbai,Maharashtra,2025-03-07,Paid Search
CUST06518,Preeti Singh,Female,22.0,Kolkata,West Bengal,2024-12-29,Organic Search
CUST06519,Nisha Chatterjee,Female,25.0,Chandigarh,Chandigarh,2023-10-16,Organic Search
CUST06520,Aditya Patel,Male,40.0,Noida,Uttar Pradesh,2024-01-31,Organic Search
CUST06521,Kunal Chatterjee,Male,37.0,Hyderabad,Telangana,2025-09-08,Organic Search
CUST06522,Nikhil Nair,Male,27.0,Mumbai,Maharashtra,2024-06-28,Social Media
CUST06523,Kiran Sharma,Female,34.0,Chandigarh,Chandigarh,2023-03-10,Organic Search
CUST06524,Tarun Bansal,Male,22.0,Pune,Maharashtra,2023-10-27,Organic Search
CUST06525,Rekha Tiwari,Female,53.0,Jaipur,Rajasthan,2024-03-12,Organic Search
CUST06526,Abhishek Menon,Male,39.0,Vadodara,Gujarat,2025-09-30,Organic Search
CUST06527,Tarun Rao,Male,41.0,Ahmedabad,Gujarat,2024-01-29,Social Media
CUST06528,Yash Verma,Male,47.0,Chennai,Tamil Nadu,2023-02-11,Social Media
CUST06529,Sneha Sharma,Female,43.0,Ludhiana,Punjab,2024-08-28,Direct
CUST06530,Kunal Kapoor,Male,33.0,Kolkata,West Bengal,2023-05-06,
CUST06531,Diya Das,Female,31.0,Thane,Maharashtra,2023-12-29,Organic Search
CUST06532,Riya Bansal,Female,46.0,Chandigarh,Chandigarh,2025-09-25,Social Media
CUST06533,Reyansh Das,Male,33.0,Ahmedabad,Gujarat,2025-02-13,Organic Search
CUST06534,Swati Patel,Female,26.0,Coimbatore,Tamil Nadu,2023-03-19,Paid Search
CUST06535,Vivaan Chauhan,Male,53.0,Hyderabad,Telangana,2024-06-28,Social Media
CUST06536,Vihaan Pandey,Male,24.0,Gurugram,Haryana,2023-08-30,Paid Search
CUST06537,Ishaan Bansal,Male,18.0,Hyderabad,Telangana,2023-06-28,Paid Search
CUST06538,Rekha Tiwari,Female,43.0,Bengaluru,Karnataka,2024-11-03,Paid Search
CUST06539,Divya Pandey,Female,26.0,Indore,Madhya Pradesh,2024-08-21,Paid Search
CUST06540,Gaurav Banerjee,Male,37.0,Gurugram,Haryana,2025-03-16,Organic Search
CUST06541,Komal Chauhan,Female,51.0,Visakhapatnam,Andhra Pradesh,2025-07-12,Organic Search
CUST06542,Diya Chopra,Female,19.0,Thane,Maharashtra,2023-11-27,Social Media
CUST06543,Juhi Banerjee,Female,33.0,Noida,Uttar Pradesh,2025-08-04,Organic Search
CUST06544,Rekha Menon,Female,48.0,Pune,Maharashtra,2024-09-01,Organic Search
CUST06545,Juhi Malhotra,Female,40.0,Coimbatore,Tamil Nadu,2023-12-11,Paid Search
CUST06546,Ritu Gupta,Female,31.0,Mumbai,Maharashtra,2025-06-06,Paid Search
CUST06547,Arjun Malhotra,Male,57.0,Delhi,Delhi,2023-02-25,Organic Search
CUST06548,Ishita Menon,Female,32.0,Bengaluru,Karnataka,2024-10-09,Referral
CUST06549,Pranav Iyer,Male,37.0,Gurugram,Haryana,2025-02-27,Organic Search
CUST06550,Diya Banerjee,Female,49.0,Delhi,Delhi,2024-01-04,Referral
CUST06551,Aadhya Tiwari,Female,43.0,Ahmedabad,Gujarat,2025-06-20,Direct
CUST06552,Varun Saxena,Male,46.0,Mumbai,Maharashtra,2023-11-20,Organic Search
CUST06553,Manish Saxena,Male,24.0,Mumbai,Maharashtra,2025-06-02,Organic Search
CUST06554,Ritu Kapoor,Female,45.0,Jaipur,Rajasthan,2023-04-28,Organic Search
CUST06555,Anjali Yadav,Female,35.0,Mumbai,Maharashtra,2023-08-15,Referral
CUST06556,Tanvi Kumar,Female,26.0,Coimbatore,Tamil Nadu,2024-04-21,Direct
CUST06557,Ritu Mukherjee,Female,35.0,Rajkot,Gujarat,2025-06-13,Social Media
CUST06558,Rahul Rao,Male,35.0,Surat,Gujarat,2023-07-26,Direct
CUST06559,Krishna Patel,Male,52.0,Ahmedabad,Gujarat,2025-06-29,Email
CUST06560,Riya Chopra,Female,37.0,Coimbatore,Tamil Nadu,2023-11-08,Social Media
CUST06561,Rohan Sharma,Male,25.0,Kolkata,West Bengal,2024-07-01,Direct
CUST06562,Kavya Chauhan,Female,23.0,Delhi,Delhi,2024-03-23,Paid Search
CUST06563,Rahul Saxena,,33.0,Hyderabad,Telangana,2023-06-22,Paid Search
CUST06564,Karthik Rao,Male,20.0,Ahmedabad,Gujarat,2025-08-20,Social Media
CUST06565,Shreya Singh,Female,26.0,Jaipur,Rajasthan,2024-06-17,Email
CUST06566,Aadhya Bansal,Female,31.0,Ahmedabad,Gujarat,2025-02-01,Paid Search
CUST06567,Priya Yadav,Female,29.0,Ghaziabad,Uttar Pradesh,2024-10-24,Paid Search
CUST06568,Rohan Bansal,Male,40.0,Surat,Gujarat,2024-08-17,Organic Search
CUST06569,Riya Chopra,Female,26.0,Bengaluru,Karnataka,2024-11-29,Organic Search
CUST06570,Krishna Bansal,Male,18.0,Ahmedabad,Gujarat,2025-07-17,Paid Search
CUST06571,Neha Chauhan,Female,18.0,Indore,Madhya Pradesh,2025-02-08,Paid Search
CUST06572,Kiran Verma,Female,33.0,Bengaluru,Karnataka,2024-09-15,Organic Search
CUST06573,Ankit Saxena,Male,27.0,Mumbai,Maharashtra,2024-12-24,Organic Search
CUST06574,Riya Agarwal,Female,21.0,Indore,Madhya Pradesh,2024-11-20,Organic Search
CUST06575,Neha Das,Female,53.0,Ahmedabad,Gujarat,2024-06-12,Referral
CUST06576,Reyansh Iyer,Male,41.0,Delhi,Delhi,2024-12-06,Social Media
CUST06577,Simran Saxena,Female,,Kolkata,West Bengal,2024-06-23,Organic Search
CUST06578,Rohan Gupta,Male,35.0,Pune,Maharashtra,2025-03-28,Social Media
CUST06579,Simran Bansal,Female,30.0,Mumbai,Maharashtra,2025-09-08,Paid Search
CUST06580,Aman Kumar,Male,20.0,Patna,Bihar,2025-09-01,Social Media
CUST06581,Ishaan Das,Male,43.0,Kolkata,West Bengal,2025-05-18,Referral
CUST06582,Saanvi Chatterjee,Female,42.0,Mumbai,Maharashtra,2024-11-16,Paid Search
CUST06583,Karthik Singh,Male,18.0,Nashik,Maharashtra,2025-03-21,Organic Search
CUST06584,Diya Patel,Female,35.0,Jaipur,Rajasthan,2023-09-07,Email
CUST06585,Varun Nair,Male,36.0,Noida,Uttar Pradesh,2024-07-27,Organic Search
CUST06586,Karthik Rao,Male,30.0,Bengaluru,Karnataka,2023-12-10,Direct
CUST06587,Aarav Mehta,Male,54.0,Chennai,Tamil Nadu,2023-01-06,Direct
CUST06588,Kunal Banerjee,Male,53.0,Lucknow,Uttar Pradesh,2025-09-06,Paid Search
CUST06589,Ankit Joshi,Male,29.0,Chandigarh,Chandigarh,2025-06-20,Email
CUST06590,Aarav Chopra,Male,31.0,Patna,Bihar,2024-08-28,Direct
CUST06591,Gaurav Rao,Male,30.0,Lucknow,Uttar Pradesh,2023-12-06,Direct
CUST06592,Aditya Kapoor,Male,27.0,Patna,Bihar,2025-02-03,Organic Search
CUST06593,Nikhil Desai,Male,24.0,Mumbai,Maharashtra,2024-06-14,Organic Search
CUST06594,Nikhil Chopra,Male,38.0,Indore,Madhya Pradesh,2025-05-04,Paid Search
CUST06595,Harsh Tiwari,Male,53.0,Jaipur,Rajasthan,2025-09-30,Social Media
CUST06596,Tarun Mishra,Male,49.0,Bengaluru,Karnataka,2024-03-19,Paid Search
CUST06597,Tarun Chauhan,Male,41.0,Bengaluru,Karnataka,2023-11-25,Organic Search
CUST06598,Rahul Chopra,Male,18.0,Bengaluru,Karnataka,2023-12-21,Paid Search
CUST06599,Nikhil Reddy,Male,18.0,Delhi,Delhi,2023-05-19,Organic Search
CUST06600,Aarav Kumar,Male,44.0,Bengaluru,Karnataka,2024-05-04,Paid Search
CUST06601,Tanvi Malhotra,Female,49.0,Mumbai,Maharashtra,2023-01-28,Organic Search
CUST06602,Naveen Joshi,Male,39.0,Kanpur,Uttar Pradesh,2023-06-17,Paid Search
CUST06603,Arjun Joshi,Male,30.0,Kolkata,West Bengal,2023-12-26,Social Media
CUST06604,Aditi Chopra,Female,47.0,Delhi,Delhi,2023-08-15,Paid Search
CUST06605,Rohan Desai,Male,41.0,Nagpur,Maharashtra,2025-03-07,Organic Search
CUST06606,Deepak Shah,Male,44.0,Delhi,Delhi,2023-06-05,Paid Search
CUST06607,Shreya Mishra,Female,18.0,Kolkata,West Bengal,2025-06-22,Organic Search
CUST06608,Sunita Pandey,Female,36.0,Chandigarh,Chandigarh,2023-10-29,Organic Search
CUST06609,Swati Singh,Female,51.0,Bhopal,Madhya Pradesh,2023-06-09,Social Media
CUST06610,Sunita Joshi,Female,38.0,Jaipur,Rajasthan,2023-01-17,Social Media
CUST06611,Nisha Mishra,Female,42.0,Jaipur,Rajasthan,2025-02-21,Organic Search
CUST06612,Anjali Malhotra,Female,33.0,Mumbai,Maharashtra,2023-12-09,Direct
CUST06613,Yash Mukherjee,Male,34.0,Chennai,Tamil Nadu,2024-08-25,Email
CUST06614,Diya Mishra,Female,47.0,Hyderabad,Telangana,2023-06-13,Direct
CUST06615,Riya Bansal,,26.0,Kolkata,West Bengal,2025-09-20,Paid Search
CUST06616,Varun Kapoor,Male,25.0,Noida,Uttar Pradesh,2023-07-01,Paid Search
CUST06617,Harsh Menon,Male,28.0,Patna,Bihar,2024-05-22,Social Media
CUST06618,Saanvi Bansal,Female,33.0,Surat,Gujarat,2025-06-11,Social Media
CUST06619,Sunita Pandey,Female,18.0,Indore,Madhya Pradesh,2023-11-25,Social Media
CUST06620,Pooja Kumar,Female,40.0,Thane,Maharashtra,2023-12-21,Paid Search
CUST06621,Reyansh Malhotra,Male,31.0,Chennai,Tamil Nadu,2025-05-08,Organic Search
CUST06622,Ishita Malhotra,Female,42.0,Nashik,Maharashtra,2023-12-28,Referral
CUST06623,Ishaan Kumar,Male,18.0,Surat,Gujarat,2023-01-05,Paid Search
CUST06624,Sneha Chauhan,Female,42.0,Thane,Maharashtra,2024-06-07,
CUST06625,Vivaan Chauhan,Male,46.0,Mumbai,Maharashtra,2023-01-20,Paid Search
CUST06626,Pranav Kumar,Male,37.0,Pune,Maharashtra,2025-07-25,Paid Search
CUST06627,Aman Chopra,Male,33.0,Ahmedabad,Gujarat,2024-12-21,Social Media
CUST06628,Manish Mehta,Male,42.0,Mumbai,Maharashtra,2024-10-31,Social Media
CUST06629,Sanjay Shah,Male,46.0,Lucknow,Uttar Pradesh,2023-10-05,Organic Search
CUST06630,Ananya Singh,Female,38.0,Gurugram,Haryana,2025-02-09,Organic Search
CUST06631,Pranav Malhotra,Male,39.0,Thane,Maharashtra,2025-01-21,Organic Search
CUST06632,Preeti Mishra,Female,50.0,Mumbai,Maharashtra,2023-04-03,Social Media
CUST06633,Kavya Joshi,Female,41.0,Mumbai,Maharashtra,2025-07-03,Paid Search
CUST06634,Aman Mehta,Male,25.0,Hyderabad,Telangana,2024-10-27,Organic Search
CUST06635,Sneha Patel,Female,46.0,Bengaluru,Karnataka,2025-04-25,Organic Search
CUST06636,Sunita Patel,Female,32.0,Mumbai,Maharashtra,2023-12-16,Email
CUST06637,Saanvi Shah,Female,33.0,Mumbai,Maharashtra,2023-06-27,Organic Search
CUST06638,Rekha Das,Female,34.0,Hyderabad,Telangana,2025-02-11,Paid Search
CUST06639,Preeti Saxena,Female,43.0,Delhi,Delhi,2025-04-26,Paid Search
CUST06640,Riya Tiwari,Female,50.0,Delhi,Delhi,2024-04-26,Paid Search
CUST06641,Rohan Gupta,Male,33.0,Nashik,Maharashtra,2023-02-07,Organic Search
CUST06642,Kunal Shah,Male,50.0,Guwahati,Assam,2025-05-16,Social Media
CUST06643,Neha Malhotra,Female,35.0,Vadodara,Gujarat,2023-10-11,Organic Search
CUST06644,Kunal Malhotra,Male,47.0,Bengaluru,Karnataka,2024-03-08,Social Media
CUST06645,Aadhya Shah,Female,35.0,Delhi,Delhi,2024-12-09,Paid Search
CUST06646,Sanjay Tiwari,Male,28.0,Jaipur,Rajasthan,2023-05-28,Paid Search
CUST06647,Reyansh Joshi,Male,52.0,Patna,Bihar,2023-04-19,Paid Search
CUST06648,Tanvi Mukherjee,Female,27.0,Lucknow,Uttar Pradesh,2023-02-10,Direct
CUST06649,Ishaan Yadav,Male,26.0,Vadodara,Gujarat,2025-07-31,Paid Search
CUST06650,Reyansh Iyer,Male,20.0,Kolkata,West Bengal,2024-02-08,Organic Search
CUST06651,Kavya Chopra,Female,46.0,Kochi,Kerala,2025-01-06,Paid Search
CUST06652,Tanvi Mishra,Female,48.0,Patna,Bihar,2025-09-23,Paid Search
CUST06653,Ishita Tiwari,Female,37.0,Mumbai,Maharashtra,2025-01-14,Organic Search
CUST06654,Nikhil Verma,Male,23.0,Ahmedabad,Gujarat,2024-09-08,Direct
CUST06655,Saanvi Gupta,Female,33.0,Pune,Maharashtra,2024-09-04,Organic Search
CUST06656,Meera Chopra,Female,30.0,Bengaluru,Karnataka,2024-04-17,Direct
CUST06657,Meera Sharma,Female,23.0,Ahmedabad,Gujarat,2024-11-15,Paid Search
CUST06658,Karthik Kapoor,Male,28.0,Surat,Gujarat,2025-08-31,Social Media
CUST06659,Gaurav Yadav,Male,38.0,Pune,Maharashtra,2025-04-22,Social Media
CUST06660,Payal Gupta,Female,27.0,Nashik,Maharashtra,2024-06-04,Organic Search
CUST06661,Simran Sharma,Female,36.0,Bengaluru,Karnataka,2024-03-01,Paid Search
CUST06662,Vivaan Mukherjee,,18.0,Chandigarh,Chandigarh,2025-07-05,Organic Search
CUST06663,Tanvi Saxena,Female,50.0,Hyderabad,Telangana,2023-07-15,Organic Search
CUST06664,Payal Das,Female,29.0,Chandigarh,Chandigarh,2025-06-09,Social Media
CUST06665,Varun Saxena,Male,42.0,Bengaluru,Karnataka,2023-12-07,Organic Search
CUST06666,Tarun Chopra,Male,35.0,Kolkata,West Bengal,2025-02-22,Social Media
CUST06667,Reyansh Rao,Male,37.0,Gurugram,Haryana,2025-05-06,Paid Search
CUST06668,Sneha Mehta,Female,22.0,Bengaluru,Karnataka,2024-07-25,Direct
CUST06669,Radhika Desai,Female,25.0,Ludhiana,Punjab,2023-09-24,Direct
CUST06670,Divya Rao,Female,26.0,Kolkata,West Bengal,2025-06-05,
CUST06671,Preeti Mehta,Female,33.0,Chennai,Tamil Nadu,2024-04-07,Referral
CUST06672,Simran Iyer,Female,46.0,Lucknow,Uttar Pradesh,2024-02-18,Organic Search
CUST06673,Vivaan Mukherjee,Male,37.0,Delhi,Delhi,2024-08-25,Paid Search
CUST06674,Saanvi Mishra,Female,24.0,Lucknow,Uttar Pradesh,2024-06-14,Referral
CUST06675,Riya Tiwari,Female,34.0,Delhi,Delhi,2025-01-25,Organic Search
CUST06676,Rajesh Chopra,Male,32.0,Indore,Madhya Pradesh,2023-07-17,Social Media
CUST06677,Saanvi Mehta,Female,29.0,Surat,Gujarat,2024-06-15,Organic Search
CUST06678,Aarav Chatterjee,Male,33.0,Delhi,Delhi,2025-07-12,Referral
CUST06679,Neha Gupta,Female,41.0,Mumbai,Maharashtra,2023-02-26,Paid Search
CUST06680,Pooja Joshi,Female,26.0,Jaipur,Rajasthan,2024-07-06,Organic Search
CUST06681,Sunita Kapoor,Female,30.0,Delhi,Delhi,2025-01-06,Organic Search
CUST06682,Preeti Iyer,Female,43.0,Surat,Gujarat,2025-07-09,Social Media
CUST06683,Naveen Shah,Male,38.0,Guwahati,Assam,2024-11-09,Social Media
CUST06684,Sanjay Saxena,Male,46.0,Delhi,Delhi,2025-05-21,Social Media
CUST06685,Ananya Verma,Female,47.0,Kolkata,West Bengal,2023-10-30,Paid Search
CUST06686,Vikram Chopra,Male,19.0,Gurugram,Haryana,2024-03-23,Paid Search
CUST06687,Arjun Malhotra,Male,36.0,Gurugram,Haryana,2025-08-19,Social Media
CUST06688,Diya Das,Female,28.0,Mumbai,Maharashtra,2025-07-07,Organic Search
CUST06689,Krishna Patel,Male,21.0,Vadodara,Gujarat,2024-10-08,Organic Search
CUST06690,Tarun Chauhan,Male,25.0,Bengaluru,Karnataka,2024-07-23,Organic Search
CUST06691,Aman Desai,Male,30.0,Thane,Maharashtra,2024-06-30,Email
CUST06692,Tarun Malhotra,Male,30.0,Hyderabad,Telangana,2023-03-31,Paid Search
CUST06693,Simran Chopra,Female,27.0,Bengaluru,Karnataka,2025-07-12,Organic Search
CUST06694,Sanjay Singh,Male,,Kolkata,West Bengal,2025-05-16,Direct
CUST06695,Aarav Chatterjee,Male,57.0,Delhi,Delhi,2024-07-05,Paid Search
CUST06696,Anita Bansal,Female,18.0,Chennai,Tamil Nadu,2024-01-04,Organic Search
CUST06697,Aarav Iyer,Male,44.0,Ahmedabad,Gujarat,2024-03-12,Paid Search
CUST06698,Sneha Chopra,Female,33.0,Noida,Uttar Pradesh,2023-06-28,Direct
CUST06699,Vikram Iyer,Male,29.0,Pune,Maharashtra,2025-02-27,Referral
CUST06700,Ankit Yadav,Male,18.0,Nagpur,Maharashtra,2024-10-07,Social Media
CUST06701,Rekha Chauhan,Female,41.0,Delhi,Delhi,2023-11-13,Email
CUST06702,Sunita Chauhan,Female,19.0,Guwahati,Assam,2024-12-05,
CUST06703,Simran Kapoor,Female,41.0,Kolkata,West Bengal,2025-09-15,Referral
CUST06704,Gaurav Mukherjee,Male,50.0,Mumbai,Maharashtra,2023-06-27,Referral
CUST06705,Suresh Chauhan,Male,20.0,Surat,Gujarat,2024-07-07,Organic Search
CUST06706,Ankit Iyer,Male,45.0,Hyderabad,Telangana,2024-08-10,Paid Search
CUST06707,Diya Tiwari,Female,33.0,Bengaluru,Karnataka,2023-08-24,Organic Search
CUST06708,Ishaan Yadav,Male,18.0,Hyderabad,Telangana,2024-09-14,Social Media
CUST06709,Ishita Reddy,Female,21.0,Chennai,Tamil Nadu,2024-11-20,Organic Search
CUST06710,Ananya Iyer,Female,35.0,Bengaluru,Karnataka,2023-08-12,Paid Search
CUST06711,Aditya Pandey,Male,37.0,Visakhapatnam,Andhra Pradesh,2023-08-08,Direct
CUST06712,Siddharth Mehta,Male,18.0,Delhi,Delhi,2025-06-14,Paid Search
CUST06713,Karthik Gupta,Male,33.0,Delhi,Delhi,2024-02-08,Organic Search
CUST06714,Riya Gupta,Female,41.0,Delhi,Delhi,2024-12-11,Organic Search
CUST06715,Ananya Chauhan,Female,43.0,Chennai,Tamil Nadu,2024-12-08,Direct
CUST06716,Swati Iyer,Female,29.0,Delhi,Delhi,2025-06-01,Social Media
CUST06717,Ishaan Shah,Male,37.0,Mumbai,Maharashtra,2025-03-14,Social Media
CUST06718,Rahul Reddy,Male,44.0,Bengaluru,Karnataka,2025-06-02,Paid Search
CUST06719,Kunal Joshi,Male,42.0,Kochi,Kerala,2024-12-07,Paid Search
CUST06720,Aditya Menon,Male,42.0,Mumbai,Maharashtra,2024-06-28,
CUST06721,Aadhya Kumar,Female,34.0,Mumbai,Maharashtra,2024-05-04,Email
CUST06722,Nisha Banerjee,Female,32.0,Jaipur,Rajasthan,2024-04-19,Paid Search
CUST06723,Kavya Kapoor,Female,36.0,Kolkata,West Bengal,2024-05-29,Organic Search
CUST06724,Meera Iyer,Female,25.0,Mumbai,Maharashtra,2023-07-06,Paid Search
CUST06725,Aarav Desai,Male,44.0,Coimbatore,Tamil Nadu,2024-06-03,Social Media
CUST06726,Neha Chopra,Female,18.0,Kanpur,Uttar Pradesh,2024-04-30,Organic Search
CUST06727,Pooja Kapoor,Female,28.0,Kolkata,West Bengal,2023-02-23,Paid Search
CUST06728,Deepak Kumar,Male,33.0,Pune,Maharashtra,2023-12-30,Paid Search
CUST06729,Aditya Chatterjee,Male,38.0,Patna,Bihar,2025-03-23,Direct
CUST06730,Neha Mishra,Female,40.0,Mumbai,Maharashtra,2024-10-26,Paid Search
CUST06731,Saanvi Kumar,Female,48.0,Gurugram,Haryana,2025-05-06,Social Media
CUST06732,Gaurav Pandey,Male,34.0,Delhi,Delhi,2024-09-24,Paid Search
CUST06733,Divya Chatterjee,Female,26.0,Chennai,Tamil Nadu,2025-06-13,Referral
CUST06734,Aditi Desai,Female,32.0,Bengaluru,Karnataka,2025-04-28,
CUST06735,Juhi Rao,Female,30.0,Lucknow,Uttar Pradesh,2023-05-26,Organic Search
CUST06736,Reyansh Chopra,Male,38.0,Ludhiana,Punjab,2025-09-14,Organic Search
CUST06737,Ishaan Patel,Male,22.0,Surat,Gujarat,2023-01-24,Social Media
CUST06738,Rekha Agarwal,Female,31.0,Bengaluru,Karnataka,2024-11-12,Social Media
CUST06739,Pranav Kumar,Male,49.0,Visakhapatnam,Andhra Pradesh,2025-04-25,Social Media
CUST06740,Naveen Patel,Male,35.0,Gurugram,Haryana,2024-03-01,Paid Search
CUST06741,Swati Sharma,Female,22.0,Delhi,Delhi,2024-11-13,Email
CUST06742,Sanjay Chauhan,Male,30.0,Bengaluru,Karnataka,2024-04-02,Social Media
CUST06743,Reyansh Chauhan,Male,18.0,Pune,Maharashtra,2023-04-03,Paid Search
CUST06744,Ishita Iyer,Female,32.0,Thane,Maharashtra,2023-01-14,Organic Search
CUST06745,Reyansh Sharma,Male,49.0,Delhi,Delhi,2023-05-21,Direct
CUST06746,Neha Mishra,Female,21.0,Mumbai,Maharashtra,2023-05-26,Paid Search
CUST06747,Naveen Patel,Male,18.0,Pune,Maharashtra,2024-11-24,Organic Search
CUST06748,Vikram Kumar,Male,26.0,Patna,Bihar,2024-09-09,Direct
CUST06749,Pranav Shah,Male,42.0,Hyderabad,Telangana,2024-07-04,Social Media
CUST06750,Naveen Mehta,Male,50.0,Jaipur,Rajasthan,2025-02-02,Social Media
CUST06751,Arjun Mishra,Male,37.0,Vadodara,Gujarat,2023-01-27,Email
CUST06752,Aadhya Desai,Female,20.0,Mumbai,Maharashtra,2023-12-25,Organic Search
CUST06753,Rekha Nair,Female,33.0,Hyderabad,Telangana,2025-04-13,Social Media
CUST06754,Ankit Agarwal,Male,51.0,Hyderabad,Telangana,2025-07-26,Organic Search
CUST06755,Deepak Bansal,Male,30.0,Indore,Madhya Pradesh,2024-06-17,Referral
CUST06756,Neha Mehta,Female,34.0,Lucknow,Uttar Pradesh,2023-05-03,Organic Search
CUST06757,Gaurav Patel,Male,35.0,Ghaziabad,Uttar Pradesh,2025-04-30,Organic Search
CUST06758,Vihaan Kumar,Male,18.0,Pune,Maharashtra,2025-07-07,Organic Search
CUST06759,Aarav Nair,Male,43.0,Bengaluru,Karnataka,2024-05-24,Paid Search
CUST06760,Rohan Sharma,Male,42.0,Chennai,Tamil Nadu,2023-11-24,Organic Search
CUST06761,Swati Chatterjee,Female,18.0,Ahmedabad,Gujarat,2023-03-09,Social Media
CUST06762,Karthik Shah,Male,20.0,Lucknow,Uttar Pradesh,2024-11-07,Social Media
CUST06763,Shreya Bansal,Female,23.0,Noida,Uttar Pradesh,2025-07-25,Organic Search
CUST06764,Aarav Rao,Male,40.0,Chennai,Tamil Nadu,2025-01-21,Direct
CUST06765,Siddharth Kapoor,Male,25.0,Lucknow,Uttar Pradesh,2024-02-14,Referral
CUST06766,Preeti Malhotra,Female,37.0,Delhi,Delhi,2024-12-22,Organic Search
CUST06767,Deepak Bansal,Male,31.0,Jaipur,Rajasthan,2025-05-27,Organic Search
CUST06768,Nisha Banerjee,Female,34.0,Indore,Madhya Pradesh,2024-07-24,Social Media
CUST06769,Swati Iyer,Female,38.0,Bhopal,Madhya Pradesh,2025-05-17,Organic Search
CUST06770,Juhi Mehta,Female,36.0,Noida,Uttar Pradesh,2024-05-02,Paid Search
CUST06771,Rajesh Sharma,Male,33.0,Kochi,Kerala,2024-03-18,Social Media
CUST06772,Ankit Kumar,Male,36.0,Kolkata,West Bengal,2024-10-31,Social Media
CUST06773,Nikhil Shah,Male,35.0,Agra,Uttar Pradesh,2024-07-13,Social Media
CUST06774,Diya Kapoor,Female,31.0,Thane,Maharashtra,2025-09-14,Referral
CUST06775,Swati Bansal,Female,29.0,Pune,Maharashtra,2024-08-31,Social Media
CUST06776,Varun Chatterjee,Male,52.0,Mumbai,Maharashtra,2024-04-25,Organic Search
CUST06777,Pranav Yadav,Male,29.0,Kochi,Kerala,2024-05-05,Organic Search
CUST06778,Vivaan Iyer,Male,47.0,Noida,Uttar Pradesh,2024-09-29,Social Media
CUST06779,Suresh Kapoor,Male,26.0,Kolkata,West Bengal,2024-03-25,Social Media
CUST06780,Yash Das,Male,41.0,Hyderabad,Telangana,2025-02-28,Email
CUST06781,Divya Kumar,Female,51.0,Delhi,Delhi,2024-04-21,
CUST06782,Tanvi Chatterjee,Female,,Mumbai,Maharashtra,2024-04-24,Social Media
CUST06783,Kunal Saxena,Male,26.0,Vadodara,Gujarat,2024-11-30,Direct
CUST06784,Suresh Kumar,Male,29.0,Chennai,Tamil Nadu,2023-04-03,Paid Search
CUST06785,Sanjay Menon,Male,33.0,Pune,Maharashtra,2025-01-02,Organic Search
CUST06786,Deepak Rao,Male,36.0,Hyderabad,Telangana,2024-08-20,Direct
CUST06787,Aadhya Agarwal,Female,33.0,Surat,Gujarat,2024-07-02,Direct
CUST06788,Pranav Verma,Male,29.0,Bhopal,Madhya Pradesh,2025-02-25,Organic Search
CUST06789,Riya Chatterjee,Female,53.0,Coimbatore,Tamil Nadu,2025-03-29,Paid Search
CUST06790,Simran Mehta,Female,31.0,Kolkata,West Bengal,2025-06-07,Social Media
CUST06791,Nikhil Reddy,Male,27.0,Hyderabad,Telangana,2024-04-15,Organic Search
CUST06792,Sneha Menon,Female,41.0,Mumbai,Maharashtra,2024-02-25,Organic Search
CUST06793,Anjali Reddy,Female,41.0,Agra,Uttar Pradesh,2025-02-21,Organic Search
CUST06794,Aadhya Joshi,Female,47.0,Agra,Uttar Pradesh,2024-10-30,Social Media
CUST06795,Harsh Reddy,Male,52.0,Hyderabad,Telangana,2024-12-13,Organic Search
CUST06796,Pooja Mishra,Female,36.0,Delhi,Delhi,2024-10-06,Organic Search
CUST06797,Karthik Chatterjee,Male,30.0,Kanpur,Uttar Pradesh,2025-04-09,Organic Search
CUST06798,Aman Kumar,Male,,Bhopal,Madhya Pradesh,2023-09-21,Social Media
CUST06799,Anjali Reddy,Female,24.0,Indore,Madhya Pradesh,2024-10-06,Referral
CUST06800,Karthik Bansal,Male,35.0,Mumbai,Maharashtra,2023-08-13,Social Media
CUST06801,Naveen Singh,Male,21.0,Kochi,Kerala,2024-05-18,Organic Search
CUST06802,Reyansh Iyer,Male,18.0,Pune,Maharashtra,2025-01-09,Direct
CUST06803,Vikram Tiwari,Male,34.0,Jaipur,Rajasthan,2024-08-09,Direct
CUST06804,Kunal Sharma,Male,41.0,Mumbai,Maharashtra,2024-04-20,Organic Search
CUST06805,Ankit Saxena,Male,31.0,Mumbai,Maharashtra,2025-07-07,Direct
CUST06806,Kavya Nair,Female,42.0,Delhi,Delhi,2025-04-09,Paid Search
CUST06807,Priya Shah,Female,39.0,Ahmedabad,Gujarat,2024-09-09,Organic Search
CUST06808,Rahul Yadav,Male,44.0,Gurugram,Haryana,2025-08-25,Social Media
CUST06809,Ishita Banerjee,Female,55.0,Indore,Madhya Pradesh,2024-06-04,Paid Search
CUST06810,Aditi Singh,Female,59.0,Guwahati,Assam,2025-04-22,Referral
CUST06811,Ritu Malhotra,Female,,Kanpur,Uttar Pradesh,2023-08-25,Paid Search
CUST06812,Riya Bansal,Female,28.0,Mumbai,Maharashtra,2024-01-11,Email
CUST06813,Riya Chatterjee,Female,34.0,Nagpur,Maharashtra,2024-03-07,Email
CUST06814,Naveen Chopra,Male,49.0,Lucknow,Uttar Pradesh,2023-06-05,Organic Search
CUST06815,Shreya Singh,Female,24.0,Rajkot,Gujarat,2024-08-17,Social Media
CUST06816,Ishita Sharma,Female,47.0,Pune,Maharashtra,2023-09-24,Paid Search
CUST06817,Diya Shah,Female,31.0,Bengaluru,Karnataka,2024-12-15,Organic Search
CUST06818,Sanjay Saxena,Male,35.0,Thane,Maharashtra,2023-09-21,Paid Search
CUST06819,Komal Patel,Female,25.0,Bhopal,Madhya Pradesh,2023-06-29,Referral
CUST06820,Komal Mishra,Female,20.0,Kolkata,West Bengal,2025-09-08,Social Media
CUST06821,Nikhil Reddy,Male,30.0,Mumbai,Maharashtra,2025-01-04,Social Media
CUST06822,Sneha Banerjee,Female,46.0,Chennai,Tamil Nadu,2025-08-15,Organic Search
CUST06823,Priya Chopra,Female,26.0,Ludhiana,Punjab,2024-08-06,Social Media
CUST06824,Nisha Patel,Female,49.0,Hyderabad,Telangana,2023-02-22,Email
CUST06825,Vivaan Patel,Male,27.0,Thane,Maharashtra,2024-10-23,Direct
CUST06826,Anjali Mehta,Female,22.0,Bengaluru,Karnataka,2024-10-08,Email
CUST06827,Sunita Banerjee,Female,36.0,Hyderabad,Telangana,2023-01-24,Organic Search
CUST06828,Rahul Nair,Male,40.0,Hyderabad,Telangana,2025-06-18,Direct
CUST06829,Simran Gupta,Female,35.0,Delhi,Delhi,2024-12-02,Email
CUST06830,Aman Reddy,Male,35.0,Hyderabad,Telangana,2025-03-18,Organic Search
CUST06831,Ritu Yadav,Female,49.0,Indore,Madhya Pradesh,2024-08-10,Social Media
CUST06832,Komal Mukherjee,Female,34.0,Ahmedabad,Gujarat,2024-12-01,Organic Search
CUST06833,Aditi Tiwari,Female,28.0,Hyderabad,Telangana,2023-12-10,Social Media
CUST06834,Aditi Reddy,Female,22.0,Nagpur,Maharashtra,2025-09-11,Organic Search
CUST06835,Aman Mehta,Male,46.0,Kolkata,West Bengal,2024-05-11,Social Media
CUST06836,Nisha Menon,Female,29.0,Chennai,Tamil Nadu,2023-08-18,Organic Search
CUST06837,Rajesh Gupta,Male,30.0,Patna,Bihar,2023-03-27,Referral
CUST06838,Arjun Rao,Male,44.0,Ahmedabad,Gujarat,2024-12-16,Organic Search
CUST06839,Tarun Nair,Male,54.0,Pune,Maharashtra,2025-09-18,
CUST06840,Neha Desai,Female,36.0,Mumbai,Maharashtra,2025-07-15,Organic Search
CUST06841,Tanvi Kumar,Female,32.0,Hyderabad,Telangana,2025-02-10,Paid Search
CUST06842,Rahul Pandey,Male,33.0,Bengaluru,Karnataka,2025-09-24,Social Media
CUST06843,Abhishek Pandey,Male,28.0,Rajkot,Gujarat,2025-02-28,Paid Search
CUST06844,Aman Mukherjee,Male,29.0,Mumbai,Maharashtra,2024-03-09,Paid Search
CUST06845,Naveen Menon,Male,29.0,Nagpur,Maharashtra,2024-11-16,Referral
CUST06846,Naveen Malhotra,Male,42.0,Bhopal,Madhya Pradesh,2023-04-30,Social Media
CUST06847,Kavya Shah,Female,32.0,Hyderabad,Telangana,2023-10-29,Paid Search
CUST06848,Anita Das,Female,47.0,Bengaluru,Karnataka,2024-05-28,Paid Search
CUST06849,Juhi Reddy,Female,32.0,Delhi,Delhi,2023-10-06,Direct
CUST06850,Ankit Mishra,Male,29.0,Bengaluru,Karnataka,2025-08-27,Organic Search
CUST06851,Ankit Banerjee,Male,46.0,Chandigarh,Chandigarh,2025-09-27,Organic Search
CUST06852,Abhishek Mukherjee,Male,33.0,Mumbai,Maharashtra,2024-04-11,Paid Search
CUST06853,Divya Agarwal,Female,32.0,Chennai,Tamil Nadu,2025-02-16,Social Media
CUST06854,Aadhya Bansal,Female,33.0,Bengaluru,Karnataka,2024-05-18,Organic Search
CUST06855,Priya Mehta,Female,48.0,Nagpur,Maharashtra,2023-07-20,Referral
CUST06856,Vihaan Desai,Male,36.0,Hyderabad,Telangana,2024-03-06,Organic Search
CUST06857,Saanvi Chauhan,Female,45.0,Hyderabad,Telangana,2023-11-12,Social Media
CUST06858,Diya Menon,Female,31.0,Mumbai,Maharashtra,2024-02-26,Organic Search
CUST06859,Siddharth Singh,Male,44.0,Chandigarh,Chandigarh,2023-10-21,Referral
CUST06860,Aditi Pandey,Female,35.0,Kolkata,West Bengal,2023-06-14,Paid Search
CUST06861,Radhika Pandey,Female,42.0,Mumbai,Maharashtra,2023-10-24,Organic Search
CUST06862,Vihaan Kumar,Male,43.0,Bhopal,Madhya Pradesh,2025-07-22,Organic Search
CUST06863,Radhika Shah,Female,24.0,Visakhapatnam,Andhra Pradesh,2023-05-08,Organic Search
CUST06864,Nisha Mehta,Female,34.0,Chennai,Tamil Nadu,2024-02-22,Paid Search
CUST06865,Payal Chauhan,Female,43.0,Kochi,Kerala,2024-09-11,Organic Search
CUST06866,Vihaan Tiwari,Male,44.0,Bengaluru,Karnataka,2024-03-25,Social Media
CUST06867,Aman Iyer,Male,46.0,Ludhiana,Punjab,2024-09-01,Paid Search
CUST06868,Tanvi Tiwari,Female,34.0,Ludhiana,Punjab,2023-03-09,Paid Search
CUST06869,Rajesh Sharma,Male,48.0,Kolkata,West Bengal,2024-12-27,Organic Search
CUST06870,Aman Iyer,Male,26.0,Pune,Maharashtra,2024-10-13,Paid Search
CUST06871,Pranav Singh,Male,18.0,Delhi,Delhi,2025-01-24,Direct
CUST06872,Naveen Saxena,Male,30.0,Delhi,Delhi,2024-10-16,Paid Search
CUST06873,Riya Patel,Female,45.0,Chennai,Tamil Nadu,2024-06-17,Email
CUST06874,Tanvi Tiwari,Female,22.0,Chandigarh,Chandigarh,2024-03-20,Organic Search
CUST06875,Siddharth Bansal,Male,18.0,Bengaluru,Karnataka,2023-11-04,Organic Search
CUST06876,Tanvi Pandey,Female,18.0,Kolkata,West Bengal,2024-08-16,Direct
CUST06877,Karthik Mukherjee,Male,40.0,Mumbai,Maharashtra,2023-02-10,Social Media
CUST06878,Aditya Mukherjee,Male,19.0,Hyderabad,Telangana,2024-02-26,Social Media
CUST06879,Vivaan Kumar,Male,38.0,Ahmedabad,Gujarat,2025-01-21,Paid Search
CUST06880,Rahul Singh,Male,30.0,Noida,Uttar Pradesh,2023-06-09,Email
CUST06881,Rohan Kapoor,Male,25.0,Delhi,Delhi,2023-04-06,Direct
CUST06882,Radhika Reddy,Female,23.0,Mumbai,Maharashtra,2024-12-30,Organic Search
CUST06883,Rajesh Banerjee,Male,35.0,Mumbai,Maharashtra,2024-05-08,Organic Search
CUST06884,Nisha Singh,Female,25.0,Pune,Maharashtra,2025-05-03,Referral
CUST06885,Ankit Joshi,Male,33.0,Kolkata,West Bengal,2025-08-15,Organic Search
CUST06886,Anita Gupta,Female,37.0,Delhi,Delhi,2025-08-30,Paid Search
CUST06887,Radhika Patel,Female,39.0,Bengaluru,Karnataka,2024-06-05,Organic Search
CUST06888,Aarav Kumar,Male,42.0,Hyderabad,Telangana,2023-12-18,Paid Search
CUST06889,Swati Kumar,Female,35.0,Mumbai,Maharashtra,2024-11-22,Paid Search
CUST06890,Radhika Desai,Female,22.0,Vadodara,Gujarat,2024-12-09,Organic Search
CUST06891,Karthik Verma,Male,38.0,Visakhapatnam,Andhra Pradesh,2024-12-04,Organic Search
CUST06892,Ishita Malhotra,Female,40.0,Hyderabad,Telangana,2024-02-19,Paid Search
CUST06893,Shreya Malhotra,Female,31.0,Jaipur,Rajasthan,2023-04-07,Paid Search
CUST06894,Rahul Patel,Male,30.0,Hyderabad,Telangana,2023-10-15,Social Media
CUST06895,Juhi Banerjee,Female,58.0,Mumbai,Maharashtra,2023-08-08,Social Media
CUST06896,Pranav Patel,Male,20.0,Jaipur,Rajasthan,2023-06-29,Organic Search
CUST06897,Rekha Reddy,Female,38.0,Indore,Madhya Pradesh,2025-08-07,Paid Search
CUST06898,Neha Bansal,Female,43.0,Hyderabad,Telangana,2023-01-22,Referral
CUST06899,Ananya Mukherjee,Female,30.0,Bengaluru,Karnataka,2024-11-16,Social Media
CUST06900,Shreya Tiwari,Female,31.0,Bengaluru,Karnataka,2025-08-23,Referral
CUST06901,Diya Tiwari,Female,29.0,Hyderabad,Telangana,2024-03-30,Direct
CUST06902,Tarun Shah,Male,33.0,Chennai,Tamil Nadu,2024-09-10,Organic Search
CUST06903,Deepak Yadav,Male,42.0,Bhopal,Madhya Pradesh,2025-02-05,Organic Search
CUST06904,Tanvi Nair,Female,31.0,Delhi,Delhi,2024-02-14,Organic Search
CUST06905,Rohan Iyer,Male,64.0,Indore,Madhya Pradesh,2024-07-25,Organic Search
CUST06906,Neha Joshi,Female,28.0,Noida,Uttar Pradesh,2025-05-15,Social Media
CUST06907,Pranav Mukherjee,Male,47.0,Delhi,Delhi,2025-03-18,Organic Search
CUST06908,Kunal Tiwari,Male,38.0,Kolkata,West Bengal,2025-05-08,Direct
CUST06909,Tarun Mishra,Male,34.0,Ahmedabad,Gujarat,2025-09-21,Social Media
CUST06910,Sneha Chatterjee,Female,48.0,Jaipur,Rajasthan,2024-04-10,Direct
CUST06911,Ishaan Yadav,Male,18.0,Rajkot,Gujarat,2025-03-20,Social Media
CUST06912,Deepak Mishra,Male,37.0,Rajkot,Gujarat,2024-11-17,Organic Search
CUST06913,Juhi Chopra,Female,26.0,Chennai,Tamil Nadu,2025-01-11,Organic Search
CUST06914,Tanvi Malhotra,Female,29.0,Bhopal,Madhya Pradesh,2025-03-14,Email
CUST06915,Aadhya Das,Female,28.0,Kolkata,West Bengal,2025-03-22,Organic Search
CUST06916,Ankit Malhotra,Male,23.0,Visakhapatnam,Andhra Pradesh,2025-07-07,Referral
CUST06917,Siddharth Kumar,Male,18.0,Rajkot,Gujarat,2024-03-19,Organic Search
CUST06918,Meera Shah,,37.0,Indore,Madhya Pradesh,2024-12-31,Social Media
CUST06919,Harsh Iyer,Male,32.0,Mumbai,Maharashtra,2024-01-05,Paid Search
CUST06920,Tarun Tiwari,Male,30.0,Bengaluru,Karnataka,2024-11-10,Social Media
CUST06921,Preeti Reddy,Female,41.0,Patna,Bihar,2025-03-23,Email
CUST06922,Aman Singh,Male,38.0,Mumbai,Maharashtra,2025-04-24,Organic Search
CUST06923,Ishita Chatterjee,Female,30.0,Kolkata,West Bengal,2024-05-30,
CUST06924,Karthik Nair,Male,64.0,Surat,Gujarat,2024-08-24,Social Media
CUST06925,Ankit Saxena,Male,43.0,Ghaziabad,Uttar Pradesh,2024-03-03,Paid Search
CUST06926,Aarav Iyer,Male,57.0,Vadodara,Gujarat,2023-08-26,Direct
CUST06927,Priya Das,Female,29.0,Mumbai,Maharashtra,2023-12-13,Referral
CUST06928,Kavya Tiwari,Female,35.0,Kanpur,Uttar Pradesh,2025-07-27,Organic Search
CUST06929,Rekha Pandey,Female,21.0,Patna,Bihar,2024-02-05,Organic Search
CUST06930,Rajesh Mishra,Male,30.0,Delhi,Delhi,2025-09-12,Direct
CUST06931,Sneha Bansal,Female,27.0,Kolkata,West Bengal,2023-11-21,Social Media
CUST06932,Anjali Nair,Female,63.0,Lucknow,Uttar Pradesh,2025-02-28,Paid Search
CUST06933,Divya Bansal,,26.0,Hyderabad,Telangana,2024-10-22,Organic Search
CUST06934,Ritu Joshi,Female,31.0,Ahmedabad,Gujarat,2025-02-06,Social Media
CUST06935,Priya Nair,Female,18.0,Mumbai,Maharashtra,2024-12-23,Organic Search
CUST06936,Sunita Mukherjee,Female,38.0,Visakhapatnam,Andhra Pradesh,2025-02-14,Organic Search
CUST06937,Manish Chauhan,Male,24.0,Bengaluru,Karnataka,2025-07-22,Paid Search
CUST06938,Ananya Verma,Female,42.0,Chennai,Tamil Nadu,2024-10-13,Organic Search
CUST06939,Krishna Pandey,Male,18.0,Kolkata,West Bengal,2023-04-13,Social Media
CUST06940,Kavya Chopra,Female,32.0,Mumbai,Maharashtra,2023-12-25,Social Media
CUST06941,Abhishek Rao,Male,18.0,Chennai,Tamil Nadu,2025-02-15,Social Media
CUST06942,Yash Menon,Male,28.0,Delhi,Delhi,2024-08-10,Organic Search
CUST06943,Gaurav Menon,Male,30.0,Bengaluru,Karnataka,2024-09-30,Organic Search
CUST06944,Neha Menon,Female,27.0,Hyderabad,Telangana,2024-11-12,Email
CUST06945,Arjun Sharma,Male,28.0,Kolkata,West Bengal,2024-04-23,Social Media
CUST06946,Pooja Patel,Female,43.0,Chennai,Tamil Nadu,2025-04-10,Organic Search
CUST06947,Divya Chatterjee,Female,55.0,Mumbai,Maharashtra,2025-02-28,Social Media
CUST06948,Nikhil Gupta,Male,36.0,Hyderabad,Telangana,2025-02-21,
CUST06949,Simran Kumar,Female,24.0,Mumbai,Maharashtra,2025-02-21,Organic Search
CUST06950,Riya Mishra,Female,34.0,Bengaluru,Karnataka,2025-07-11,Email
CUST06951,Komal Das,Female,29.0,Mumbai,Maharashtra,2024-11-11,Paid Search
CUST06952,Ishaan Mishra,Male,42.0,Delhi,Delhi,2025-09-06,Paid Search
CUST06953,Tanvi Kapoor,Female,36.0,Kolkata,West Bengal,2023-06-23,Referral
CUST06954,Ishaan Nair,Male,18.0,Gurugram,Haryana,2024-12-13,Organic Search
CUST06955,Ananya Yadav,Female,44.0,Delhi,Delhi,2025-02-23,Social Media
CUST06956,Radhika Joshi,Female,43.0,Thane,Maharashtra,2024-07-25,Organic Search
CUST06957,Vikram Mukherjee,Male,48.0,Mumbai,Maharashtra,2024-01-13,Direct
CUST06958,Rohan Gupta,Male,28.0,Hyderabad,Telangana,2024-10-01,Organic Search
CUST06959,Pooja Shah,Female,36.0,Ahmedabad,Gujarat,2024-04-04,Direct
CUST06960,Harsh Verma,Male,21.0,Delhi,Delhi,2025-07-25,Paid Search
CUST06961,Yash Gupta,Male,32.0,Lucknow,Uttar Pradesh,2024-03-27,Referral
CUST06962,Sanjay Pandey,Male,37.0,Delhi,Delhi,2023-09-04,Email
CUST06963,Neha Bansal,Female,27.0,Vadodara,Gujarat,2024-10-25,Organic Search
CUST06964,Aditya Shah,Male,36.0,Jaipur,Rajasthan,2024-05-06,Social Media
CUST06965,Pranav Mehta,Male,35.0,Thane,Maharashtra,2023-05-23,Organic Search
CUST06966,Nisha Banerjee,Female,29.0,Delhi,Delhi,2024-10-14,Organic Search
CUST06967,Kavya Rao,Female,47.0,Hyderabad,Telangana,2024-09-20,Organic Search
CUST06968,Anita Das,Female,31.0,Indore,Madhya Pradesh,2023-09-01,Social Media
CUST06969,Preeti Shah,Female,34.0,Chennai,Tamil Nadu,2024-11-13,Organic Search
CUST06970,Gaurav Menon,Male,18.0,Surat,Gujarat,2024-10-17,Social Media
CUST06971,Reyansh Mishra,Male,38.0,Chennai,Tamil Nadu,2025-04-10,Email
CUST06972,Rohan Chatterjee,Male,,Kanpur,Uttar Pradesh,2024-04-01,Organic Search
CUST06973,Rajesh Pandey,Male,43.0,Lucknow,Uttar Pradesh,2023-11-30,Organic Search
CUST06974,Arjun Mukherjee,Male,20.0,Hyderabad,Telangana,2025-08-26,Social Media
CUST06975,Diya Menon,Female,37.0,Rajkot,Gujarat,2024-10-11,Organic Search
CUST06976,Tarun Mukherjee,Male,18.0,Thane,Maharashtra,2023-02-12,Organic Search
CUST06977,Tarun Agarwal,Male,39.0,Mumbai,Maharashtra,2025-05-18,Organic Search
CUST06978,Neha Saxena,Female,31.0,Mumbai,Maharashtra,2023-09-29,Organic Search
CUST06979,Ankit Sharma,Male,37.0,Indore,Madhya Pradesh,2025-04-20,Social Media
CUST06980,Ritu Mukherjee,Female,27.0,Surat,Gujarat,2025-02-13,Organic Search
CUST06981,Tarun Malhotra,Male,24.0,Gurugram,Haryana,2025-09-08,Direct
CUST06982,Saanvi Menon,Female,29.0,Kanpur,Uttar Pradesh,2025-09-05,Email
CUST06983,Harsh Joshi,Male,35.0,Delhi,Delhi,2023-12-29,Direct
CUST06984,Vivaan Verma,Male,39.0,Mumbai,Maharashtra,2025-04-04,Social Media
CUST06985,Neha Reddy,Female,36.0,Pune,Maharashtra,2024-02-14,Organic Search
CUST06986,Vikram Iyer,Male,24.0,Kolkata,West Bengal,2024-12-10,Organic Search
CUST06987,Rohan Menon,Male,51.0,Gurugram,Haryana,2024-11-13,Organic Search
CUST06988,Reyansh Malhotra,Male,36.0,Indore,Madhya Pradesh,2023-03-25,Social Media
CUST06989,Vivaan Mishra,,27.0,Coimbatore,Tamil Nadu,2023-01-09,Social Media
CUST06990,Varun Verma,Male,37.0,Bhopal,Madhya Pradesh,2023-03-30,Organic Search
CUST06991,Nisha Chatterjee,Female,36.0,Lucknow,Uttar Pradesh,2023-07-05,Social Media
CUST06992,Anita Iyer,Female,31.0,Pune,Maharashtra,2023-12-10,Organic Search
CUST06993,Neha Tiwari,Female,30.0,Jaipur,Rajasthan,2025-07-23,Social Media
CUST06994,Kavya Chopra,Female,43.0,Kolkata,West Bengal,2024-09-02,Organic Search
CUST06995,Sanjay Tiwari,Male,50.0,Ludhiana,Punjab,2025-04-29,Organic Search
CUST06996,Shreya Mukherjee,Female,18.0,Bengaluru,Karnataka,2025-05-31,Paid Search
CUST06997,Naveen Desai,Male,45.0,Chandigarh,Chandigarh,2025-03-10,Direct
CUST06998,Manish Chauhan,Male,33.0,Pune,Maharashtra,2024-05-02,Social Media
CUST06999,Komal Verma,Female,35.0,Chennai,Tamil Nadu,2025-06-20,Paid Search
CUST07000,Riya Mishra,Female,47.0,Bengaluru,Karnataka,2025-03-15,Paid Search
CUST07001,Pranav Banerjee,Male,18.0,Bengaluru,Karnataka,2025-03-16,Paid Search
CUST07002,Anjali Tiwari,Female,41.0,Jaipur,Rajasthan,2025-07-19,Organic Search
CUST07003,Diya Sharma,Female,46.0,Delhi,Delhi,2024-11-14,Social Media
CUST07004,Rajesh Gupta,Male,26.0,Mumbai,Maharashtra,2024-09-11,Organic Search
CUST07005,Kavya Gupta,Female,19.0,Bengaluru,Karnataka,2025-07-10,Paid Search
CUST07006,Aditi Verma,Female,49.0,Hyderabad,Telangana,2024-07-03,Organic Search
CUST07007,Aditi Kumar,Female,18.0,Gurugram,Haryana,2025-05-10,Email
CUST07008,Juhi Rao,Female,37.0,Jaipur,Rajasthan,2023-03-24,Organic Search
CUST07009,Siddharth Kumar,Male,43.0,Ahmedabad,Gujarat,2023-01-03,Organic Search
CUST07010,Neha Kumar,Female,37.0,Kochi,Kerala,2024-09-11,Paid Search
CUST07011,Krishna Chatterjee,Male,39.0,Ahmedabad,Gujarat,2023-04-21,Email
CUST07012,Shreya Desai,Female,30.0,Noida,Uttar Pradesh,2025-09-13,Direct
CUST07013,Aditi Verma,Female,38.0,Gurugram,Haryana,2023-01-09,Organic Search
CUST07014,Neha Joshi,Female,26.0,Nagpur,Maharashtra,2025-02-24,Organic Search
CUST07015,Gaurav Joshi,Male,27.0,Pune,Maharashtra,2023-11-24,Social Media
CUST07016,Rohan Rao,Male,33.0,Ghaziabad,Uttar Pradesh,2025-09-07,Organic Search
CUST07017,Simran Patel,Female,18.0,Hyderabad,Telangana,2024-04-22,Organic Search
CUST07018,Aditya Desai,Male,39.0,Ahmedabad,Gujarat,2023-02-12,Organic Search
CUST07019,Nikhil Bansal,Male,18.0,Delhi,Delhi,2023-02-12,Organic Search
CUST07020,Rajesh Reddy,Male,37.0,Bengaluru,Karnataka,2024-10-04,Social Media
CUST07021,Shreya Mukherjee,Female,38.0,Delhi,Delhi,2025-09-21,Paid Search
CUST07022,Vihaan Gupta,Male,25.0,Ludhiana,Punjab,2025-09-16,Organic Search
CUST07023,Tanvi Bansal,Female,21.0,Mumbai,Maharashtra,2024-03-06,Organic Search
CUST07024,Kunal Kapoor,Male,29.0,Chennai,Tamil Nadu,2024-07-30,Organic Search
CUST07025,Komal Menon,Female,,Ahmedabad,Gujarat,2023-05-29,Referral
CUST07026,Arjun Desai,Male,36.0,Ahmedabad,Gujarat,2024-09-05,Paid Search
CUST07027,Vivaan Tiwari,Male,22.0,Ludhiana,Punjab,2024-11-14,Referral
CUST07028,Deepak Das,Male,34.0,Ghaziabad,Uttar Pradesh,2023-12-02,Direct
CUST07029,Ankit Menon,Male,36.0,Lucknow,Uttar Pradesh,2024-11-25,Paid Search
CUST07030,Nisha Chatterjee,Female,35.0,Nagpur,Maharashtra,2025-07-18,Direct
CUST07031,Riya Patel,Female,23.0,Vadodara,Gujarat,2023-01-02,Organic Search
CUST07032,Aadhya Mishra,Female,35.0,Ahmedabad,Gujarat,2023-11-07,Organic Search
CUST07033,Sneha Das,Female,42.0,Chennai,Tamil Nadu,2023-10-15,Social Media
CUST07034,Kavya Iyer,Female,38.0,Bengaluru,Karnataka,2023-06-29,Organic Search
CUST07035,Shreya Tiwari,Female,37.0,Bengaluru,Karnataka,2023-08-23,Social Media
CUST07036,Juhi Das,Female,49.0,Gurugram,Haryana,2024-12-07,Direct
CUST07037,Karthik Kumar,Male,35.0,Bhopal,Madhya Pradesh,2023-06-01,Direct
CUST07038,Abhishek Malhotra,Male,25.0,Chennai,Tamil Nadu,2025-03-13,Paid Search
CUST07039,Sneha Saxena,Female,25.0,Mumbai,Maharashtra,2025-07-08,Social Media
CUST07040,Swati Yadav,Female,35.0,Thane,Maharashtra,2025-08-07,Social Media
CUST07041,Priya Iyer,Female,19.0,Noida,Uttar Pradesh,2025-01-06,Paid Search
CUST07042,Siddharth Yadav,Male,30.0,Gurugram,Haryana,2023-09-30,Paid Search
CUST07043,Komal Banerjee,Female,38.0,Indore,Madhya Pradesh,2023-05-08,Social Media
CUST07044,Deepak Menon,Male,45.0,Lucknow,Uttar Pradesh,2023-11-10,Paid Search
CUST07045,Rahul Das,Male,18.0,Delhi,Delhi,2025-09-03,Email
CUST07046,Aditi Gupta,Female,34.0,Mumbai,Maharashtra,2025-09-03,Organic Search
CUST07047,Neha Mehta,Female,32.0,Bengaluru,Karnataka,2024-04-22,
CUST07048,Nikhil Joshi,Male,33.0,Pune,Maharashtra,2024-02-23,Paid Search
CUST07049,Pranav Singh,Male,34.0,Chandigarh,Chandigarh,2024-08-25,Organic Search
CUST07050,Simran Menon,Female,33.0,Nashik,Maharashtra,2024-01-17,Referral
CUST07051,Vivaan Yadav,Male,47.0,Hyderabad,Telangana,2025-09-16,Social Media
CUST07052,Aarav Pandey,Male,45.0,Ahmedabad,Gujarat,2023-10-29,Social Media
CUST07053,Neha Patel,Female,54.0,Hyderabad,Telangana,2024-04-09,Organic Search
CUST07054,Pooja Tiwari,Female,33.0,Pune,Maharashtra,2024-06-09,Organic Search
CUST07055,Kunal Banerjee,Male,29.0,Vadodara,Gujarat,2023-07-01,Referral
CUST07056,Sneha Kumar,Female,23.0,Patna,Bihar,2024-04-23,Paid Search
CUST07057,Kiran Agarwal,Female,28.0,Rajkot,Gujarat,2025-06-15,Organic Search
CUST07058,Vihaan Gupta,Male,40.0,Kolkata,West Bengal,2023-07-21,Paid Search
CUST07059,Harsh Chopra,Male,42.0,Lucknow,Uttar Pradesh,2024-11-01,Paid Search
CUST07060,Siddharth Malhotra,Male,40.0,Noida,Uttar Pradesh,2024-05-17,Direct
CUST07061,Sanjay Kapoor,Male,26.0,Kanpur,Uttar Pradesh,2023-08-28,Organic Search
CUST07062,Kavya Yadav,Female,26.0,Delhi,Delhi,2023-01-20,Paid Search
CUST07063,Harsh Yadav,Male,53.0,Hyderabad,Telangana,2023-12-28,Organic Search
CUST07064,Kavya Chatterjee,Female,25.0,Mumbai,Maharashtra,2023-04-05,Organic Search
CUST07065,Rohan Mukherjee,Male,47.0,Delhi,Delhi,2024-04-17,Social Media
CUST07066,Divya Menon,Female,37.0,Kolkata,West Bengal,2025-05-09,Organic Search
CUST07067,Aditi Desai,Female,26.0,Thane,Maharashtra,2025-02-25,Organic Search
CUST07068,Radhika Mukherjee,Female,21.0,Delhi,Delhi,2025-08-23,Paid Search
CUST07069,Payal Reddy,Female,26.0,Hyderabad,Telangana,2024-06-06,Paid Search
CUST07070,Gaurav Menon,Male,37.0,Hyderabad,Telangana,2025-02-15,Direct
CUST07071,Varun Das,Male,24.0,Ludhiana,Punjab,2025-01-10,Social Media
CUST07072,Pooja Yadav,Female,49.0,Delhi,Delhi,2023-10-24,Organic Search
CUST07073,Ritu Kumar,Female,31.0,Mumbai,Maharashtra,2024-01-30,Organic Search
CUST07074,Anjali Das,Female,40.0,Surat,Gujarat,2024-09-12,Social Media
CUST07075,Naveen Tiwari,Male,39.0,Pune,Maharashtra,2025-04-29,Organic Search
CUST07076,Ishaan Menon,Male,49.0,Mumbai,Maharashtra,2024-07-10,Organic Search
CUST07077,Arjun Gupta,Male,29.0,Bhopal,Madhya Pradesh,2023-11-05,Direct
CUST07078,Sneha Chauhan,Female,34.0,Chennai,Tamil Nadu,2025-09-26,Social Media
CUST07079,Siddharth Shah,Male,19.0,Pune,Maharashtra,2023-06-18,Organic Search
CUST07080,Ishaan Malhotra,Male,34.0,Kanpur,Uttar Pradesh,2025-08-29,Organic Search
CUST07081,Sunita Chatterjee,Female,44.0,Mumbai,Maharashtra,2025-05-08,Email
CUST07082,Aman Tiwari,Male,35.0,Delhi,Delhi,2025-06-01,Social Media
CUST07083,Aadhya Bansal,Female,56.0,Chennai,Tamil Nadu,2025-04-27,Organic Search
CUST07084,Tarun Yadav,Male,38.0,Delhi,Delhi,2023-10-13,Paid Search
CUST07085,Sunita Desai,Female,28.0,Delhi,Delhi,2024-12-13,Direct
CUST07086,Yash Kumar,Male,38.0,Hyderabad,Telangana,2025-03-27,Organic Search
CUST07087,Preeti Patel,Female,18.0,Chennai,Tamil Nadu,2025-03-18,Social Media
CUST07088,Aadhya Verma,Female,25.0,Ludhiana,Punjab,2023-12-26,Referral
CUST07089,Vihaan Desai,Male,21.0,Jaipur,Rajasthan,2023-09-10,Paid Search
CUST07090,Aditya Malhotra,Male,33.0,Gurugram,Haryana,2024-02-26,Direct
CUST07091,Ishita Shah,Female,32.0,Chennai,Tamil Nadu,2024-07-28,Organic Search
CUST07092,Sneha Chauhan,Female,45.0,Kolkata,West Bengal,2024-10-22,Social Media
CUST07093,Arjun Nair,Male,32.0,Hyderabad,Telangana,2025-05-30,Paid Search
CUST07094,Saanvi Shah,Female,23.0,Mumbai,Maharashtra,2025-04-06,Paid Search
CUST07095,Vikram Agarwal,Male,49.0,Delhi,Delhi,2025-01-20,Social Media
CUST07096,Sanjay Desai,Male,18.0,Mumbai,Maharashtra,2023-12-17,Social Media
CUST07097,Aman Patel,Male,33.0,Nagpur,Maharashtra,2024-07-27,Paid Search
CUST07098,Rajesh Yadav,Male,35.0,Hyderabad,Telangana,2024-03-05,Paid Search
CUST07099,Deepak Singh,Male,33.0,Mumbai,Maharashtra,2023-11-14,Paid Search
CUST07100,Tarun Patel,Male,38.0,Bhopal,Madhya Pradesh,2023-01-17,Direct
CUST07101,Vikram Bansal,Male,34.0,Bengaluru,Karnataka,2024-03-09,Email
CUST07102,Tarun Das,Male,38.0,Coimbatore,Tamil Nadu,2023-12-08,Paid Search
CUST07103,Aditi Menon,Female,27.0,Ghaziabad,Uttar Pradesh,2024-10-21,Paid Search
CUST07104,Ishita Kumar,Female,18.0,Hyderabad,Telangana,2023-04-05,Direct
CUST07105,Pranav Gupta,Male,33.0,Bengaluru,Karnataka,2023-12-25,Email
CUST07106,Pranav Chatterjee,Male,23.0,Guwahati,Assam,2023-03-11,Social Media
CUST07107,Radhika Saxena,Female,26.0,Ghaziabad,Uttar Pradesh,2024-12-21,Social Media
CUST07108,Ishita Desai,Female,45.0,Gurugram,Haryana,2024-10-17,Organic Search
CUST07109,Ananya Rao,Female,49.0,Mumbai,Maharashtra,2024-03-07,Organic Search
CUST07110,Abhishek Saxena,Male,44.0,Jaipur,Rajasthan,2023-07-30,Organic Search
CUST07111,Arjun Saxena,Male,43.0,Bengaluru,Karnataka,2025-08-31,Paid Search
CUST07112,Reyansh Nair,Male,34.0,Ahmedabad,Gujarat,2024-11-01,Social Media
CUST07113,Kiran Shah,Female,43.0,Mumbai,Maharashtra,2025-01-22,Email
CUST07114,Vivaan Patel,Male,37.0,Bhopal,Madhya Pradesh,2024-09-14,Direct
CUST07115,Vivaan Joshi,Male,52.0,Pune,Maharashtra,2025-05-06,Organic Search
CUST07116,Rajesh Rao,Male,24.0,Patna,Bihar,2025-07-15,Email
CUST07117,Komal Bansal,Female,40.0,Delhi,Delhi,2024-04-23,
CUST07118,Aman Nair,Male,20.0,Guwahati,Assam,2025-01-31,Organic Search
CUST07119,Anjali Desai,Female,40.0,Hyderabad,Telangana,2023-11-08,Organic Search
CUST07120,Yash Mehta,Male,18.0,Noida,Uttar Pradesh,2024-12-30,Direct
CUST07121,Karthik Banerjee,Male,21.0,Kanpur,Uttar Pradesh,2024-05-09,Organic Search
CUST07122,Ishaan Kapoor,Male,20.0,Delhi,Delhi,2023-01-11,Social Media
CUST07123,Ishita Saxena,Female,36.0,Visakhapatnam,Andhra Pradesh,2025-08-29,Paid Search
CUST07124,Rohan Rao,Male,37.0,Pune,Maharashtra,2025-06-24,Paid Search
CUST07125,Rohan Agarwal,Male,58.0,Delhi,Delhi,2024-01-16,Direct
CUST07126,Kavya Desai,Female,32.0,Delhi,Delhi,2025-09-29,Paid Search
CUST07127,Suresh Agarwal,Male,41.0,Noida,Uttar Pradesh,2024-02-14,Paid Search
CUST07128,Sanjay Desai,Male,35.0,Guwahati,Assam,2024-07-07,Organic Search
CUST07129,Manish Singh,Male,40.0,Jaipur,Rajasthan,2025-06-11,Organic Search
CUST07130,Ananya Mehta,Female,34.0,Delhi,Delhi,2024-01-31,Paid Search
CUST07131,Ankit Chopra,Male,44.0,Hyderabad,Telangana,2024-06-29,Social Media
CUST07132,Anita Agarwal,Female,22.0,Bengaluru,Karnataka,2025-01-11,Organic Search
CUST07133,Preeti Desai,Female,18.0,Jaipur,Rajasthan,2023-07-08,Paid Search
CUST07134,Shreya Patel,Female,37.0,Ahmedabad,Gujarat,2024-06-02,Paid Search
CUST07135,Vihaan Singh,Male,18.0,Ahmedabad,Gujarat,2024-02-06,Email
CUST07136,Saanvi Agarwal,Female,46.0,Vadodara,Gujarat,2025-01-20,Organic Search
CUST07137,Swati Kapoor,Female,28.0,Noida,Uttar Pradesh,2023-07-15,Direct
CUST07138,Kiran Das,Female,23.0,Delhi,Delhi,2023-11-11,Direct
CUST07139,Ishaan Sharma,Male,60.0,Chennai,Tamil Nadu,2025-02-18,Organic Search
CUST07140,Preeti Desai,Female,33.0,Pune,Maharashtra,2023-08-10,Paid Search
CUST07141,Radhika Bansal,Female,31.0,Bengaluru,Karnataka,2024-06-01,Social Media
CUST07142,Anjali Chatterjee,Female,40.0,Ahmedabad,Gujarat,2025-02-19,Organic Search
CUST07143,Rahul Verma,Male,41.0,Mumbai,Maharashtra,2025-04-03,Referral
CUST07144,Riya Reddy,Female,44.0,Mumbai,Maharashtra,2023-05-21,Direct
CUST07145,Juhi Patel,Female,20.0,Patna,Bihar,2025-06-11,Social Media
CUST07146,Diya Desai,Female,38.0,Hyderabad,Telangana,2025-03-01,Organic Search
CUST07147,Pooja Singh,Female,30.0,Indore,Madhya Pradesh,2024-03-09,Organic Search
CUST07148,Anjali Verma,Female,24.0,Mumbai,Maharashtra,2025-04-02,Paid Search
CUST07149,Manish Yadav,Male,33.0,Kanpur,Uttar Pradesh,2025-03-04,Organic Search
CUST07150,Vikram Mishra,Male,18.0,Lucknow,Uttar Pradesh,2024-11-15,Email
CUST07151,Tarun Chauhan,Male,42.0,Ghaziabad,Uttar Pradesh,2024-10-09,Paid Search
CUST07152,Ritu Joshi,Female,30.0,Delhi,Delhi,2025-03-09,Social Media
CUST07153,Aditya Nair,Male,28.0,Pune,Maharashtra,2025-09-30,Social Media
CUST07154,Aditi Gupta,Female,32.0,Coimbatore,Tamil Nadu,2024-10-27,Organic Search
CUST07155,Ritu Iyer,Female,31.0,Bengaluru,Karnataka,2025-05-08,Social Media
CUST07156,Aditi Patel,Female,44.0,Delhi,Delhi,2025-03-17,Referral
CUST07157,Divya Yadav,Female,22.0,Hyderabad,Telangana,2025-06-14,Paid Search
CUST07158,Divya Chauhan,Female,29.0,Noida,Uttar Pradesh,2025-08-28,Social Media
CUST07159,Aman Banerjee,Male,31.0,Delhi,Delhi,2023-09-25,Organic Search
CUST07160,Ankit Rao,,22.0,Delhi,Delhi,2023-08-22,Social Media
CUST07161,Preeti Malhotra,Female,35.0,Guwahati,Assam,2024-11-03,Direct
CUST07162,Juhi Desai,Female,26.0,Ahmedabad,Gujarat,2024-06-28,Social Media
CUST07163,Yash Joshi,Male,19.0,Delhi,Delhi,2024-10-20,Organic Search
CUST07164,Manish Mishra,Male,38.0,Pune,Maharashtra,2025-04-30,Organic Search
CUST07165,Divya Reddy,Female,48.0,Mumbai,Maharashtra,2025-08-11,Direct
CUST07166,Kunal Rao,Male,33.0,Chennai,Tamil Nadu,2024-05-28,Social Media
CUST07167,Ananya Verma,Female,32.0,Mumbai,Maharashtra,2025-02-24,Organic Search
CUST07168,Ankit Shah,Male,32.0,Pune,Maharashtra,2023-09-30,Social Media
CUST07169,Anjali Banerjee,Female,28.0,Surat,Gujarat,2024-09-17,Organic Search
CUST07170,Rahul Yadav,Male,45.0,Mumbai,Maharashtra,2023-02-04,Direct
CUST07171,Komal Patel,Female,34.0,Kolkata,West Bengal,2024-08-19,Paid Search
CUST07172,Diya Mukherjee,Female,18.0,Gurugram,Haryana,2024-09-27,Organic Search
CUST07173,Yash Rao,Male,45.0,Ahmedabad,Gujarat,2025-03-10,Organic Search
CUST07174,Rahul Bansal,Male,43.0,Noida,Uttar Pradesh,2024-12-28,Organic Search
CUST07175,Divya Kapoor,Female,39.0,Noida,Uttar Pradesh,2024-03-29,Social Media
CUST07176,Naveen Verma,Male,18.0,Bengaluru,Karnataka,2023-01-10,Social Media
CUST07177,Diya Kumar,Female,33.0,Jaipur,Rajasthan,2023-06-18,Social Media
CUST07178,Sanjay Agarwal,Male,42.0,Ghaziabad,Uttar Pradesh,2025-09-11,Organic Search
CUST07179,Saanvi Malhotra,Female,37.0,Indore,Madhya Pradesh,2025-08-04,Email
CUST07180,Aditya Singh,Male,35.0,Bhopal,Madhya Pradesh,2024-02-22,Referral
CUST07181,Aditi Rao,Female,42.0,Bengaluru,Karnataka,2023-12-11,Social Media
CUST07182,Divya Reddy,Female,34.0,Chandigarh,Chandigarh,2024-06-16,Social Media
CUST07183,Aman Banerjee,Male,45.0,Bengaluru,Karnataka,2025-01-31,Organic Search
CUST07184,Krishna Sharma,Male,35.0,Lucknow,Uttar Pradesh,2024-03-27,Referral
CUST07185,Simran Mukherjee,Female,34.0,Rajkot,Gujarat,2023-04-12,Organic Search
CUST07186,Sunita Kumar,Female,42.0,Ahmedabad,Gujarat,2024-05-13,Referral
CUST07187,Simran Agarwal,Female,29.0,Pune,Maharashtra,2023-12-13,Paid Search
CUST07188,Shreya Das,Female,22.0,Nagpur,Maharashtra,2024-02-22,Organic Search
CUST07189,Anjali Bansal,Female,33.0,Gurugram,Haryana,2023-08-19,Organic Search
CUST07190,Aditi Desai,Female,39.0,Chennai,Tamil Nadu,2025-01-05,Direct
CUST07191,Saanvi Mishra,Female,42.0,Jaipur,Rajasthan,2024-09-09,Social Media
CUST07192,Sunita Tiwari,Female,42.0,Delhi,Delhi,2023-12-25,Paid Search
CUST07193,Ankit Desai,Male,32.0,Mumbai,Maharashtra,2024-10-04,Direct
CUST07194,Pooja Desai,Female,31.0,Mumbai,Maharashtra,2024-08-09,Paid Search
CUST07195,Riya Nair,Female,27.0,Kolkata,West Bengal,2025-04-28,Referral
CUST07196,Rajesh Tiwari,Male,35.0,Pune,Maharashtra,2025-08-29,Referral
CUST07197,Vikram Yadav,Male,18.0,Mumbai,Maharashtra,2023-07-08,Email
CUST07198,Meera Mehta,Female,33.0,Delhi,Delhi,2025-07-06,Organic Search
CUST07199,Ishita Mehta,Female,61.0,Bengaluru,Karnataka,2025-02-13,Direct
CUST07200,Vihaan Agarwal,Male,18.0,Coimbatore,Tamil Nadu,2025-02-02,Social Media
CUST07201,Saanvi Nair,Female,35.0,Mumbai,Maharashtra,2024-04-14,Paid Search
CUST07202,Juhi Yadav,Female,37.0,Kolkata,West Bengal,2024-03-13,Email
CUST07203,Yash Mishra,Male,38.0,Patna,Bihar,2023-01-10,Organic Search
CUST07204,Kiran Singh,Female,23.0,Nashik,Maharashtra,2025-09-17,Organic Search
CUST07205,Krishna Mukherjee,Male,38.0,Nagpur,Maharashtra,2024-11-20,Social Media
CUST07206,Kavya Pandey,Female,28.0,Bengaluru,Karnataka,2024-05-13,Social Media
CUST07207,Siddharth Das,Male,19.0,Delhi,Delhi,2024-09-25,Paid Search
CUST07208,Saanvi Kumar,Female,43.0,Delhi,Delhi,2023-03-04,Social Media
CUST07209,Harsh Bansal,Male,40.0,Visakhapatnam,Andhra Pradesh,2023-09-01,Direct
CUST07210,Rekha Shah,Female,23.0,Hyderabad,Telangana,2024-12-05,Organic Search
CUST07211,Meera Banerjee,Female,28.0,Hyderabad,Telangana,2024-08-29,Paid Search
CUST07212,Ishaan Saxena,Male,27.0,Delhi,Delhi,2025-04-21,Organic Search
CUST07213,Divya Pandey,Female,18.0,Chennai,Tamil Nadu,2025-01-05,Direct
CUST07214,Sanjay Desai,Male,41.0,Hyderabad,Telangana,2024-11-16,Organic Search
CUST07215,Tanvi Kumar,Female,41.0,Ahmedabad,Gujarat,2025-05-13,Paid Search
CUST07216,Anita Iyer,Female,30.0,Mumbai,Maharashtra,2023-04-14,Direct
CUST07217,Kavya Mehta,Female,33.0,Chennai,Tamil Nadu,2025-02-01,Social Media
CUST07218,Kavya Malhotra,Female,34.0,Delhi,Delhi,2025-02-22,Organic Search
CUST07219,Rekha Agarwal,Female,35.0,Pune,Maharashtra,2023-12-30,Direct
CUST07220,Kunal Desai,Male,20.0,Lucknow,Uttar Pradesh,2023-09-28,Organic Search
CUST07221,Karthik Desai,Male,38.0,Pune,Maharashtra,2023-10-20,Paid Search
CUST07222,Deepak Rao,Male,21.0,Delhi,Delhi,2023-10-01,Organic Search
CUST07223,Naveen Chatterjee,Male,40.0,Surat,Gujarat,2024-09-07,Social Media
CUST07224,Shreya Saxena,Female,22.0,Chennai,Tamil Nadu,2023-07-15,Organic Search
CUST07225,Manish Mishra,Male,20.0,Ahmedabad,Gujarat,2025-01-05,Referral
CUST07226,Sneha Chopra,Female,33.0,Delhi,Delhi,2023-06-04,Social Media
CUST07227,Abhishek Pandey,Male,32.0,Guwahati,Assam,2023-02-12,Organic Search
CUST07228,Reyansh Chopra,Male,34.0,Ahmedabad,Gujarat,2024-02-16,Referral
CUST07229,Riya Kapoor,Female,24.0,Chennai,Tamil Nadu,2023-09-24,Email
CUST07230,Varun Agarwal,Male,35.0,Mumbai,Maharashtra,2025-09-22,Paid Search
CUST07231,Komal Mehta,Female,36.0,Kanpur,Uttar Pradesh,2024-01-30,Paid Search
CUST07232,Aadhya Tiwari,Female,45.0,Bengaluru,Karnataka,2023-10-30,Paid Search
CUST07233,Nisha Chatterjee,Female,35.0,Thane,Maharashtra,2023-09-29,Social Media
CUST07234,Divya Verma,Female,,Mumbai,Maharashtra,2024-04-14,Referral
CUST07235,Tanvi Patel,Female,20.0,Hyderabad,Telangana,2024-11-20,Organic Search
CUST07236,Ankit Kapoor,Male,18.0,Thane,Maharashtra,2025-04-17,Paid Search
CUST07237,Radhika Kapoor,Female,36.0,Ahmedabad,Gujarat,2024-04-04,Email
CUST07238,Pranav Das,Male,41.0,Mumbai,Maharashtra,2024-12-07,Direct
CUST07239,Sanjay Mukherjee,Male,24.0,Patna,Bihar,2024-07-30,Organic Search
CUST07240,Aditi Kapoor,Female,36.0,Noida,Uttar Pradesh,2025-06-07,Organic Search
CUST07241,Aditi Chopra,Female,31.0,Ahmedabad,Gujarat,2024-10-18,Referral
CUST07242,Sunita Shah,Female,40.0,Surat,Gujarat,2024-01-15,Direct
CUST07243,Nisha Shah,Female,42.0,Ahmedabad,Gujarat,2025-02-12,Social Media
CUST07244,Payal Verma,Female,,Pune,Maharashtra,2025-05-17,Social Media
CUST07245,Divya Desai,Female,43.0,Thane,Maharashtra,2024-07-14,Organic Search
CUST07246,Aman Iyer,Male,36.0,Surat,Gujarat,2025-09-21,Direct
CUST07247,Vivaan Tiwari,Male,28.0,Hyderabad,Telangana,2025-07-02,Social Media
CUST07248,Diya Nair,Female,28.0,Delhi,Delhi,2023-09-30,Social Media
CUST07249,Juhi Das,Female,33.0,Pune,Maharashtra,2025-04-21,Direct
CUST07250,Gaurav Nair,Male,28.0,Lucknow,Uttar Pradesh,2024-11-16,Referral
CUST07251,Vivaan Nair,Male,24.0,Jaipur,Rajasthan,2024-09-17,Organic Search
CUST07252,Vikram Nair,Male,26.0,Delhi,Delhi,2024-08-29,Organic Search
CUST07253,Shreya Desai,Female,23.0,Hyderabad,Telangana,2025-06-12,Organic Search
CUST07254,Manish Nair,Male,,Thane,Maharashtra,2024-11-24,
CUST07255,Yash Kumar,Male,34.0,Delhi,Delhi,2024-09-20,Paid Search
CUST07256,Sanjay Kumar,Male,56.0,Rajkot,Gujarat,2023-03-17,Social Media
CUST07257,Arjun Mukherjee,Male,37.0,Chennai,Tamil Nadu,2024-06-27,Paid Search
CUST07258,Vivaan Chatterjee,Male,39.0,Patna,Bihar,2025-07-24,Paid Search
CUST07259,Neha Pandey,Female,22.0,Hyderabad,Telangana,2025-02-18,Organic Search
CUST07260,Krishna Verma,Male,31.0,Ahmedabad,Gujarat,2023-03-20,Direct
CUST07261,Aditya Mehta,Male,34.0,Noida,Uttar Pradesh,2025-07-06,Paid Search
CUST07262,Ananya Malhotra,Female,27.0,Pune,Maharashtra,2025-05-22,Referral
CUST07263,Diya Malhotra,Female,28.0,Mumbai,Maharashtra,2024-09-28,Organic Search
CUST07264,Ishaan Gupta,Male,37.0,Noida,Uttar Pradesh,2023-02-05,Organic Search
CUST07265,Rahul Mehta,Male,37.0,Ahmedabad,Gujarat,2024-10-12,Organic Search
CUST07266,Kiran Shah,Female,20.0,Indore,Madhya Pradesh,2023-03-25,Organic Search
CUST07267,Aditi Tiwari,Female,36.0,Delhi,Delhi,2024-02-17,Social Media
CUST07268,Aman Mishra,Male,39.0,Agra,Uttar Pradesh,2024-12-10,Organic Search
CUST07269,Tanvi Saxena,Female,27.0,Noida,Uttar Pradesh,2025-07-28,Paid Search
CUST07270,Karthik Kumar,Male,26.0,Ahmedabad,Gujarat,2024-03-28,Organic Search
CUST07271,Rajesh Malhotra,Male,37.0,Delhi,Delhi,2025-06-17,Direct
CUST07272,Gaurav Mukherjee,Male,18.0,Pune,Maharashtra,2025-08-01,Organic Search
CUST07273,Anjali Agarwal,Female,33.0,Delhi,Delhi,2023-02-03,Email
CUST07274,Kunal Shah,Male,49.0,Chennai,Tamil Nadu,2023-11-19,Referral
CUST07275,Naveen Sharma,Male,18.0,Surat,Gujarat,2025-02-17,Direct
CUST07276,Suresh Singh,Male,41.0,Delhi,Delhi,2025-03-27,Social Media
CUST07277,Reyansh Mukherjee,Male,38.0,Noida,Uttar Pradesh,2024-05-03,Social Media
CUST07278,Ishaan Saxena,Male,19.0,Indore,Madhya Pradesh,2025-01-03,Social Media
CUST07279,Payal Verma,Female,38.0,Ahmedabad,Gujarat,2024-11-25,Email
CUST07280,Pooja Joshi,Female,43.0,Chennai,Tamil Nadu,2025-03-14,Referral
CUST07281,Arjun Patel,Male,21.0,Ludhiana,Punjab,2025-02-24,
CUST07282,Vivaan Gupta,Male,26.0,Kolkata,West Bengal,2023-05-09,Social Media
CUST07283,Radhika Desai,Female,,Kochi,Kerala,2023-08-13,Direct
CUST07284,Rohan Iyer,Male,43.0,Mumbai,Maharashtra,2023-07-11,Organic Search
CUST07285,Sanjay Agarwal,Male,28.0,Bengaluru,Karnataka,2025-08-12,Social Media
CUST07286,Neha Iyer,Female,33.0,Kolkata,West Bengal,2025-07-28,Organic Search
CUST07287,Shreya Singh,Female,26.0,Delhi,Delhi,2025-04-29,Paid Search
CUST07288,Krishna Chopra,Male,33.0,Hyderabad,Telangana,2023-06-20,Social Media
CUST07289,Kunal Kapoor,Male,43.0,Kolkata,West Bengal,2024-10-23,Paid Search
CUST07290,Pranav Mishra,Male,34.0,Bengaluru,Karnataka,2023-09-18,Organic Search
CUST07291,Rajesh Malhotra,Male,29.0,Delhi,Delhi,2024-04-08,Referral
CUST07292,Pooja Sharma,Female,33.0,Bengaluru,Karnataka,2023-12-21,Organic Search
CUST07293,Neha Yadav,Female,25.0,Mumbai,Maharashtra,2025-05-24,Paid Search
CUST07294,Varun Das,Male,23.0,Delhi,Delhi,2023-07-26,Organic Search
CUST07295,Vikram Sharma,Male,45.0,Mumbai,Maharashtra,2024-12-25,Direct
CUST07296,Reyansh Yadav,Male,49.0,Noida,Uttar Pradesh,2025-09-19,Paid Search
CUST07297,Pranav Bansal,Male,18.0,Delhi,Delhi,2025-01-29,Referral
CUST07298,Riya Saxena,Female,39.0,Mumbai,Maharashtra,2023-04-29,Paid Search
CUST07299,Gaurav Banerjee,Male,42.0,Noida,Uttar Pradesh,2025-07-24,Paid Search
CUST07300,Divya Bansal,Female,21.0,Bhopal,Madhya Pradesh,2024-12-22,Organic Search
CUST07301,Simran Chopra,Female,28.0,Bengaluru,Karnataka,2024-07-05,Paid Search
CUST07302,Ananya Banerjee,Female,27.0,Rajkot,Gujarat,2025-01-06,Referral
CUST07303,Aadhya Patel,Female,52.0,Nashik,Maharashtra,2025-07-02,Social Media
CUST07304,Simran Chatterjee,Female,50.0,Thane,Maharashtra,2024-07-25,Organic Search
CUST07305,Aditi Kumar,Female,24.0,Jaipur,Rajasthan,2024-09-14,Social Media
CUST07306,Abhishek Rao,Male,18.0,Jaipur,Rajasthan,2024-07-01,Paid Search
CUST07307,Rajesh Pandey,Male,41.0,Noida,Uttar Pradesh,2023-04-20,Social Media
CUST07308,Arjun Mehta,Male,38.0,Chennai,Tamil Nadu,2025-04-21,Email
CUST07309,Pooja Yadav,Female,45.0,Vadodara,Gujarat,2023-07-03,Social Media
CUST07310,Aditi Sharma,Female,22.0,Delhi,Delhi,2024-05-05,Referral
CUST07311,Harsh Banerjee,Male,40.0,Nagpur,Maharashtra,2024-04-27,Social Media
CUST07312,Simran Agarwal,Female,26.0,Kochi,Kerala,2024-01-04,Organic Search
CUST07313,Nisha Chauhan,Female,39.0,Mumbai,Maharashtra,2024-05-13,Paid Search
CUST07314,Riya Sharma,Female,33.0,Bengaluru,Karnataka,2024-12-01,Referral
CUST07315,Sanjay Bansal,Male,52.0,Patna,Bihar,2024-02-08,Organic Search
CUST07316,Krishna Pandey,Male,37.0,Thane,Maharashtra,2023-08-31,Organic Search
CUST07317,Vihaan Kumar,Male,30.0,Thane,Maharashtra,2025-06-25,Email
CUST07318,Naveen Verma,Male,34.0,Kochi,Kerala,2025-09-09,Paid Search
CUST07319,Tanvi Shah,Female,32.0,Mumbai,Maharashtra,2024-07-07,Organic Search
CUST07320,Arjun Mehta,Male,21.0,Kanpur,Uttar Pradesh,2024-02-25,Referral
CUST07321,Kunal Patel,Male,52.0,Lucknow,Uttar Pradesh,2023-03-15,Organic Search
CUST07322,Deepak Joshi,Male,49.0,Delhi,Delhi,2023-02-27,Social Media
CUST07323,Nisha Mehta,Female,31.0,Bengaluru,Karnataka,2024-05-03,Paid Search
CUST07324,Harsh Chopra,Male,40.0,Lucknow,Uttar Pradesh,2025-08-10,Social Media
CUST07325,Nisha Mukherjee,Female,54.0,Lucknow,Uttar Pradesh,2025-03-06,Email
CUST07326,Gaurav Chatterjee,Male,45.0,Jaipur,Rajasthan,2024-03-19,Organic Search
CUST07327,Juhi Pandey,Female,30.0,Chennai,Tamil Nadu,2025-09-07,Referral
CUST07328,Ishaan Joshi,Male,32.0,Nagpur,Maharashtra,2024-06-08,Social Media
CUST07329,Varun Mehta,Male,,Hyderabad,Telangana,2024-01-01,Referral
CUST07330,Kavya Gupta,Female,41.0,Bengaluru,Karnataka,2024-06-06,Organic Search
CUST07331,Aadhya Das,Female,45.0,Jaipur,Rajasthan,2023-10-17,Email
CUST07332,Shreya Agarwal,Female,45.0,Surat,Gujarat,2025-07-07,Direct
CUST07333,Preeti Malhotra,Female,40.0,Vadodara,Gujarat,2024-04-01,Social Media
CUST07334,Manish Yadav,Male,37.0,Chennai,Tamil Nadu,2025-01-04,Direct
CUST07335,Juhi Bansal,Female,23.0,Bhopal,Madhya Pradesh,2024-04-29,Paid Search
CUST07336,Rajesh Mukherjee,Male,36.0,Chandigarh,Chandigarh,2025-07-19,Social Media
CUST07337,Neha Mehta,Female,27.0,Chennai,Tamil Nadu,2024-12-22,Social Media
CUST07338,Aditi Yadav,Female,38.0,Pune,Maharashtra,2024-08-05,Organic Search
CUST07339,Juhi Chatterjee,Female,25.0,Chandigarh,Chandigarh,2023-07-10,Social Media
CUST07340,Payal Kumar,Female,38.0,Hyderabad,Telangana,2025-07-19,Paid Search
CUST07341,Aditi Pandey,Female,46.0,Indore,Madhya Pradesh,2024-09-28,Direct
CUST07342,Rekha Shah,Female,37.0,Jaipur,Rajasthan,2024-01-10,Email
CUST07343,Harsh Kumar,Male,36.0,Chennai,Tamil Nadu,2025-07-01,Referral
CUST07344,Diya Patel,Female,42.0,Nashik,Maharashtra,2023-03-25,Social Media
CUST07345,Meera Shah,Female,51.0,Delhi,Delhi,2024-02-11,Referral
CUST07346,Suresh Reddy,Male,,Mumbai,Maharashtra,2024-09-19,Paid Search
CUST07347,Ritu Das,Female,38.0,Delhi,Delhi,2024-03-09,Social Media
CUST07348,Deepak Shah,Male,48.0,Nashik,Maharashtra,2024-07-25,Organic Search
CUST07349,Rekha Chauhan,Female,40.0,Hyderabad,Telangana,2023-12-18,Social Media
CUST07350,Sunita Menon,Female,18.0,Kanpur,Uttar Pradesh,2023-07-07,Organic Search
CUST07351,Nikhil Banerjee,Male,26.0,Bengaluru,Karnataka,2023-02-27,Email
CUST07352,Aarav Malhotra,Male,41.0,Kolkata,West Bengal,2023-08-12,Paid Search
CUST07353,Shreya Verma,Female,29.0,Pune,Maharashtra,2025-08-27,Direct
CUST07354,Naveen Rao,Male,47.0,Bengaluru,Karnataka,2024-10-24,Referral
CUST07355,Ritu Malhotra,Female,52.0,Ahmedabad,Gujarat,2024-08-05,Social Media
CUST07356,Vikram Iyer,Male,27.0,Bengaluru,Karnataka,2024-04-24,Organic Search
CUST07357,Naveen Gupta,Male,23.0,Mumbai,Maharashtra,2025-02-16,Social Media
CUST07358,Reyansh Banerjee,Male,29.0,Chennai,Tamil Nadu,2023-07-22,Email
CUST07359,Ananya Shah,Female,29.0,Pune,Maharashtra,2023-12-31,Paid Search
CUST07360,Saanvi Pandey,Female,48.0,Mumbai,Maharashtra,2025-01-02,Social Media
CUST07361,Diya Singh,Female,23.0,Ahmedabad,Gujarat,2024-07-27,Referral
CUST07362,Komal Gupta,Female,40.0,Chennai,Tamil Nadu,2025-04-07,Organic Search
CUST07363,Neha Das,Female,47.0,Gurugram,Haryana,2025-07-16,Paid Search
CUST07364,Aditya Shah,Male,41.0,Surat,Gujarat,2025-05-20,
CUST07365,Pranav Chauhan,Male,37.0,Gurugram,Haryana,2023-09-14,
CUST07366,Nisha Patel,Female,31.0,Pune,Maharashtra,2023-05-16,Direct
CUST07367,Abhishek Banerjee,Male,51.0,Vadodara,Gujarat,2023-08-27,Social Media
CUST07368,Anjali Agarwal,Female,31.0,Mumbai,Maharashtra,2025-04-18,Paid Search
CUST07369,Swati Verma,Female,42.0,Pune,Maharashtra,2025-07-28,Direct
CUST07370,Rekha Saxena,Female,31.0,Hyderabad,Telangana,2025-08-06,Organic Search
CUST07371,Swati Bansal,Female,18.0,Indore,Madhya Pradesh,2024-01-24,Paid Search
CUST07372,Swati Nair,,30.0,Nashik,Maharashtra,2025-06-02,Organic Search
CUST07373,Riya Banerjee,Female,31.0,Indore,Madhya Pradesh,2024-09-18,Direct
CUST07374,Neha Kumar,Female,32.0,Mumbai,Maharashtra,2025-05-19,Organic Search
CUST07375,Deepak Iyer,Male,26.0,Surat,Gujarat,2024-09-29,Organic Search
CUST07376,Suresh Rao,Male,39.0,Thane,Maharashtra,2023-07-28,Organic Search
CUST07377,Krishna Rao,Male,40.0,Mumbai,Maharashtra,2023-04-29,Social Media
CUST07378,Ananya Bansal,Female,30.0,Delhi,Delhi,2025-08-30,Organic Search
CUST07379,Swati Yadav,Female,30.0,Kanpur,Uttar Pradesh,2024-06-05,Organic Search
CUST07380,Swati Nair,Female,22.0,Hyderabad,Telangana,2024-03-20,Paid Search
CUST07381,Naveen Singh,Male,36.0,Mumbai,Maharashtra,2024-03-26,Social Media
CUST07382,Rekha Verma,Female,47.0,Coimbatore,Tamil Nadu,2024-04-19,Social Media
CUST07383,Varun Tiwari,Male,47.0,Noida,Uttar Pradesh,2025-08-21,Social Media
CUST07384,Rekha Singh,Female,27.0,Ahmedabad,Gujarat,2023-04-06,Social Media
CUST07385,Aditya Kapoor,Male,53.0,Guwahati,Assam,2023-06-23,Referral
CUST07386,Shreya Gupta,Female,29.0,Agra,Uttar Pradesh,2025-04-23,Social Media
CUST07387,Rekha Bansal,Female,23.0,Pune,Maharashtra,2024-09-30,Social Media
CUST07388,Rajesh Nair,Male,19.0,Thane,Maharashtra,2023-07-05,Paid Search
CUST07389,Tarun Rao,Male,22.0,Gurugram,Haryana,2023-02-23,Direct
CUST07390,Tarun Sharma,Male,36.0,Indore,Madhya Pradesh,2023-11-01,Referral
CUST07391,Aditya Tiwari,Male,30.0,Hyderabad,Telangana,2023-12-14,Social Media
CUST07392,Vihaan Banerjee,Male,27.0,Delhi,Delhi,2023-01-23,Paid Search
CUST07393,Suresh Kumar,Male,25.0,Chennai,Tamil Nadu,2023-10-23,Organic Search
CUST07394,Reyansh Singh,Male,22.0,Delhi,Delhi,2025-03-12,Direct
CUST07395,Ankit Malhotra,Male,24.0,Mumbai,Maharashtra,2025-06-14,Organic Search
CUST07396,Payal Shah,Female,43.0,Chennai,Tamil Nadu,2025-07-17,Paid Search
CUST07397,Naveen Banerjee,Male,51.0,Hyderabad,Telangana,2024-04-30,Paid Search
CUST07398,Ishaan Patel,Male,52.0,Mumbai,Maharashtra,2024-02-16,
CUST07399,Divya Iyer,Female,40.0,Nashik,Maharashtra,2025-09-30,Paid Search
CUST07400,Yash Agarwal,Male,28.0,Delhi,Delhi,2025-04-07,
CUST07401,Nisha Sharma,,26.0,Surat,Gujarat,2024-09-19,Organic Search
CUST07402,Shreya Shah,Female,41.0,Pune,Maharashtra,2023-12-07,Organic Search
CUST07403,Anita Mishra,Female,31.0,Kochi,Kerala,2024-02-18,Social Media
CUST07404,Juhi Kapoor,Female,37.0,Bengaluru,Karnataka,2024-08-30,Social Media
CUST07405,Riya Pandey,Female,52.0,Bengaluru,Karnataka,2024-09-24,Social Media
CUST07406,Rekha Sharma,Female,35.0,Surat,Gujarat,2023-01-22,Direct
CUST07407,Diya Pandey,Female,56.0,Pune,Maharashtra,2025-09-01,Organic Search
CUST07408,Vihaan Bansal,Male,22.0,Vadodara,Gujarat,2024-10-24,Paid Search
CUST07409,Ananya Singh,Female,37.0,Delhi,Delhi,2024-11-05,Paid Search
CUST07410,Ananya Chatterjee,Female,36.0,Hyderabad,Telangana,2023-10-17,Organic Search
CUST07411,Preeti Iyer,Female,23.0,Mumbai,Maharashtra,2025-04-03,Direct
CUST07412,Karthik Chauhan,Male,41.0,Indore,Madhya Pradesh,2025-03-12,Organic Search
CUST07413,Vikram Kapoor,Male,48.0,Hyderabad,Telangana,2023-05-22,Paid Search
CUST07414,Varun Agarwal,Male,55.0,Bengaluru,Karnataka,2024-11-10,Organic Search
CUST07415,Arjun Mishra,Male,37.0,Jaipur,Rajasthan,2025-01-04,Paid Search
CUST07416,Nisha Rao,Female,18.0,Bengaluru,Karnataka,2025-05-29,Email
CUST07417,Rajesh Gupta,Male,38.0,Mumbai,Maharashtra,2023-10-11,Social Media
CUST07418,Yash Chatterjee,Male,40.0,Bengaluru,Karnataka,2025-07-01,Social Media
CUST07419,Vivaan Tiwari,Male,31.0,Ludhiana,Punjab,2024-07-10,Organic Search
CUST07420,Meera Malhotra,Female,35.0,Jaipur,Rajasthan,2023-05-23,
CUST07421,Payal Verma,Female,28.0,Kolkata,West Bengal,2023-06-05,Social Media
CUST07422,Anjali Saxena,Female,32.0,Kolkata,West Bengal,2023-10-01,Organic Search
CUST07423,Sunita Das,Female,43.0,Guwahati,Assam,2024-01-07,Paid Search
CUST07424,Tanvi Iyer,Female,47.0,Mumbai,Maharashtra,2024-08-12,Referral
CUST07425,Manish Banerjee,Male,20.0,Delhi,Delhi,2025-03-21,Paid Search
CUST07426,Naveen Das,Male,28.0,Nashik,Maharashtra,2023-09-17,Paid Search
CUST07427,Nisha Mishra,Female,18.0,Pune,Maharashtra,2025-09-25,Direct
CUST07428,Kavya Nair,Female,51.0,Guwahati,Assam,2023-08-17,Direct
CUST07429,Deepak Kapoor,Male,42.0,Kanpur,Uttar Pradesh,2024-11-14,Organic Search
CUST07430,Kavya Singh,Female,18.0,Indore,Madhya Pradesh,2025-08-09,Referral
CUST07431,Manish Menon,Male,32.0,Jaipur,Rajasthan,2025-05-27,Paid Search
CUST07432,Pooja Mishra,Female,30.0,Mumbai,Maharashtra,2024-12-26,Email
CUST07433,Riya Agarwal,Female,25.0,Chandigarh,Chandigarh,2025-02-22,Paid Search
CUST07434,Pranav Mishra,Male,43.0,Pune,Maharashtra,2023-07-13,Direct
CUST07435,Juhi Singh,Female,43.0,Mumbai,Maharashtra,2023-01-16,Email
CUST07436,Payal Chatterjee,Female,36.0,Bengaluru,Karnataka,2024-06-13,Paid Search
CUST07437,Tanvi Mukherjee,Female,27.0,Hyderabad,Telangana,2023-05-14,Paid Search
CUST07438,Kavya Gupta,Female,27.0,Bengaluru,Karnataka,2024-03-28,Organic Search
CUST07439,Suresh Mukherjee,Male,33.0,Mumbai,Maharashtra,2023-11-01,Organic Search
CUST07440,Karthik Iyer,Male,28.0,Bengaluru,Karnataka,2025-07-30,Paid Search
CUST07441,Harsh Sharma,Male,33.0,Coimbatore,Tamil Nadu,2025-07-03,Paid Search
CUST07442,Reyansh Singh,Male,39.0,Jaipur,Rajasthan,2025-05-16,Social Media
CUST07443,Sanjay Banerjee,Male,18.0,Hyderabad,Telangana,2025-02-20,Social Media
CUST07444,Ritu Singh,Female,25.0,Mumbai,Maharashtra,2023-08-07,Organic Search
CUST07445,Gaurav Iyer,Male,33.0,Bhopal,Madhya Pradesh,2023-03-16,Organic Search
CUST07446,Payal Saxena,Female,49.0,Indore,Madhya Pradesh,2025-01-01,Organic Search
CUST07447,Reyansh Chatterjee,Male,41.0,Mumbai,Maharashtra,2024-12-22,Paid Search
CUST07448,Sanjay Das,Male,33.0,Guwahati,Assam,2024-04-09,Paid Search
CUST07449,Riya Menon,Female,37.0,Bengaluru,Karnataka,2024-07-21,Organic Search
CUST07450,Simran Singh,Female,32.0,Bengaluru,Karnataka,2024-08-05,Organic Search
CUST07451,Payal Yadav,Female,44.0,Hyderabad,Telangana,2023-11-20,Organic Search
CUST07452,Abhishek Agarwal,Male,37.0,Noida,Uttar Pradesh,2024-02-11,Paid Search
CUST07453,Priya Chatterjee,Female,46.0,Ludhiana,Punjab,2024-05-29,Direct
CUST07454,Kunal Patel,Male,19.0,Lucknow,Uttar Pradesh,2024-11-18,Direct
CUST07455,Payal Chopra,Female,25.0,Kolkata,West Bengal,2025-08-29,Paid Search
CUST07456,Ishita Rao,Female,36.0,Hyderabad,Telangana,2024-09-20,Social Media
CUST07457,Karthik Banerjee,Male,38.0,Hyderabad,Telangana,2025-03-06,Social Media
CUST07458,Payal Mehta,Female,57.0,Hyderabad,Telangana,2025-05-07,Paid Search
CUST07459,Diya Menon,Female,18.0,Nashik,Maharashtra,2023-06-15,Referral
CUST07460,Abhishek Mishra,Male,33.0,Kanpur,Uttar Pradesh,2024-12-31,Organic Search
CUST07461,Siddharth Reddy,Male,32.0,Ahmedabad,Gujarat,2024-07-30,Paid Search
CUST07462,Anjali Iyer,Female,35.0,Guwahati,Assam,2024-10-21,Direct
CUST07463,Rohan Mukherjee,Male,50.0,Delhi,Delhi,2023-03-01,Paid Search
CUST07464,Vikram Reddy,Male,42.0,Mumbai,Maharashtra,2025-07-23,Paid Search
CUST07465,Ankit Saxena,Male,18.0,Ahmedabad,Gujarat,2025-08-27,Referral
CUST07466,Payal Singh,Female,48.0,Kochi,Kerala,2023-01-06,Organic Search
CUST07467,Siddharth Singh,Male,48.0,Mumbai,Maharashtra,2023-10-19,Direct
CUST07468,Sneha Desai,Female,36.0,Mumbai,Maharashtra,2023-09-09,Organic Search
CUST07469,Radhika Desai,Female,18.0,Hyderabad,Telangana,2025-04-16,Social Media
CUST07470,Krishna Reddy,Male,31.0,Kochi,Kerala,2024-11-13,Organic Search
CUST07471,Sanjay Gupta,Male,38.0,Hyderabad,Telangana,2023-09-06,Paid Search
CUST07472,Riya Singh,Female,43.0,Kanpur,Uttar Pradesh,2025-05-12,Organic Search
CUST07473,Tarun Shah,Male,18.0,Nashik,Maharashtra,2024-03-24,Social Media
CUST07474,Gaurav Iyer,Male,25.0,Kanpur,Uttar Pradesh,2024-07-09,Social Media
CUST07475,Ankit Das,Male,44.0,Mumbai,Maharashtra,2024-04-27,Paid Search
CUST07476,Neha Desai,Female,48.0,Delhi,Delhi,2024-09-05,Direct
CUST07477,Preeti Malhotra,Female,37.0,Bengaluru,Karnataka,2024-07-28,Direct
CUST07478,Ishaan Verma,Male,44.0,Patna,Bihar,2023-12-29,Social Media
CUST07479,Ankit Das,Male,38.0,Vadodara,Gujarat,2024-06-04,Social Media
CUST07480,Aditya Verma,Male,43.0,Delhi,Delhi,2025-07-24,Organic Search
CUST07481,Aadhya Kapoor,Female,34.0,Ahmedabad,Gujarat,2024-08-18,Organic Search
CUST07482,Ishaan Rao,Male,38.0,Delhi,Delhi,2025-07-30,Organic Search
CUST07483,Tanvi Desai,Female,21.0,Kolkata,West Bengal,2024-10-01,Paid Search
CUST07484,Ishita Banerjee,Female,40.0,Ahmedabad,Gujarat,2025-04-06,Organic Search
CUST07485,Aman Yadav,Male,20.0,Guwahati,Assam,2024-01-19,Organic Search
CUST07486,Sunita Gupta,Female,40.0,Ahmedabad,Gujarat,2025-04-24,Social Media
CUST07487,Pooja Das,Female,29.0,Mumbai,Maharashtra,2023-12-18,Organic Search
CUST07488,Pooja Rao,Female,37.0,Kolkata,West Bengal,2023-01-31,Organic Search
CUST07489,Tarun Sharma,Male,23.0,Chandigarh,Chandigarh,2023-08-16,Social Media
CUST07490,Pooja Das,Female,28.0,Ahmedabad,Gujarat,2023-02-04,Organic Search
CUST07491,Harsh Bansal,Male,37.0,Ghaziabad,Uttar Pradesh,2025-08-22,Paid Search
CUST07492,Riya Desai,Female,41.0,Chennai,Tamil Nadu,2025-09-30,Referral
CUST07493,Ankit Verma,Male,44.0,Pune,Maharashtra,2025-04-01,Paid Search
CUST07494,Vikram Kapoor,Male,21.0,Kolkata,West Bengal,2023-06-08,Organic Search
CUST07495,Kavya Chopra,Female,18.0,Nashik,Maharashtra,2025-07-17,Email
CUST07496,Siddharth Gupta,Male,23.0,Pune,Maharashtra,2025-03-17,Social Media
CUST07497,Manish Iyer,Male,22.0,Ahmedabad,Gujarat,2024-03-01,Social Media
CUST07498,Payal Reddy,Female,49.0,Visakhapatnam,Andhra Pradesh,2024-08-18,Paid Search
CUST07499,Varun Agarwal,Male,46.0,Mumbai,Maharashtra,2025-01-07,Email
CUST07500,Rekha Iyer,Female,23.0,Bengaluru,Karnataka,2023-02-07,Paid Search
CUST07501,Saanvi Shah,Female,50.0,Bengaluru,Karnataka,2024-08-17,Organic Search
CUST07502,Karthik Mukherjee,Male,46.0,Pune,Maharashtra,2025-03-08,Social Media
CUST07503,Radhika Agarwal,Female,18.0,Ghaziabad,Uttar Pradesh,2023-09-19,Organic Search
CUST07504,Juhi Iyer,Female,23.0,Pune,Maharashtra,2024-06-23,
CUST07505,Diya Pandey,Female,18.0,Chennai,Tamil Nadu,2024-09-15,Referral
CUST07506,Radhika Kapoor,Female,32.0,Mumbai,Maharashtra,2025-03-10,Paid Search
CUST07507,Shreya Singh,Female,33.0,Noida,Uttar Pradesh,2025-09-04,Organic Search
CUST07508,Ritu Saxena,Female,33.0,Bengaluru,Karnataka,2025-06-08,Social Media
CUST07509,Gaurav Chopra,Male,18.0,Delhi,Delhi,2024-12-04,Referral
CUST07510,Ishita Mehta,,19.0,Ghaziabad,Uttar Pradesh,2024-10-31,Organic Search
CUST07511,Deepak Rao,Male,36.0,Coimbatore,Tamil Nadu,2024-11-18,Social Media
CUST07512,Vihaan Banerjee,Male,39.0,Hyderabad,Telangana,2024-09-26,Organic Search
CUST07513,Ankit Sharma,Male,18.0,Pune,Maharashtra,2023-04-01,Referral
CUST07514,Sneha Pandey,Female,20.0,Patna,Bihar,2025-02-07,Organic Search
CUST07515,Vivaan Gupta,Male,43.0,Mumbai,Maharashtra,2025-02-22,Social Media
CUST07516,Pranav Patel,Male,21.0,Kochi,Kerala,2024-08-27,Social Media
CUST07517,Vikram Das,Male,33.0,Hyderabad,Telangana,2025-06-25,Paid Search
CUST07518,Deepak Bansal,Male,20.0,Kolkata,West Bengal,2025-01-16,Direct
CUST07519,Nisha Tiwari,Female,41.0,Mumbai,Maharashtra,2024-04-02,Direct
CUST07520,Rajesh Singh,Male,18.0,Mumbai,Maharashtra,2023-02-01,Paid Search
CUST07521,Nikhil Sharma,Male,30.0,Delhi,Delhi,2023-04-01,Paid Search
CUST07522,Anjali Malhotra,Female,42.0,Hyderabad,Telangana,2024-03-22,Social Media
CUST07523,Abhishek Reddy,Male,39.0,Chandigarh,Chandigarh,2024-07-11,Organic Search
CUST07524,Aditya Singh,Male,28.0,Kolkata,West Bengal,2023-08-24,Organic Search
CUST07525,Divya Sharma,Female,26.0,Hyderabad,Telangana,2023-09-20,Organic Search
CUST07526,Pooja Tiwari,Female,31.0,Chennai,Tamil Nadu,2023-11-08,Organic Search
CUST07527,Aman Agarwal,Male,20.0,Bengaluru,Karnataka,2025-04-16,Social Media
CUST07528,Aadhya Nair,Female,32.0,Surat,Gujarat,2025-04-08,Organic Search
CUST07529,Shreya Joshi,Female,32.0,Kolkata,West Bengal,2024-04-23,Organic Search
CUST07530,Sunita Pandey,Female,29.0,Ahmedabad,Gujarat,2023-08-30,Direct
CUST07531,Abhishek Mishra,Male,43.0,Kanpur,Uttar Pradesh,2023-06-12,Organic Search
CUST07532,Payal Das,Female,22.0,Ahmedabad,Gujarat,2023-05-10,Organic Search
CUST07533,Swati Tiwari,Female,18.0,Vadodara,Gujarat,2024-05-01,Paid Search
CUST07534,Nisha Agarwal,Female,28.0,Jaipur,Rajasthan,2023-03-12,Referral
CUST07535,Nisha Das,Female,34.0,Delhi,Delhi,2024-03-03,
CUST07536,Divya Iyer,Female,32.0,Delhi,Delhi,2025-09-02,Organic Search
CUST07537,Anjali Tiwari,Female,31.0,Bengaluru,Karnataka,2024-08-23,Email
CUST07538,Arjun Patel,Male,22.0,Chandigarh,Chandigarh,2025-05-19,Paid Search
CUST07539,Siddharth Das,Male,23.0,Ghaziabad,Uttar Pradesh,2023-07-06,Social Media
CUST07540,Saanvi Singh,Female,28.0,Noida,Uttar Pradesh,2023-12-22,Paid Search
CUST07541,Karthik Kumar,Male,27.0,Thane,Maharashtra,2025-08-22,Organic Search
CUST07542,Preeti Verma,Female,44.0,Chandigarh,Chandigarh,2024-04-24,Referral
CUST07543,Komal Rao,Female,36.0,Hyderabad,Telangana,2024-12-27,Social Media
CUST07544,Nisha Bansal,Female,28.0,Surat,Gujarat,2025-09-13,Paid Search
CUST07545,Aman Patel,Male,44.0,Ahmedabad,Gujarat,2024-10-02,Social Media
CUST07546,Payal Yadav,Female,37.0,Nashik,Maharashtra,2024-02-01,Paid Search
CUST07547,Kiran Saxena,Female,19.0,Guwahati,Assam,2024-09-14,Referral
CUST07548,Varun Mukherjee,Male,18.0,Thane,Maharashtra,2023-03-25,Organic Search
CUST07549,Ritu Bansal,Female,20.0,Visakhapatnam,Andhra Pradesh,2023-06-14,Organic Search
CUST07550,Suresh Malhotra,Male,39.0,Rajkot,Gujarat,2023-01-12,Social Media
CUST07551,Komal Chatterjee,Female,42.0,Mumbai,Maharashtra,2025-07-06,Organic Search
CUST07552,Sanjay Reddy,Male,18.0,Kolkata,West Bengal,2025-01-15,Organic Search
CUST07553,Sneha Malhotra,Female,40.0,Thane,Maharashtra,2024-01-24,Organic Search
CUST07554,Kunal Shah,Male,39.0,Jaipur,Rajasthan,2023-10-29,Email
CUST07555,Tarun Iyer,Male,47.0,Pune,Maharashtra,2025-01-25,Direct
CUST07556,Suresh Kumar,Male,43.0,Ahmedabad,Gujarat,2025-08-02,Social Media
CUST07557,Varun Joshi,Male,47.0,Bengaluru,Karnataka,2024-01-25,Email
CUST07558,Rekha Kumar,Female,38.0,Gurugram,Haryana,2024-02-19,Referral
CUST07559,Sunita Yadav,Female,38.0,Thane,Maharashtra,2025-06-13,Referral
CUST07560,Rohan Banerjee,Male,30.0,Surat,Gujarat,2025-07-13,Organic Search
CUST07561,Vikram Chopra,Male,41.0,Mumbai,Maharashtra,2025-07-29,Organic Search
CUST07562,Swati Chatterjee,Female,20.0,Delhi,Delhi,2024-01-19,Social Media
CUST07563,Manish Bansal,Male,32.0,Chennai,Tamil Nadu,2023-06-25,Direct
CUST07564,Aarav Pandey,Male,38.0,Delhi,Delhi,2024-06-19,Direct
CUST07565,Rahul Banerjee,Male,47.0,Delhi,Delhi,2024-01-22,Organic Search
CUST07566,Aadhya Iyer,Female,28.0,Mumbai,Maharashtra,2025-07-06,Direct
CUST07567,Shreya Chopra,Female,43.0,Bengaluru,Karnataka,2023-02-26,Organic Search
CUST07568,Yash Tiwari,Male,31.0,Mumbai,Maharashtra,2024-12-14,Paid Search
CUST07569,Aditi Patel,Female,43.0,Thane,Maharashtra,2025-07-23,Referral
CUST07570,Shreya Agarwal,Female,25.0,Jaipur,Rajasthan,2025-09-13,Paid Search
CUST07571,Simran Sharma,Female,40.0,Kolkata,West Bengal,2024-12-28,Social Media
CUST07572,Komal Saxena,Female,32.0,Kochi,Kerala,2025-08-25,Organic Search
CUST07573,Tanvi Bansal,Female,21.0,Kolkata,West Bengal,2023-04-24,Direct
CUST07574,Nisha Tiwari,Female,31.0,Nashik,Maharashtra,2024-03-30,Organic Search
CUST07575,Ananya Singh,Female,46.0,Delhi,Delhi,2023-01-14,Social Media
CUST07576,Rajesh Verma,Male,23.0,Bengaluru,Karnataka,2025-09-17,Organic Search
CUST07577,Pooja Chatterjee,Female,18.0,Hyderabad,Telangana,2025-07-20,Organic Search
CUST07578,Preeti Verma,Female,37.0,Kochi,Kerala,2023-02-13,Organic Search
CUST07579,Yash Verma,Male,,Chandigarh,Chandigarh,2023-01-29,Organic Search
CUST07580,Harsh Gupta,Male,49.0,Chennai,Tamil Nadu,2024-04-07,Organic Search
CUST07581,Harsh Verma,Male,48.0,Ludhiana,Punjab,2023-12-11,Organic Search
CUST07582,Pranav Gupta,Male,43.0,Bengaluru,Karnataka,2025-06-07,Direct
CUST07583,Manish Nair,Male,33.0,Jaipur,Rajasthan,2023-08-16,Organic Search
CUST07584,Siddharth Mukherjee,Male,50.0,Delhi,Delhi,2025-04-24,Social Media
CUST07585,Harsh Singh,Male,46.0,Jaipur,Rajasthan,2024-10-05,Social Media
CUST07586,Ananya Kapoor,Female,28.0,Bengaluru,Karnataka,2024-04-17,Referral
CUST07587,Aarav Desai,Male,47.0,Jaipur,Rajasthan,2023-07-28,Paid Search
CUST07588,Vihaan Reddy,Male,24.0,Chennai,Tamil Nadu,2025-09-29,Organic Search
CUST07589,Vikram Rao,Male,31.0,Pune,Maharashtra,2024-12-01,Organic Search
CUST07590,Sanjay Saxena,Male,18.0,Delhi,Delhi,2024-06-18,Organic Search
CUST07591,Siddharth Rao,Male,34.0,Kolkata,West Bengal,2024-04-11,Paid Search
CUST07592,Kavya Mishra,Female,30.0,Hyderabad,Telangana,2025-07-22,Social Media
CUST07593,Abhishek Shah,Male,28.0,Delhi,Delhi,2025-05-18,Email
CUST07594,Vihaan Patel,Male,31.0,Kolkata,West Bengal,2025-05-10,Referral
CUST07595,Payal Chauhan,Female,27.0,Delhi,Delhi,2024-11-29,Referral
CUST07596,Ananya Desai,Female,33.0,Chennai,Tamil Nadu,2025-07-09,Organic Search
CUST07597,Sanjay Agarwal,Male,46.0,Hyderabad,Telangana,2024-01-26,Email
CUST07598,Varun Joshi,Male,22.0,Pune,Maharashtra,2025-02-12,Organic Search
CUST07599,Divya Saxena,Female,42.0,Kolkata,West Bengal,2024-05-15,Direct
CUST07600,Rohan Sharma,Male,35.0,Delhi,Delhi,2024-11-15,Paid Search
CUST07601,Harsh Kumar,Male,37.0,Bengaluru,Karnataka,2025-09-29,Social Media
CUST07602,Ritu Singh,Female,33.0,Pune,Maharashtra,2025-09-19,Social Media
CUST07603,Radhika Malhotra,Female,26.0,Ghaziabad,Uttar Pradesh,2024-08-27,Social Media
CUST07604,Radhika Rao,Female,37.0,Mumbai,Maharashtra,2024-10-22,Paid Search
CUST07605,Siddharth Bansal,Male,38.0,Mumbai,Maharashtra,2025-07-16,Direct
CUST07606,Komal Singh,Female,25.0,Patna,Bihar,2025-09-20,Paid Search
CUST07607,Shreya Shah,Female,20.0,Hyderabad,Telangana,2025-04-14,Email
CUST07608,Sneha Verma,Female,34.0,Bengaluru,Karnataka,2023-04-09,Paid Search
CUST07609,Sanjay Saxena,Male,41.0,Bengaluru,Karnataka,2024-02-20,Organic Search
CUST07610,Kunal Chopra,Male,43.0,Noida,Uttar Pradesh,2025-07-15,Paid Search
CUST07611,Aarav Singh,Male,45.0,Kolkata,West Bengal,2025-04-06,Organic Search
CUST07612,Swati Kapoor,Female,37.0,Delhi,Delhi,2025-03-16,Paid Search
CUST07613,Vihaan Chatterjee,Male,30.0,Ahmedabad,Gujarat,2025-01-13,Organic Search
CUST07614,Abhishek Mishra,Male,33.0,Bengaluru,Karnataka,2024-05-26,
CUST07615,Suresh Kumar,Male,21.0,Delhi,Delhi,2024-05-14,Social Media
CUST07616,Ishaan Sharma,Male,26.0,Kochi,Kerala,2025-05-08,Organic Search
CUST07617,Aadhya Kumar,Female,32.0,Chennai,Tamil Nadu,2024-01-19,Social Media
CUST07618,Pranav Tiwari,Male,30.0,Nagpur,Maharashtra,2025-01-27,Direct
CUST07619,Harsh Mishra,Male,34.0,Coimbatore,Tamil Nadu,2025-03-02,Organic Search
CUST07620,Sunita Gupta,Female,19.0,Delhi,Delhi,2025-06-05,Paid Search
CUST07621,Ritu Mukherjee,Female,21.0,Delhi,Delhi,2024-02-17,Direct
CUST07622,Saanvi Malhotra,Female,41.0,Bengaluru,Karnataka,2025-03-15,Organic Search
CUST07623,Priya Sharma,Female,25.0,Indore,Madhya Pradesh,2023-06-06,Direct
CUST07624,Vihaan Sharma,Male,26.0,Ahmedabad,Gujarat,2023-07-18,Direct
CUST07625,Manish Verma,Male,34.0,Kolkata,West Bengal,2024-05-28,Paid Search
CUST07626,Nikhil Chopra,Male,24.0,Mumbai,Maharashtra,2023-03-26,Paid Search
CUST07627,Simran Tiwari,Female,44.0,Mumbai,Maharashtra,2025-08-23,Direct
CUST07628,Radhika Gupta,Female,20.0,Ahmedabad,Gujarat,2025-07-19,Organic Search
CUST07629,Aman Kumar,Male,33.0,Delhi,Delhi,2023-03-17,Organic Search
CUST07630,Pooja Banerjee,Female,26.0,Patna,Bihar,2025-05-31,
CUST07631,Komal Chatterjee,Female,35.0,Noida,Uttar Pradesh,2024-08-24,Email
CUST07632,Priya Shah,Female,28.0,Gurugram,Haryana,2025-02-10,Social Media
CUST07633,Varun Shah,Male,33.0,Chennai,Tamil Nadu,2025-07-08,Referral
CUST07634,Ankit Kumar,Male,45.0,Bengaluru,Karnataka,2024-10-25,Organic Search
CUST07635,Tanvi Mehta,Female,26.0,Kolkata,West Bengal,2023-06-19,Social Media
CUST07636,Tanvi Chauhan,Female,26.0,Mumbai,Maharashtra,2023-01-05,Social Media
CUST07637,Sunita Chatterjee,Female,30.0,Gurugram,Haryana,2024-08-13,
CUST07638,Neha Mishra,Female,,Kanpur,Uttar Pradesh,2025-08-24,Direct
CUST07639,Abhishek Chauhan,Male,32.0,Bengaluru,Karnataka,2024-10-21,Organic Search
CUST07640,Komal Mukherjee,Female,45.0,Bhopal,Madhya Pradesh,2024-04-13,Organic Search
CUST07641,Sanjay Yadav,Male,31.0,Bengaluru,Karnataka,2023-02-18,Organic Search
CUST07642,Vikram Kumar,Male,45.0,Bhopal,Madhya Pradesh,2025-07-29,Email
CUST07643,Aarav Kapoor,Male,37.0,Ahmedabad,Gujarat,2024-02-25,Social Media
CUST07644,Pranav Tiwari,Male,39.0,Nashik,Maharashtra,2025-02-13,Direct
CUST07645,Aman Desai,Male,19.0,Kochi,Kerala,2025-02-04,Social Media
CUST07646,Rekha Banerjee,Female,18.0,Hyderabad,Telangana,2023-12-06,Direct
CUST07647,Rekha Kapoor,Female,44.0,Pune,Maharashtra,2023-04-07,Social Media
CUST07648,Vihaan Kumar,Male,44.0,Bengaluru,Karnataka,2024-04-25,Direct
CUST07649,Ishaan Reddy,Male,57.0,Vadodara,Gujarat,2024-02-14,Referral
CUST07650,Suresh Mehta,Male,18.0,Kolkata,West Bengal,2025-02-09,Paid Search
CUST07651,Ankit Singh,Male,38.0,Kochi,Kerala,2025-05-17,Organic Search
CUST07652,Vikram Chopra,Male,23.0,Rajkot,Gujarat,2023-10-30,Direct
CUST07653,Ritu Kapoor,Female,26.0,Bengaluru,Karnataka,2024-09-11,Paid Search
CUST07654,Ritu Pandey,Female,28.0,Delhi,Delhi,2023-03-04,Email
CUST07655,Nikhil Malhotra,Male,37.0,Surat,Gujarat,2023-10-21,Paid Search
CUST07656,Riya Yadav,Female,26.0,Hyderabad,Telangana,2025-03-31,Paid Search
CUST07657,Riya Kumar,Female,33.0,Bengaluru,Karnataka,2025-04-26,Paid Search
CUST07658,Vihaan Verma,Male,41.0,Pune,Maharashtra,2025-04-12,Paid Search
CUST07659,Kunal Iyer,Male,44.0,Pune,Maharashtra,2023-07-23,Social Media
CUST07660,Reyansh Singh,Male,40.0,Pune,Maharashtra,2024-10-02,Referral
CUST07661,Vikram Bansal,Male,38.0,Bengaluru,Karnataka,2024-06-02,Social Media
CUST07662,Ishita Chatterjee,Female,32.0,Delhi,Delhi,2025-09-24,Paid Search
CUST07663,Siddharth Tiwari,,27.0,Delhi,Delhi,2025-01-01,Organic Search
CUST07664,Aarav Gupta,Male,38.0,Indore,Madhya Pradesh,2025-08-14,Paid Search
CUST07665,Ishaan Tiwari,Male,22.0,Chennai,Tamil Nadu,2023-07-27,Organic Search
CUST07666,Aarav Chopra,Male,34.0,Chennai,Tamil Nadu,2024-06-30,Email
CUST07667,Meera Yadav,Female,22.0,Kochi,Kerala,2025-04-08,Email
CUST07668,Krishna Banerjee,Male,33.0,Chandigarh,Chandigarh,2024-04-07,Organic Search
CUST07669,Shreya Nair,Female,22.0,Mumbai,Maharashtra,2024-12-13,Social Media
CUST07670,Aman Chopra,Male,29.0,Patna,Bihar,2024-08-27,Organic Search
CUST07671,Arjun Saxena,Male,26.0,Bengaluru,Karnataka,2025-09-25,Direct
CUST07672,Naveen Sharma,Male,25.0,Indore,Madhya Pradesh,2023-09-01,Organic Search
CUST07673,Juhi Joshi,Female,32.0,Delhi,Delhi,2025-08-14,Referral
CUST07674,Pranav Mehta,Male,18.0,Delhi,Delhi,2024-05-12,Social Media
CUST07675,Komal Menon,Female,18.0,Gurugram,Haryana,2024-07-16,Direct
CUST07676,Gaurav Joshi,Male,41.0,Pune,Maharashtra,2024-09-11,Social Media
CUST07677,Ritu Shah,Female,34.0,Hyderabad,Telangana,2023-12-19,Social Media
CUST07678,Ananya Sharma,Female,26.0,Coimbatore,Tamil Nadu,2025-09-04,Paid Search
CUST07679,Juhi Gupta,Female,43.0,Bengaluru,Karnataka,2025-07-27,Paid Search
CUST07680,Vivaan Sharma,Male,27.0,Mumbai,Maharashtra,2025-09-11,Organic Search
CUST07681,Karthik Verma,Male,27.0,Ahmedabad,Gujarat,2025-09-28,Direct
CUST07682,Meera Kumar,Female,25.0,Indore,Madhya Pradesh,2025-01-14,Social Media
CUST07683,Neha Chatterjee,Female,52.0,Lucknow,Uttar Pradesh,2024-06-30,Social Media
CUST07684,Gaurav Chatterjee,Male,35.0,Kolkata,West Bengal,2025-06-10,Organic Search
CUST07685,Aditya Sharma,Male,35.0,Kolkata,West Bengal,2023-02-07,Paid Search
CUST07686,Harsh Sharma,Male,38.0,Pune,Maharashtra,2025-05-28,Organic Search
CUST07687,Rahul Mehta,Male,18.0,Ahmedabad,Gujarat,2024-08-13,Organic Search
CUST07688,Vivaan Verma,Male,27.0,Mumbai,Maharashtra,2025-01-17,Social Media
CUST07689,Vihaan Shah,Male,38.0,Delhi,Delhi,2024-04-14,Organic Search
CUST07690,Varun Verma,Male,33.0,Indore,Madhya Pradesh,2024-04-08,Social Media
CUST07691,Preeti Gupta,Female,55.0,Vadodara,Gujarat,2023-02-19,Paid Search
CUST07692,Kavya Kapoor,Female,28.0,Ahmedabad,Gujarat,2024-06-03,Paid Search
CUST07693,Radhika Kumar,Female,42.0,Hyderabad,Telangana,2024-05-19,Social Media
CUST07694,Rajesh Chatterjee,Male,41.0,Jaipur,Rajasthan,2023-11-02,Social Media
CUST07695,Ritu Yadav,Female,34.0,Mumbai,Maharashtra,2023-11-28,Paid Search
CUST07696,Ankit Verma,Male,36.0,Pune,Maharashtra,2024-11-01,Direct
CUST07697,Pooja Reddy,Female,30.0,Chennai,Tamil Nadu,2024-02-15,Organic Search
CUST07698,Ankit Desai,Male,18.0,Chennai,Tamil Nadu,2025-05-25,Social Media
CUST07699,Sanjay Patel,Male,36.0,Mumbai,Maharashtra,2023-06-13,Email
CUST07700,Aadhya Mukherjee,Female,37.0,Gurugram,Haryana,2024-10-26,Organic Search
CUST07701,Tarun Malhotra,Male,39.0,Delhi,Delhi,2023-08-15,Paid Search
CUST07702,Kavya Tiwari,Female,34.0,Delhi,Delhi,2024-09-11,Organic Search
CUST07703,Neha Saxena,Female,43.0,Ahmedabad,Gujarat,2024-10-03,Organic Search
CUST07704,Kunal Kumar,Male,24.0,Visakhapatnam,Andhra Pradesh,2024-12-22,Organic Search
CUST07705,Vivaan Pandey,Male,48.0,Bhopal,Madhya Pradesh,2024-06-07,Email
CUST07706,Ananya Verma,Female,23.0,Kolkata,West Bengal,2024-08-24,Organic Search
CUST07707,Shreya Chatterjee,Female,32.0,Pune,Maharashtra,2023-09-10,Organic Search
CUST07708,Divya Banerjee,Female,40.0,Chennai,Tamil Nadu,2024-07-11,Organic Search
CUST07709,Krishna Gupta,Male,28.0,Mumbai,Maharashtra,2024-04-13,Email
CUST07710,Anjali Rao,Female,40.0,Bengaluru,Karnataka,2025-01-11,Organic Search
CUST07711,Siddharth Bansal,Male,30.0,Ahmedabad,Gujarat,2024-06-14,Social Media
CUST07712,Aarav Shah,Male,34.0,Pune,Maharashtra,2025-04-15,Organic Search
CUST07713,Aditi Desai,Female,31.0,Lucknow,Uttar Pradesh,2024-06-05,Organic Search
CUST07714,Sanjay Tiwari,Male,27.0,Kochi,Kerala,2023-11-15,Referral
CUST07715,Siddharth Verma,Male,56.0,Kolkata,West Bengal,2023-12-28,Social Media
CUST07716,Abhishek Sharma,Male,25.0,Kanpur,Uttar Pradesh,2023-03-11,Social Media
CUST07717,Ritu Mehta,Female,18.0,Noida,Uttar Pradesh,2024-09-22,Direct
CUST07718,Ritu Gupta,Female,25.0,Bengaluru,Karnataka,2025-05-26,Referral
CUST07719,Pooja Gupta,Female,34.0,Chennai,Tamil Nadu,2025-04-06,Referral
CUST07720,Nikhil Menon,Male,29.0,Indore,Madhya Pradesh,2024-06-17,Organic Search
CUST07721,Krishna Kapoor,Male,43.0,Pune,Maharashtra,2023-09-29,Organic Search
CUST07722,Ananya Agarwal,Female,43.0,Coimbatore,Tamil Nadu,2025-06-20,Direct
CUST07723,Aditya Singh,Male,30.0,Pune,Maharashtra,2023-03-28,Social Media
CUST07724,Rohan Joshi,Male,18.0,Gurugram,Haryana,2024-05-10,Social Media
CUST07725,Yash Chopra,Male,20.0,Delhi,Delhi,2025-06-15,Paid Search
CUST07726,Sneha Desai,Female,33.0,Vadodara,Gujarat,2024-05-03,Social Media
CUST07727,Preeti Chatterjee,Female,18.0,Bengaluru,Karnataka,2023-06-21,Social Media
CUST07728,Varun Chatterjee,Male,29.0,Mumbai,Maharashtra,2023-12-19,Organic Search
CUST07729,Siddharth Bansal,Male,47.0,Delhi,Delhi,2024-11-15,Organic Search
CUST07730,Ritu Shah,Female,36.0,Jaipur,Rajasthan,2023-08-05,Organic Search
CUST07731,Saanvi Patel,Female,33.0,Bengaluru,Karnataka,2025-01-01,Referral
CUST07732,Pranav Verma,Male,23.0,Delhi,Delhi,2024-06-17,Paid Search
CUST07733,Kunal Menon,Male,35.0,Surat,Gujarat,2024-03-03,Referral
CUST07734,Komal Kapoor,Female,30.0,Kolkata,West Bengal,2023-11-21,Social Media
CUST07735,Simran Mukherjee,Female,35.0,Ahmedabad,Gujarat,2025-05-20,Direct
CUST07736,Divya Gupta,Female,40.0,Pune,Maharashtra,2024-05-07,Direct
CUST07737,Pooja Saxena,Female,42.0,Nashik,Maharashtra,2025-03-13,Paid Search
CUST07738,Divya Iyer,Female,34.0,Indore,Madhya Pradesh,2024-06-19,Social Media
CUST07739,Tarun Sharma,Male,38.0,Kolkata,West Bengal,2023-05-17,Social Media
CUST07740,Deepak Desai,Male,28.0,Ghaziabad,Uttar Pradesh,2024-06-20,Organic Search
CUST07741,Suresh Sharma,Male,44.0,Nashik,Maharashtra,2024-08-23,Organic Search
CUST07742,Preeti Mishra,Female,24.0,Ahmedabad,Gujarat,2024-07-06,Social Media
CUST07743,Rajesh Desai,Male,31.0,Delhi,Delhi,2025-05-14,Direct
CUST07744,Vikram Rao,Male,45.0,Delhi,Delhi,2025-07-26,Organic Search
CUST07745,Pranav Nair,Male,28.0,Lucknow,Uttar Pradesh,2025-04-21,Paid Search
CUST07746,Ritu Singh,Female,20.0,Gurugram,Haryana,2024-10-30,Referral
CUST07747,Saanvi Menon,Female,29.0,Mumbai,Maharashtra,2024-09-23,Organic Search
CUST07748,Aarav Mukherjee,Male,47.0,Kolkata,West Bengal,2024-12-24,Direct
CUST07749,Nikhil Kumar,Male,18.0,Delhi,Delhi,2024-01-13,Organic Search
CUST07750,Rekha Malhotra,Female,34.0,Pune,Maharashtra,2025-05-11,Organic Search
CUST07751,Reyansh Rao,Male,27.0,Agra,Uttar Pradesh,2025-06-15,Organic Search
CUST07752,Preeti Gupta,Female,31.0,Patna,Bihar,2023-12-21,Organic Search
CUST07753,Rajesh Mehta,Male,30.0,Noida,Uttar Pradesh,2025-07-20,Organic Search
CUST07754,Simran Verma,Female,43.0,Kolkata,West Bengal,2025-06-09,Social Media
CUST07755,Kunal Mishra,Male,34.0,Lucknow,Uttar Pradesh,2024-06-04,Organic Search
CUST07756,Anita Chatterjee,Female,43.0,Coimbatore,Tamil Nadu,2025-07-25,Direct
CUST07757,Ankit Tiwari,Male,46.0,Nagpur,Maharashtra,2023-06-25,Paid Search
CUST07758,Rajesh Desai,Male,33.0,Noida,Uttar Pradesh,2023-02-13,Paid Search
CUST07759,Kiran Verma,Female,29.0,Bengaluru,Karnataka,2024-03-18,Social Media
CUST07760,Saanvi Patel,Female,37.0,Delhi,Delhi,2024-10-15,Organic Search
CUST07761,Diya Mukherjee,Female,39.0,Delhi,Delhi,2024-03-21,Social Media
CUST07762,Anjali Sharma,Female,21.0,Agra,Uttar Pradesh,2025-08-19,Organic Search
CUST07763,Sunita Desai,Female,35.0,Mumbai,Maharashtra,2023-12-07,Referral
CUST07764,Riya Pandey,Female,30.0,Vadodara,Gujarat,2024-01-06,Paid Search
CUST07765,Karthik Rao,Male,29.0,Chennai,Tamil Nadu,2024-12-15,Organic Search
CUST07766,Aditi Chauhan,Female,26.0,Nagpur,Maharashtra,2023-01-07,Social Media
CUST07767,Rahul Mishra,Male,27.0,Thane,Maharashtra,2025-03-04,Organic Search
CUST07768,Nikhil Mehta,Male,46.0,Chennai,Tamil Nadu,2024-04-17,Direct
CUST07769,Meera Banerjee,Female,29.0,Delhi,Delhi,2025-09-14,Paid Search
CUST07770,Vivaan Rao,Male,44.0,Surat,Gujarat,2025-02-01,Paid Search
CUST07771,Rajesh Reddy,Male,34.0,Noida,Uttar Pradesh,2023-03-22,Organic Search
CUST07772,Deepak Sharma,Male,22.0,Mumbai,Maharashtra,2023-05-18,Paid Search
CUST07773,Krishna Shah,Male,35.0,Bengaluru,Karnataka,2023-05-12,Email
CUST07774,Nisha Bansal,Female,21.0,Nashik,Maharashtra,2025-08-27,Paid Search
CUST07775,Siddharth Pandey,Male,39.0,Mumbai,Maharashtra,2025-01-26,Social Media
CUST07776,Tarun Reddy,Male,31.0,Mumbai,Maharashtra,2024-06-07,Organic Search
CUST07777,Siddharth Verma,Male,42.0,Nashik,Maharashtra,2023-10-04,Referral
CUST07778,Aman Agarwal,Male,47.0,Visakhapatnam,Andhra Pradesh,2025-06-28,Paid Search
CUST07779,Kunal Chopra,Male,18.0,Bengaluru,Karnataka,2023-10-05,Paid Search
CUST07780,Manish Reddy,Male,28.0,Noida,Uttar Pradesh,2025-02-14,Organic Search
CUST07781,Kiran Yadav,Female,21.0,Indore,Madhya Pradesh,2025-04-02,Organic Search
CUST07782,Aditi Agarwal,Female,55.0,Delhi,Delhi,2024-01-20,Organic Search
CUST07783,Manish Gupta,Male,29.0,Chennai,Tamil Nadu,2024-08-20,Referral
CUST07784,Varun Banerjee,Male,20.0,Nashik,Maharashtra,2023-10-31,Social Media
CUST07785,Vivaan Patel,Male,55.0,Lucknow,Uttar Pradesh,2024-04-19,Organic Search
CUST07786,Tarun Patel,Male,26.0,Jaipur,Rajasthan,2025-09-05,Social Media
CUST07787,Siddharth Iyer,Male,18.0,Chennai,Tamil Nadu,2025-02-03,Paid Search
CUST07788,Shreya Kumar,Female,21.0,Bengaluru,Karnataka,2025-06-07,Organic Search
CUST07789,Anjali Yadav,Female,34.0,Surat,Gujarat,2024-09-22,Social Media
CUST07790,Vihaan Chatterjee,Male,33.0,Delhi,Delhi,2023-11-19,Organic Search
CUST07791,Kunal Pandey,Male,25.0,Vadodara,Gujarat,2025-02-19,Social Media
CUST07792,Juhi Das,Female,28.0,Bengaluru,Karnataka,2024-08-16,Social Media
CUST07793,Diya Desai,Female,34.0,Delhi,Delhi,2023-09-05,Organic Search
CUST07794,Abhishek Joshi,Male,46.0,Mumbai,Maharashtra,2024-05-23,Social Media
CUST07795,Swati Patel,Female,36.0,Vadodara,Gujarat,2024-12-15,Organic Search
CUST07796,Ankit Kumar,Male,27.0,Chennai,Tamil Nadu,2025-03-10,Referral
CUST07797,Anjali Reddy,Female,31.0,Ahmedabad,Gujarat,2023-11-23,Organic Search
CUST07798,Aarav Malhotra,Male,41.0,Kolkata,West Bengal,2025-06-30,Organic Search
CUST07799,Saanvi Chauhan,Female,50.0,Jaipur,Rajasthan,2024-04-20,Organic Search
CUST07800,Yash Kumar,Male,22.0,Rajkot,Gujarat,2023-12-25,Paid Search
CUST07801,Shreya Gupta,Female,44.0,Hyderabad,Telangana,2023-09-27,Organic Search
CUST07802,Kavya Chauhan,Female,30.0,Delhi,Delhi,2025-05-05,Paid Search
CUST07803,Sneha Nair,Female,18.0,Nashik,Maharashtra,2024-03-24,Referral
CUST07804,Aditi Mehta,Female,18.0,Kolkata,West Bengal,2024-07-31,Organic Search
CUST07805,Krishna Sharma,Male,46.0,Jaipur,Rajasthan,2023-10-31,
CUST07806,Preeti Shah,Female,48.0,Delhi,Delhi,2025-01-28,Organic Search
CUST07807,Siddharth Verma,Male,27.0,Nashik,Maharashtra,2025-04-16,Social Media
CUST07808,Kiran Malhotra,Female,31.0,Gurugram,Haryana,2024-03-09,Social Media
CUST07809,Karthik Gupta,Male,18.0,Chennai,Tamil Nadu,2025-08-21,Referral
CUST07810,Krishna Agarwal,Male,41.0,Mumbai,Maharashtra,2023-02-17,Social Media
CUST07811,Naveen Malhotra,Male,33.0,Mumbai,Maharashtra,2023-07-11,Social Media
CUST07812,Aditi Sharma,Female,18.0,Hyderabad,Telangana,2024-11-05,Organic Search
CUST07813,Ritu Saxena,Female,35.0,Kolkata,West Bengal,2025-02-10,Referral
CUST07814,Naveen Saxena,Male,19.0,Chennai,Tamil Nadu,2023-12-02,Organic Search
CUST07815,Kiran Tiwari,Female,39.0,Pune,Maharashtra,2024-10-05,Social Media
CUST07816,Manish Mehta,Male,22.0,Bengaluru,Karnataka,2024-02-15,Referral
CUST07817,Yash Malhotra,Male,36.0,Bengaluru,Karnataka,2024-10-05,Organic Search
CUST07818,Suresh Chatterjee,Male,26.0,Kochi,Kerala,2025-01-05,Organic Search
CUST07819,Tanvi Nair,Female,18.0,Bengaluru,Karnataka,2025-09-11,Organic Search
CUST07820,Rekha Menon,Female,43.0,Gurugram,Haryana,2024-07-04,Referral
CUST07821,Sneha Malhotra,Female,44.0,Pune,Maharashtra,2024-12-27,Paid Search
CUST07822,Vihaan Singh,Male,28.0,Mumbai,Maharashtra,2024-10-26,Paid Search
CUST07823,Rajesh Chatterjee,Male,36.0,Jaipur,Rajasthan,2024-02-14,Paid Search
CUST07824,Aadhya Tiwari,Female,37.0,Kochi,Kerala,2023-12-05,
CUST07825,Abhishek Desai,Male,38.0,Ludhiana,Punjab,2025-09-22,Social Media
CUST07826,Anjali Mishra,Female,50.0,Hyderabad,Telangana,2023-10-12,Social Media
CUST07827,Riya Sharma,Female,37.0,Mumbai,Maharashtra,2025-04-23,Direct
CUST07828,Deepak Joshi,Male,29.0,Chennai,Tamil Nadu,2023-07-29,Organic Search
CUST07829,Rohan Malhotra,Male,37.0,Mumbai,Maharashtra,2025-05-05,Organic Search
CUST07830,Riya Nair,Female,29.0,Hyderabad,Telangana,2023-09-16,Social Media
CUST07831,Aadhya Singh,Female,22.0,Chandigarh,Chandigarh,2025-09-06,Organic Search
CUST07832,Saanvi Gupta,Female,45.0,Lucknow,Uttar Pradesh,2025-01-28,
CUST07833,Kavya Das,Female,38.0,Patna,Bihar,2023-05-15,Direct
CUST07834,Rahul Patel,Male,18.0,Pune,Maharashtra,2025-02-03,Paid Search
CUST07835,Saanvi Verma,Female,26.0,Delhi,Delhi,2024-11-18,Organic Search
CUST07836,Rekha Yadav,Female,41.0,Delhi,Delhi,2024-03-07,Direct
CUST07837,Priya Yadav,Female,18.0,Visakhapatnam,Andhra Pradesh,2023-12-14,Paid Search
CUST07838,Ankit Agarwal,Male,25.0,Chennai,Tamil Nadu,2025-02-24,Organic Search
CUST07839,Rohan Das,Male,60.0,Kolkata,West Bengal,2025-03-15,Paid Search
CUST07840,Vikram Mukherjee,Male,30.0,Delhi,Delhi,2024-02-25,Organic Search
CUST07841,Varun Das,Male,44.0,Ahmedabad,Gujarat,2025-06-30,Organic Search
CUST07842,Anita Bansal,Female,48.0,Delhi,Delhi,2023-12-23,Organic Search
CUST07843,Priya Kapoor,Female,24.0,Delhi,Delhi,2023-04-16,Paid Search
CUST07844,Swati Kumar,Female,36.0,Coimbatore,Tamil Nadu,2024-11-15,Paid Search
CUST07845,Simran Nair,Female,54.0,Indore,Madhya Pradesh,2023-06-07,Social Media
CUST07846,Suresh Malhotra,Male,38.0,Ludhiana,Punjab,2023-12-31,Social Media
CUST07847,Neha Das,Female,57.0,Nashik,Maharashtra,2024-08-22,Referral
CUST07848,Kiran Mishra,Female,27.0,Jaipur,Rajasthan,2024-01-11,Referral
CUST07849,Kavya Reddy,Female,51.0,Hyderabad,Telangana,2023-10-21,Organic Search
CUST07850,Divya Chopra,Female,33.0,Kolkata,West Bengal,2025-02-11,Organic Search
CUST07851,Riya Chopra,Female,30.0,Mumbai,Maharashtra,2024-09-28,Social Media
CUST07852,Aadhya Agarwal,Female,39.0,Vadodara,Gujarat,2025-06-02,Organic Search
CUST07853,Varun Kapoor,Male,32.0,Vadodara,Gujarat,2024-10-29,Paid Search
CUST07854,Tanvi Pandey,Female,32.0,Kolkata,West Bengal,2024-07-31,Organic Search
CUST07855,Suresh Bansal,Male,38.0,Ahmedabad,Gujarat,2023-12-14,Paid Search
CUST07856,Rajesh Yadav,Male,18.0,Delhi,Delhi,2025-04-25,Paid Search
CUST07857,Preeti Chatterjee,Female,25.0,Mumbai,Maharashtra,2023-09-30,Referral
CUST07858,Aadhya Gupta,Female,40.0,Hyderabad,Telangana,2023-11-22,Social Media
CUST07859,Neha Das,Female,,Gurugram,Haryana,2025-06-03,Paid Search
CUST07860,Rohan Banerjee,Male,37.0,Mumbai,Maharashtra,2025-03-15,Paid Search
CUST07861,Krishna Mishra,Male,36.0,Noida,Uttar Pradesh,2024-11-26,Social Media
CUST07862,Siddharth Malhotra,Male,37.0,Pune,Maharashtra,2023-03-02,Organic Search
CUST07863,Sunita Bansal,Female,43.0,Chennai,Tamil Nadu,2023-07-04,Email
CUST07864,Anita Malhotra,Female,19.0,Delhi,Delhi,2024-08-16,Paid Search
CUST07865,Komal Kapoor,Female,28.0,Mumbai,Maharashtra,2025-03-19,Social Media
CUST07866,Rajesh Mishra,Male,32.0,Pune,Maharashtra,2024-07-12,Organic Search
CUST07867,Simran Gupta,Female,35.0,Jaipur,Rajasthan,2023-01-28,Organic Search
CUST07868,Kunal Pandey,Male,18.0,Chennai,Tamil Nadu,2023-09-14,Social Media
CUST07869,Anita Yadav,Female,20.0,Bengaluru,Karnataka,2024-11-05,Email
CUST07870,Ishita Saxena,Female,33.0,Mumbai,Maharashtra,2025-02-04,Organic Search
CUST07871,Naveen Kumar,Male,43.0,Bengaluru,Karnataka,2023-02-22,Direct
CUST07872,Nisha Chauhan,Female,29.0,Indore,Madhya Pradesh,2023-03-08,Referral
CUST07873,Payal Mehta,Female,26.0,Jaipur,Rajasthan,2023-12-14,Paid Search
CUST07874,Krishna Verma,Male,38.0,Delhi,Delhi,2023-05-05,Social Media
CUST07875,Vikram Mehta,Male,30.0,Patna,Bihar,2024-09-24,Social Media
CUST07876,Anita Kumar,Female,42.0,Delhi,Delhi,2023-06-29,Organic Search
CUST07877,Divya Reddy,Female,31.0,Patna,Bihar,2024-12-27,Organic Search
CUST07878,Aadhya Mishra,Female,22.0,Kolkata,West Bengal,2025-04-13,Referral
CUST07879,Vihaan Kapoor,Male,47.0,Indore,Madhya Pradesh,2025-09-09,Paid Search
CUST07880,Meera Joshi,Female,45.0,Mumbai,Maharashtra,2025-08-23,Referral
CUST07881,Rohan Pandey,Male,23.0,Thane,Maharashtra,2023-12-28,Paid Search
CUST07882,Aman Pandey,Male,37.0,Indore,Madhya Pradesh,2023-02-16,Organic Search
CUST07883,Rahul Tiwari,Male,30.0,Delhi,Delhi,2024-02-27,Organic Search
CUST07884,Ankit Pandey,Male,39.0,Delhi,Delhi,2025-02-16,Organic Search
CUST07885,Vihaan Yadav,Male,24.0,Bhopal,Madhya Pradesh,2023-04-02,Social Media
CUST07886,Ankit Sharma,Male,42.0,Chennai,Tamil Nadu,2024-03-30,Organic Search
CUST07887,Vivaan Das,Male,45.0,Lucknow,Uttar Pradesh,2024-01-24,Referral
CUST07888,Nisha Iyer,Female,24.0,Mumbai,Maharashtra,2023-10-27,Social Media
CUST07889,Pranav Verma,Male,34.0,Delhi,Delhi,2025-02-14,Organic Search
CUST07890,Aman Gupta,Male,45.0,Thane,Maharashtra,2025-01-05,Paid Search
CUST07891,Tanvi Menon,Female,23.0,Delhi,Delhi,2024-09-18,Direct
CUST07892,Ananya Tiwari,Female,26.0,Mumbai,Maharashtra,2025-07-26,Organic Search
CUST07893,Payal Chatterjee,Female,40.0,Delhi,Delhi,2023-06-01,Paid Search
CUST07894,Nikhil Bansal,Male,31.0,Ghaziabad,Uttar Pradesh,2023-08-02,Paid Search
CUST07895,Priya Shah,Female,18.0,Hyderabad,Telangana,2024-04-24,Direct
CUST07896,Komal Mehta,Female,30.0,Pune,Maharashtra,2025-01-02,Direct
CUST07897,Nisha Chauhan,Female,50.0,Jaipur,Rajasthan,2024-11-01,Referral
CUST07898,Diya Reddy,Female,54.0,Ahmedabad,Gujarat,2023-04-22,Paid Search
CUST07899,Vivaan Kapoor,Male,27.0,Mumbai,Maharashtra,2025-08-31,Direct
CUST07900,Reyansh Sharma,Male,24.0,Bengaluru,Karnataka,2024-02-01,Paid Search
CUST07901,Kunal Sharma,Male,28.0,Delhi,Delhi,2024-03-29,Social Media
CUST07902,Vikram Banerjee,Male,51.0,Chandigarh,Chandigarh,2024-12-05,Direct
CUST07903,Pooja Joshi,Female,41.0,Thane,Maharashtra,2025-08-21,Organic Search
CUST07904,Deepak Gupta,Male,48.0,Ghaziabad,Uttar Pradesh,2025-01-08,Referral
CUST07905,Ishita Bansal,Female,43.0,Vadodara,Gujarat,2025-08-28,Paid Search
CUST07906,Aadhya Verma,Female,20.0,Mumbai,Maharashtra,2023-09-18,Referral
CUST07907,Kavya Kapoor,Female,24.0,Bhopal,Madhya Pradesh,2024-12-01,Social Media
CUST07908,Reyansh Malhotra,Male,26.0,Kolkata,West Bengal,2025-05-24,Organic Search
CUST07909,Radhika Chatterjee,Female,28.0,Visakhapatnam,Andhra Pradesh,2024-08-24,Email
CUST07910,Tarun Chatterjee,Male,26.0,Noida,Uttar Pradesh,2024-04-02,Organic Search
CUST07911,Naveen Sharma,Male,27.0,Ahmedabad,Gujarat,2025-09-19,Organic Search
CUST07912,Ankit Das,Male,39.0,Jaipur,Rajasthan,2023-07-22,Organic Search
CUST07913,Yash Rao,Male,34.0,Hyderabad,Telangana,2024-05-21,Referral
CUST07914,Juhi Shah,Female,45.0,Coimbatore,Tamil Nadu,2025-06-28,Referral
CUST07915,Gaurav Singh,Male,36.0,Bengaluru,Karnataka,2025-07-18,Social Media
CUST07916,Kavya Desai,Female,26.0,Hyderabad,Telangana,2025-09-16,Organic Search
CUST07917,Aman Chauhan,Male,35.0,Coimbatore,Tamil Nadu,2025-07-06,Paid Search
CUST07918,Aditi Singh,Female,18.0,Mumbai,Maharashtra,2023-03-20,Organic Search
CUST07919,Kunal Chopra,Male,18.0,Kolkata,West Bengal,2025-08-09,Organic Search
CUST07920,Nisha Banerjee,Female,39.0,Jaipur,Rajasthan,2024-06-07,Referral
CUST07921,Rajesh Sharma,Male,43.0,Jaipur,Rajasthan,2024-12-30,Organic Search
CUST07922,Priya Banerjee,Female,34.0,Delhi,Delhi,2024-05-05,Organic Search
CUST07923,Komal Chauhan,Female,29.0,Mumbai,Maharashtra,2025-05-12,Organic Search
CUST07924,Sunita Tiwari,Female,20.0,Chennai,Tamil Nadu,2024-10-24,Direct
CUST07925,Pranav Banerjee,Male,45.0,Chennai,Tamil Nadu,2025-06-06,Paid Search
CUST07926,Ishita Chatterjee,Female,38.0,Gurugram,Haryana,2023-09-26,Social Media
CUST07927,Swati Nair,Female,36.0,Bhopal,Madhya Pradesh,2023-09-15,Organic Search
CUST07928,Aditi Iyer,Female,33.0,Jaipur,Rajasthan,2024-06-19,Paid Search
CUST07929,Preeti Banerjee,Female,28.0,Bengaluru,Karnataka,2023-01-08,Email
CUST07930,Divya Gupta,Female,22.0,Coimbatore,Tamil Nadu,2025-02-03,Organic Search
CUST07931,Neha Kapoor,Female,36.0,Delhi,Delhi,2024-01-22,Organic Search
CUST07932,Shreya Nair,Female,28.0,Gurugram,Haryana,2024-10-07,Organic Search
CUST07933,Vihaan Kapoor,Male,29.0,Gurugram,Haryana,2023-04-16,Direct
CUST07934,Deepak Desai,Male,50.0,Kochi,Kerala,2023-08-28,
CUST07935,Ishita Pandey,Female,33.0,Bengaluru,Karnataka,2024-12-05,Referral
CUST07936,Riya Reddy,Female,18.0,Delhi,Delhi,2024-02-01,Paid Search
CUST07937,Krishna Tiwari,Male,28.0,Surat,Gujarat,2023-10-21,Social Media
CUST07938,Gaurav Kapoor,Male,23.0,Chennai,Tamil Nadu,2023-11-07,Paid Search
CUST07939,Ankit Desai,Male,32.0,Ahmedabad,Gujarat,2023-10-21,Organic Search
CUST07940,Ankit Das,Male,19.0,Pune,Maharashtra,2024-12-05,Paid Search
CUST07941,Nisha Shah,Female,37.0,Nagpur,Maharashtra,2023-08-25,Organic Search
CUST07942,Divya Sharma,Female,30.0,Hyderabad,Telangana,2024-04-02,Organic Search
CUST07943,Sanjay Das,Male,28.0,Hyderabad,Telangana,2025-01-29,Direct
CUST07944,Sanjay Mishra,Male,34.0,Surat,Gujarat,2024-08-28,Direct
CUST07945,Gaurav Chauhan,Male,32.0,Mumbai,Maharashtra,2024-11-12,Referral
CUST07946,Sunita Gupta,Female,32.0,Nagpur,Maharashtra,2023-12-02,Organic Search
CUST07947,Diya Rao,Female,31.0,Patna,Bihar,2025-08-12,Organic Search
CUST07948,Harsh Banerjee,Male,33.0,Rajkot,Gujarat,2024-05-24,Organic Search
CUST07949,Aman Banerjee,Male,36.0,Bhopal,Madhya Pradesh,2024-01-12,Referral
CUST07950,Radhika Patel,Female,35.0,Kolkata,West Bengal,2025-07-21,Organic Search
CUST07951,Anita Malhotra,Female,44.0,Nashik,Maharashtra,2025-01-02,Organic Search
CUST07952,Preeti Banerjee,Female,28.0,Kolkata,West Bengal,2024-11-27,Social Media
CUST07953,Abhishek Chauhan,Male,35.0,Patna,Bihar,2025-07-08,Paid Search
CUST07954,Ishita Mehta,Female,57.0,Mumbai,Maharashtra,2023-03-31,Social Media
CUST07955,Priya Mishra,Female,33.0,Indore,Madhya Pradesh,2025-05-31,Social Media
CUST07956,Saanvi Yadav,Female,33.0,Mumbai,Maharashtra,2025-01-21,Social Media
CUST07957,Tarun Menon,Male,20.0,Mumbai,Maharashtra,2024-03-30,Referral
CUST07958,Arjun Yadav,Male,26.0,Kolkata,West Bengal,2023-12-09,Organic Search
CUST07959,Manish Kapoor,Male,32.0,Delhi,Delhi,2023-06-04,Organic Search
CUST07960,Neha Chatterjee,Female,38.0,Hyderabad,Telangana,2025-08-18,Paid Search
CUST07961,Anjali Mukherjee,Female,39.0,Visakhapatnam,Andhra Pradesh,2023-07-23,Paid Search
CUST07962,Aarav Das,Male,36.0,Pune,Maharashtra,2023-12-12,Paid Search
CUST07963,Neha Shah,Female,41.0,Thane,Maharashtra,2025-02-01,Paid Search
CUST07964,Aditi Kumar,Female,23.0,Patna,Bihar,2025-02-17,Paid Search
CUST07965,Kunal Bansal,Male,38.0,Kolkata,West Bengal,2023-08-16,Paid Search
CUST07966,Anjali Gupta,Female,33.0,Kochi,Kerala,2025-05-12,Direct
CUST07967,Nisha Malhotra,Female,34.0,Delhi,Delhi,2024-08-25,Organic Search
CUST07968,Reyansh Pandey,Male,29.0,Mumbai,Maharashtra,2025-06-08,Direct
CUST07969,Pooja Chatterjee,Female,23.0,Hyderabad,Telangana,2023-05-11,Social Media
CUST07970,Abhishek Bansal,Male,21.0,Bhopal,Madhya Pradesh,2023-03-08,Organic Search
CUST07971,Meera Chauhan,Female,36.0,Mumbai,Maharashtra,2024-12-17,Organic Search
CUST07972,Sneha Reddy,Female,38.0,Chennai,Tamil Nadu,2023-08-02,Social Media
CUST07973,Swati Mehta,Female,32.0,Pune,Maharashtra,2024-09-08,Social Media
CUST07974,Sunita Mukherjee,Female,33.0,Vadodara,Gujarat,2023-01-23,Paid Search
CUST07975,Sanjay Mishra,Male,26.0,Ludhiana,Punjab,2025-04-15,Paid Search
CUST07976,Rahul Malhotra,Male,38.0,Bengaluru,Karnataka,2025-07-18,Organic Search
CUST07977,Divya Patel,Female,34.0,Bengaluru,Karnataka,2025-06-01,Social Media
CUST07978,Aman Menon,Male,29.0,Kanpur,Uttar Pradesh,2025-08-31,Direct
CUST07979,Kavya Joshi,Female,42.0,Agra,Uttar Pradesh,2025-07-20,Paid Search
CUST07980,Tarun Iyer,Male,39.0,Delhi,Delhi,2024-06-23,Social Media
CUST07981,Vikram Patel,Male,18.0,Indore,Madhya Pradesh,2024-05-09,Organic Search
CUST07982,Karthik Yadav,Male,33.0,Bengaluru,Karnataka,2025-07-15,Paid Search
CUST07983,Aadhya Malhotra,Female,23.0,Delhi,Delhi,2025-08-07,Email
CUST07984,Abhishek Bansal,Male,34.0,Hyderabad,Telangana,2025-09-11,Referral
CUST07985,Payal Kumar,Female,18.0,Patna,Bihar,2025-04-06,Paid Search
CUST07986,Aditya Kumar,Male,35.0,Thane,Maharashtra,2023-10-06,Social Media
CUST07987,Preeti Gupta,Female,40.0,Kolkata,West Bengal,2025-08-21,Organic Search
CUST07988,Aadhya Kapoor,Female,32.0,Indore,Madhya Pradesh,2025-08-23,Organic Search
CUST07989,Diya Mishra,Female,21.0,Ahmedabad,Gujarat,2025-01-11,Social Media
CUST07990,Suresh Chauhan,Male,53.0,Bengaluru,Karnataka,2025-06-15,Email
CUST07991,Swati Mehta,Female,45.0,Ludhiana,Punjab,2024-10-11,Organic Search
CUST07992,Deepak Nair,Male,28.0,Mumbai,Maharashtra,2025-08-20,Direct
CUST07993,Radhika Banerjee,Female,30.0,Coimbatore,Tamil Nadu,2023-05-20,Direct
CUST07994,Deepak Sharma,Male,18.0,Patna,Bihar,2025-06-20,Organic Search
CUST07995,Aadhya Malhotra,Female,38.0,Indore,Madhya Pradesh,2023-03-26,Organic Search
CUST07996,Radhika Shah,Female,19.0,Pune,Maharashtra,2024-03-08,Paid Search
CUST07997,Radhika Yadav,Female,40.0,Vadodara,Gujarat,2023-07-14,Direct
CUST07998,Simran Mukherjee,Female,43.0,Mumbai,Maharashtra,2024-07-27,Paid Search
CUST07999,Ananya Kumar,Female,32.0,Jaipur,Rajasthan,2023-11-11,Organic Search
CUST08000,Vihaan Agarwal,Male,22.0,Bengaluru,Karnataka,2025-08-26,Direct
CUST08001,Neha Yadav,Female,45.0,Lucknow,Uttar Pradesh,2024-10-09,Organic Search
CUST08002,Payal Chauhan,Female,33.0,Kanpur,Uttar Pradesh,2025-07-16,Direct
CUST08003,Naveen Singh,Male,34.0,Bengaluru,Karnataka,2024-01-02,Referral
CUST08004,Rajesh Banerjee,Male,24.0,Delhi,Delhi,2023-02-10,Paid Search
CUST08005,Ritu Verma,Female,35.0,Jaipur,Rajasthan,2025-04-12,Email
CUST08006,Manish Tiwari,Male,31.0,Gurugram,Haryana,2025-02-11,Email
CUST08007,Ananya Banerjee,Female,20.0,Lucknow,Uttar Pradesh,2024-09-27,Social Media
CUST08008,Pooja Agarwal,Female,46.0,Kolkata,West Bengal,2025-05-13,Email
CUST08009,Divya Mehta,Female,51.0,Gurugram,Haryana,2025-06-02,Paid Search
CUST08010,Nikhil Shah,Male,43.0,Ghaziabad,Uttar Pradesh,2024-11-04,Referral
CUST08011,Sanjay Banerjee,Male,42.0,Thane,Maharashtra,2025-09-05,Email
CUST08012,Tanvi Desai,Female,51.0,Chennai,Tamil Nadu,2025-02-25,Direct
CUST08013,Pranav Reddy,Male,23.0,Kolkata,West Bengal,2025-01-20,Email
CUST08014,Vivaan Nair,Male,22.0,Bengaluru,Karnataka,2024-04-01,Direct
CUST08015,Manish Menon,Male,29.0,Vadodara,Gujarat,2023-01-04,Organic Search
CUST08016,Aarav Sharma,Male,36.0,Bengaluru,Karnataka,2023-11-21,Organic Search
CUST08017,Vikram Mehta,Male,30.0,Nagpur,Maharashtra,2025-04-02,Paid Search
CUST08018,Aman Bansal,Male,23.0,Nashik,Maharashtra,2025-02-17,Organic Search
CUST08019,Anjali Yadav,Female,33.0,Pune,Maharashtra,2024-02-29,Direct
CUST08020,Shreya Agarwal,Female,32.0,Delhi,Delhi,2024-12-07,Organic Search
CUST08021,Neha Kumar,Female,41.0,Mumbai,Maharashtra,2023-09-28,Paid Search
CUST08022,Priya Kumar,Female,33.0,Kanpur,Uttar Pradesh,2023-12-17,Paid Search
CUST08023,Gaurav Rao,Male,18.0,Bengaluru,Karnataka,2025-08-23,Referral
CUST08024,Ishaan Shah,Male,37.0,Mumbai,Maharashtra,2024-05-24,Organic Search
CUST08025,Divya Sharma,Female,49.0,Hyderabad,Telangana,2023-11-25,Direct
CUST08026,Rahul Shah,Male,33.0,Jaipur,Rajasthan,2024-08-03,Organic Search
CUST08027,Vikram Banerjee,Male,43.0,Pune,Maharashtra,2024-04-27,Organic Search
CUST08028,Manish Desai,Male,28.0,Delhi,Delhi,2025-03-05,Organic Search
CUST08029,Diya Gupta,Female,39.0,Jaipur,Rajasthan,2025-09-03,Direct
CUST08030,Gaurav Iyer,Male,26.0,Chennai,Tamil Nadu,2024-11-07,Organic Search
CUST08031,Rohan Iyer,Male,31.0,Kolkata,West Bengal,2024-11-07,Organic Search
CUST08032,Ishaan Singh,Male,31.0,Nashik,Maharashtra,2024-04-04,Organic Search
CUST08033,Riya Tiwari,Female,38.0,Mumbai,Maharashtra,2024-10-14,Social Media
CUST08034,Vihaan Saxena,Male,25.0,Pune,Maharashtra,2024-02-16,Paid Search
CUST08035,Swati Singh,Female,18.0,Delhi,Delhi,2023-01-02,Organic Search
CUST08036,Harsh Reddy,Male,38.0,Delhi,Delhi,2025-06-22,Paid Search
CUST08037,Gaurav Sharma,Male,37.0,Surat,Gujarat,2024-06-09,Social Media
CUST08038,Aarav Bansal,Male,34.0,Kanpur,Uttar Pradesh,2024-08-08,Paid Search
CUST08039,Nikhil Menon,Male,42.0,Jaipur,Rajasthan,2023-05-05,Social Media
CUST08040,Abhishek Saxena,Male,31.0,Gurugram,Haryana,2025-05-30,Direct
CUST08041,Radhika Banerjee,Female,36.0,Patna,Bihar,2023-08-28,Email
CUST08042,Kunal Gupta,Male,30.0,Delhi,Delhi,2024-05-21,Referral
CUST08043,Simran Yadav,Female,30.0,Lucknow,Uttar Pradesh,2025-06-02,Organic Search
CUST08044,Aarav Bansal,Male,36.0,Surat,Gujarat,2024-07-06,Paid Search
CUST08045,Naveen Shah,Male,56.0,Lucknow,Uttar Pradesh,2025-08-11,Paid Search
CUST08046,Aditi Patel,Female,40.0,Chennai,Tamil Nadu,2023-10-15,Paid Search
CUST08047,Radhika Tiwari,Female,38.0,Gurugram,Haryana,2025-02-21,Organic Search
CUST08048,Gaurav Saxena,Male,41.0,Chennai,Tamil Nadu,2025-09-14,Paid Search
CUST08049,Sanjay Chopra,Male,18.0,Patna,Bihar,2024-10-01,Paid Search
CUST08050,Meera Patel,Female,36.0,Kolkata,West Bengal,2025-02-02,Social Media
CUST08051,Karthik Patel,Male,42.0,Patna,Bihar,2024-05-03,Organic Search
CUST08052,Kavya Kapoor,Female,34.0,Ahmedabad,Gujarat,2025-03-23,Organic Search
CUST08053,Diya Gupta,Female,33.0,Mumbai,Maharashtra,2025-07-25,Paid Search
CUST08054,Pranav Patel,Male,24.0,Kolkata,West Bengal,2025-02-11,Paid Search
CUST08055,Anita Sharma,Female,29.0,Pune,Maharashtra,2025-08-14,Organic Search
CUST08056,Varun Das,Male,25.0,Delhi,Delhi,2024-11-05,Social Media
CUST08057,Ananya Desai,Female,43.0,Lucknow,Uttar Pradesh,2024-10-25,Social Media
CUST08058,Aadhya Saxena,Female,48.0,Agra,Uttar Pradesh,2024-01-31,Organic Search
CUST08059,Kiran Gupta,Female,52.0,Nashik,Maharashtra,2025-02-17,Organic Search
CUST08060,Shreya Mishra,Female,25.0,Ahmedabad,Gujarat,2025-07-04,Social Media
CUST08061,Ritu Rao,Female,26.0,Chennai,Tamil Nadu,2024-12-25,Paid Search
CUST08062,Sanjay Pandey,Male,26.0,Agra,Uttar Pradesh,2023-11-12,Organic Search
CUST08063,Rahul Malhotra,Male,23.0,Guwahati,Assam,2024-09-25,Organic Search
CUST08064,Gaurav Rao,Male,23.0,Mumbai,Maharashtra,2025-03-27,Direct
CUST08065,Arjun Pandey,Male,28.0,Mumbai,Maharashtra,2025-08-17,Paid Search
CUST08066,Sunita Joshi,Female,42.0,Mumbai,Maharashtra,2023-08-11,Organic Search
CUST08067,Aarav Kapoor,Male,26.0,Chennai,Tamil Nadu,2023-07-04,Social Media
CUST08068,Riya Pandey,Female,44.0,Patna,Bihar,2024-05-23,Organic Search
CUST08069,Rajesh Chatterjee,Male,47.0,Mumbai,Maharashtra,2023-07-02,Organic Search
CUST08070,Rahul Singh,Male,36.0,Nagpur,Maharashtra,2025-09-16,Referral
CUST08071,Ankit Gupta,Male,45.0,Delhi,Delhi,2024-06-04,Direct
CUST08072,Radhika Rao,Female,19.0,Mumbai,Maharashtra,2024-09-16,Paid Search
CUST08073,Pranav Chauhan,Male,27.0,Jaipur,Rajasthan,2023-11-05,Social Media
CUST08074,Manish Tiwari,Male,35.0,Jaipur,Rajasthan,2024-06-28,Paid Search
CUST08075,Suresh Das,Male,35.0,Bengaluru,Karnataka,2025-09-19,Social Media
CUST08076,Priya Joshi,Female,47.0,Hyderabad,Telangana,2024-08-05,Social Media
CUST08077,Deepak Mehta,Male,23.0,Hyderabad,Telangana,2023-01-15,Social Media
CUST08078,Anita Pandey,Female,28.0,Gurugram,Haryana,2023-11-23,Organic Search
CUST08079,Gaurav Iyer,Male,32.0,Nashik,Maharashtra,2025-09-15,Organic Search
CUST08080,Deepak Banerjee,Male,28.0,Pune,Maharashtra,2025-09-23,Social Media
CUST08081,Nisha Tiwari,Female,23.0,Noida,Uttar Pradesh,2023-10-16,Paid Search
CUST08082,Simran Bansal,Female,28.0,Jaipur,Rajasthan,2024-11-28,Direct
CUST08083,Riya Agarwal,Female,31.0,Mumbai,Maharashtra,2023-04-26,
CUST08084,Vivaan Chatterjee,Male,47.0,Kolkata,West Bengal,2024-10-26,Direct
CUST08085,Kavya Kumar,Female,23.0,Coimbatore,Tamil Nadu,2023-07-02,Organic Search
CUST08086,Tanvi Nair,Female,41.0,Lucknow,Uttar Pradesh,2025-05-16,Organic Search
CUST08087,Sunita Menon,Female,46.0,Noida,Uttar Pradesh,2025-08-17,Direct
CUST08088,Ankit Bansal,Male,28.0,Pune,Maharashtra,2023-08-31,Paid Search
CUST08089,Vivaan Bansal,Male,36.0,Chandigarh,Chandigarh,2024-07-11,Organic Search
CUST08090,Rajesh Mishra,Male,39.0,Visakhapatnam,Andhra Pradesh,2023-05-31,Social Media
CUST08091,Ishita Gupta,,37.0,Ghaziabad,Uttar Pradesh,2024-03-08,Paid Search
CUST08092,Priya Chatterjee,Female,34.0,Guwahati,Assam,2023-04-09,Direct
CUST08093,Suresh Yadav,Male,26.0,Hyderabad,Telangana,2023-12-18,Email
CUST08094,Suresh Banerjee,Male,40.0,Surat,Gujarat,2025-09-23,Social Media
CUST08095,Arjun Shah,Male,29.0,Bengaluru,Karnataka,2023-03-10,Organic Search
CUST08096,Siddharth Bansal,Male,33.0,Agra,Uttar Pradesh,2025-06-16,Organic Search
CUST08097,Juhi Verma,Female,35.0,Jaipur,Rajasthan,2023-04-27,Email
CUST08098,Pranav Nair,Male,42.0,Delhi,Delhi,2024-09-12,Organic Search
CUST08099,Deepak Malhotra,Male,52.0,Chennai,Tamil Nadu,2024-07-01,Organic Search
CUST08100,Rahul Kumar,Male,26.0,Delhi,Delhi,2025-08-11,Social Media
CUST08101,Krishna Chauhan,Male,34.0,Chennai,Tamil Nadu,2023-10-02,Email
CUST08102,Nisha Iyer,Female,18.0,Mumbai,Maharashtra,2023-09-09,Paid Search
CUST08103,Tarun Iyer,Male,48.0,Noida,Uttar Pradesh,2025-03-21,Social Media
CUST08104,Payal Tiwari,Female,33.0,Jaipur,Rajasthan,2025-03-02,Direct
CUST08105,Sneha Kumar,Female,30.0,Kochi,Kerala,2025-02-08,Organic Search
CUST08106,Meera Chatterjee,Female,34.0,Delhi,Delhi,2023-02-10,Organic Search
CUST08107,Vikram Mukherjee,Male,34.0,Ahmedabad,Gujarat,2023-12-13,
CUST08108,Rekha Gupta,Female,26.0,Gurugram,Haryana,2025-06-02,Paid Search
CUST08109,Komal Rao,Female,45.0,Nagpur,Maharashtra,2024-11-15,Email
CUST08110,Harsh Mukherjee,Male,39.0,Mumbai,Maharashtra,2024-11-17,Paid Search
CUST08111,Pooja Mishra,Female,41.0,Rajkot,Gujarat,2024-01-22,Social Media
CUST08112,Rohan Banerjee,Male,26.0,Delhi,Delhi,2023-12-13,Social Media
CUST08113,Rohan Das,Male,26.0,Bengaluru,Karnataka,2025-08-22,Paid Search
CUST08114,Vihaan Malhotra,Male,32.0,Thane,Maharashtra,2025-03-04,Organic Search
CUST08115,Ananya Kumar,Female,41.0,Indore,Madhya Pradesh,2023-07-03,Organic Search
CUST08116,Tarun Kumar,Male,38.0,Lucknow,Uttar Pradesh,2025-08-15,Organic Search
CUST08117,Karthik Banerjee,Male,25.0,Mumbai,Maharashtra,2024-10-30,Organic Search
CUST08118,Gaurav Desai,Male,40.0,Bengaluru,Karnataka,2024-03-02,Organic Search
CUST08119,Aditya Rao,Male,23.0,Hyderabad,Telangana,2024-05-07,Organic Search
CUST08120,Manish Gupta,Male,26.0,Ahmedabad,Gujarat,2025-03-02,Social Media
CUST08121,Ananya Agarwal,Female,35.0,Mumbai,Maharashtra,2024-04-16,Paid Search
CUST08122,Naveen Malhotra,Male,21.0,Kanpur,Uttar Pradesh,2024-10-27,Organic Search
CUST08123,Radhika Mishra,Female,23.0,Coimbatore,Tamil Nadu,2025-02-17,Organic Search
CUST08124,Radhika Bansal,Female,49.0,Kochi,Kerala,2023-09-28,Organic Search
CUST08125,Kavya Agarwal,Female,47.0,Patna,Bihar,2025-08-20,Social Media
CUST08126,Preeti Mukherjee,Female,56.0,Delhi,Delhi,2024-03-26,Paid Search
CUST08127,Aman Tiwari,Male,38.0,Kolkata,West Bengal,2024-05-30,Social Media
CUST08128,Nisha Malhotra,Female,39.0,Chandigarh,Chandigarh,2025-02-07,Paid Search
CUST08129,Pranav Singh,Male,31.0,Mumbai,Maharashtra,2024-11-22,Organic Search
CUST08130,Vikram Bansal,Male,29.0,Bengaluru,Karnataka,2024-06-19,Referral
CUST08131,Siddharth Shah,Male,42.0,Bengaluru,Karnataka,2024-12-28,Organic Search
CUST08132,Kiran Yadav,,47.0,Surat,Gujarat,2025-07-20,Paid Search
CUST08133,Rekha Saxena,Female,41.0,Noida,Uttar Pradesh,2025-05-01,Social Media
CUST08134,Vikram Singh,Male,25.0,Kolkata,West Bengal,2025-05-20,Social Media
CUST08135,Saanvi Gupta,Female,37.0,Pune,Maharashtra,2023-12-11,Paid Search
CUST08136,Ankit Bansal,Male,25.0,Lucknow,Uttar Pradesh,2024-05-30,Email
CUST08137,Aarav Bansal,Male,30.0,Ludhiana,Punjab,2024-10-04,
CUST08138,Suresh Malhotra,Male,49.0,Bengaluru,Karnataka,2023-03-10,Referral
CUST08139,Divya Chatterjee,Female,21.0,Surat,Gujarat,2025-04-07,Organic Search
CUST08140,Aarav Chauhan,Male,55.0,Gurugram,Haryana,2024-02-21,Paid Search
CUST08141,Ankit Kapoor,Male,38.0,Gurugram,Haryana,2024-01-07,Organic Search
CUST08142,Abhishek Chauhan,Male,28.0,Ahmedabad,Gujarat,2023-12-12,Social Media
CUST08143,Riya Nair,Female,34.0,Delhi,Delhi,2024-01-08,Paid Search
CUST08144,Neha Nair,Female,26.0,Gurugram,Haryana,2024-03-07,Social Media
CUST08145,Vihaan Desai,Male,28.0,Chandigarh,Chandigarh,2024-11-19,Email
CUST08146,Saanvi Malhotra,Female,34.0,Mumbai,Maharashtra,2024-10-31,Paid Search
CUST08147,Radhika Kumar,Female,30.0,Mumbai,Maharashtra,2023-12-08,Social Media
CUST08148,Rohan Kumar,Male,24.0,Delhi,Delhi,2023-10-11,Social Media
CUST08149,Harsh Yadav,Male,31.0,Lucknow,Uttar Pradesh,2025-05-22,Referral
CUST08150,Nisha Joshi,Female,20.0,Hyderabad,Telangana,2023-05-18,Organic Search
CUST08151,Sanjay Shah,Male,20.0,Bengaluru,Karnataka,2024-08-28,Social Media
CUST08152,Deepak Nair,Male,20.0,Patna,Bihar,2024-09-04,Direct
CUST08153,Anjali Yadav,Female,50.0,Bengaluru,Karnataka,2024-10-23,Organic Search
CUST08154,Juhi Shah,Female,37.0,Noida,Uttar Pradesh,2025-07-07,Social Media
CUST08155,Nisha Desai,Female,39.0,Chennai,Tamil Nadu,2024-12-06,Organic Search
CUST08156,Radhika Mukherjee,Female,33.0,Chennai,Tamil Nadu,2025-09-11,Referral
CUST08157,Siddharth Tiwari,Male,38.0,Gurugram,Haryana,2025-06-26,Email
CUST08158,Radhika Agarwal,Female,45.0,Delhi,Delhi,2023-10-21,Direct
CUST08159,Abhishek Chopra,Male,37.0,Delhi,Delhi,2023-11-21,Social Media
CUST08160,Pooja Agarwal,Female,49.0,Chennai,Tamil Nadu,2024-03-14,Paid Search
CUST08161,Tarun Tiwari,Male,33.0,Jaipur,Rajasthan,2024-05-02,Social Media
CUST08162,Harsh Mehta,Male,39.0,Kolkata,West Bengal,2024-10-04,Email
CUST08163,Harsh Verma,Male,40.0,Noida,Uttar Pradesh,2023-11-11,Social Media
CUST08164,Rekha Reddy,Female,24.0,Guwahati,Assam,2023-10-30,Organic Search
CUST08165,Arjun Mishra,Male,33.0,Mumbai,Maharashtra,2024-04-21,Organic Search
CUST08166,Payal Malhotra,Female,18.0,Delhi,Delhi,2025-01-16,Social Media
CUST08167,Deepak Kumar,Male,32.0,Pune,Maharashtra,2025-01-30,Organic Search
CUST08168,Sanjay Nair,Male,30.0,Noida,Uttar Pradesh,2025-09-13,Social Media
CUST08169,Tanvi Desai,Female,30.0,Bengaluru,Karnataka,2023-10-06,Referral
CUST08170,Yash Kumar,Male,29.0,Ahmedabad,Gujarat,2024-05-03,Paid Search
CUST08171,Neha Joshi,Female,38.0,Bengaluru,Karnataka,2025-09-05,Organic Search
CUST08172,Tanvi Gupta,Female,24.0,Noida,Uttar Pradesh,2025-01-31,Referral
CUST08173,Saanvi Chopra,Female,52.0,Delhi,Delhi,2024-11-08,Paid Search
CUST08174,Vihaan Rao,Male,39.0,Pune,Maharashtra,2024-09-21,Referral
CUST08175,Nisha Menon,Female,25.0,Mumbai,Maharashtra,2023-04-24,Organic Search
CUST08176,Payal Sharma,Female,39.0,Jaipur,Rajasthan,2025-07-13,Organic Search
CUST08177,Nisha Kapoor,Female,43.0,Ahmedabad,Gujarat,2024-12-07,Organic Search
CUST08178,Neha Malhotra,Female,37.0,Pune,Maharashtra,2024-10-20,Paid Search
CUST08179,Siddharth Pandey,Male,23.0,Mumbai,Maharashtra,2024-09-21,Direct
CUST08180,Ritu Chopra,Female,55.0,Mumbai,Maharashtra,2024-05-02,Social Media
CUST08181,Sanjay Malhotra,Male,39.0,Mumbai,Maharashtra,2023-12-07,Organic Search
CUST08182,Aadhya Menon,Female,21.0,Ludhiana,Punjab,2025-03-26,Organic Search
CUST08183,Anjali Gupta,Female,35.0,Indore,Madhya Pradesh,2024-08-25,Social Media
CUST08184,Preeti Kapoor,Female,31.0,Delhi,Delhi,2023-02-22,Organic Search
CUST08185,Karthik Sharma,Male,33.0,Hyderabad,Telangana,2024-05-09,Organic Search
CUST08186,Tanvi Kapoor,Female,21.0,Chennai,Tamil Nadu,2025-08-09,Social Media
CUST08187,Kunal Gupta,Male,34.0,Mumbai,Maharashtra,2024-04-14,Organic Search
CUST08188,Pranav Verma,Male,25.0,Ludhiana,Punjab,2024-05-24,Paid Search
CUST08189,Aditi Joshi,Female,30.0,Ahmedabad,Gujarat,2024-12-06,Paid Search
CUST08190,Naveen Mishra,Male,37.0,Kanpur,Uttar Pradesh,2025-05-03,
CUST08191,Naveen Chopra,Male,28.0,Lucknow,Uttar Pradesh,2025-01-13,Organic Search
CUST08192,Saanvi Chopra,Female,30.0,Chandigarh,Chandigarh,2025-06-10,Paid Search
CUST08193,Kiran Bansal,Female,,Thane,Maharashtra,2023-06-16,Organic Search
CUST08194,Tanvi Chatterjee,Female,24.0,Mumbai,Maharashtra,2025-08-06,Direct
CUST08195,Neha Chopra,Female,27.0,Delhi,Delhi,2025-07-21,Organic Search
CUST08196,Priya Banerjee,Female,20.0,Chennai,Tamil Nadu,2024-09-03,Social Media
CUST08197,Ankit Tiwari,Male,25.0,Mumbai,Maharashtra,2024-12-06,Organic Search
CUST08198,Varun Chopra,Male,34.0,Ahmedabad,Gujarat,2023-10-19,Organic Search
CUST08199,Kiran Rao,Female,39.0,Kochi,Kerala,2024-06-27,Paid Search
CUST08200,Komal Nair,Female,25.0,Delhi,Delhi,2023-10-07,Social Media
CUST08201,Krishna Kapoor,Male,39.0,Indore,Madhya Pradesh,2023-02-04,Organic Search
CUST08202,Pranav Banerjee,Male,34.0,Bengaluru,Karnataka,2025-09-17,Organic Search
CUST08203,Anjali Kumar,Female,19.0,Mumbai,Maharashtra,2023-12-12,Email
CUST08204,Preeti Kapoor,Female,35.0,Mumbai,Maharashtra,2024-11-09,Paid Search
CUST08205,Kavya Desai,Female,45.0,Mumbai,Maharashtra,2024-01-27,Referral
CUST08206,Anjali Sharma,Female,18.0,Hyderabad,Telangana,2024-04-10,Organic Search
CUST08207,Nisha Iyer,Female,53.0,Noida,Uttar Pradesh,2024-05-08,Referral
CUST08208,Riya Chopra,Female,27.0,Surat,Gujarat,2024-03-04,Social Media
CUST08209,Krishna Patel,Male,18.0,Delhi,Delhi,2024-12-17,Organic Search
CUST08210,Kavya Chauhan,Female,34.0,Mumbai,Maharashtra,2025-09-02,Organic Search
CUST08211,Divya Joshi,Female,41.0,Noida,Uttar Pradesh,2024-06-08,Direct
CUST08212,Preeti Menon,Female,30.0,Delhi,Delhi,2025-09-11,Organic Search
CUST08213,Rohan Saxena,Male,36.0,Bengaluru,Karnataka,2025-01-12,Organic Search
CUST08214,Rekha Kapoor,Female,54.0,Ludhiana,Punjab,2024-11-21,Organic Search
CUST08215,Neha Mishra,Female,35.0,Pune,Maharashtra,2023-11-16,Paid Search
CUST08216,Karthik Saxena,Male,63.0,Bengaluru,Karnataka,2023-04-06,Paid Search
CUST08217,Rekha Chatterjee,Female,46.0,Lucknow,Uttar Pradesh,2025-06-11,Paid Search
CUST08218,Simran Nair,Female,34.0,Ahmedabad,Gujarat,2024-10-23,Referral
CUST08219,Preeti Pandey,Female,36.0,Jaipur,Rajasthan,2024-05-25,Organic Search
CUST08220,Ishita Sharma,Female,30.0,Mumbai,Maharashtra,2025-05-11,Email
CUST08221,Aditya Chatterjee,Male,35.0,Rajkot,Gujarat,2024-02-07,Direct
CUST08222,Nisha Kapoor,Female,39.0,Jaipur,Rajasthan,2025-04-18,Organic Search
CUST08223,Ishaan Yadav,Male,29.0,Mumbai,Maharashtra,2024-02-26,Email
CUST08224,Ishita Malhotra,Female,19.0,Pune,Maharashtra,2025-08-03,Organic Search
CUST08225,Meera Sharma,Female,46.0,Ahmedabad,Gujarat,2023-12-22,Paid Search
CUST08226,Komal Malhotra,Female,43.0,Chandigarh,Chandigarh,2023-07-17,Organic Search
CUST08227,Sunita Kapoor,Female,19.0,Delhi,Delhi,2025-02-07,Organic Search
CUST08228,Pooja Sharma,Female,35.0,Hyderabad,Telangana,2023-08-19,Organic Search
CUST08229,Rahul Reddy,Male,43.0,Bhopal,Madhya Pradesh,2025-08-24,Organic Search
CUST08230,Suresh Banerjee,Male,42.0,Bengaluru,Karnataka,2025-01-02,Organic Search
CUST08231,Abhishek Desai,Male,26.0,Hyderabad,Telangana,2023-11-09,Direct
CUST08232,Swati Malhotra,Female,43.0,Visakhapatnam,Andhra Pradesh,2023-10-14,Direct
CUST08233,Neha Das,Female,33.0,Indore,Madhya Pradesh,2025-08-05,Social Media
CUST08234,Aditi Saxena,Female,37.0,Ahmedabad,Gujarat,2024-11-22,Organic Search
CUST08235,Karthik Malhotra,Male,24.0,Chennai,Tamil Nadu,2025-07-13,Direct
CUST08236,Ishita Kumar,Female,18.0,Pune,Maharashtra,2023-06-11,Direct
CUST08237,Siddharth Chopra,Male,25.0,Coimbatore,Tamil Nadu,2025-08-06,Email
CUST08238,Kavya Shah,Female,38.0,Lucknow,Uttar Pradesh,2024-09-03,Social Media
CUST08239,Simran Patel,Female,31.0,Jaipur,Rajasthan,2025-01-13,Organic Search
CUST08240,Ishita Desai,Female,40.0,Vadodara,Gujarat,2024-04-13,Direct
CUST08241,Kiran Mukherjee,Female,44.0,Hyderabad,Telangana,2023-04-01,Paid Search
CUST08242,Vikram Tiwari,Male,30.0,Chennai,Tamil Nadu,2025-08-31,Social Media
CUST08243,Abhishek Joshi,Male,29.0,Kanpur,Uttar Pradesh,2025-09-27,Organic Search
CUST08244,Nisha Mukherjee,Female,18.0,Ahmedabad,Gujarat,2024-04-04,Organic Search
CUST08245,Sneha Kumar,Female,18.0,Kolkata,West Bengal,2025-08-20,Direct
CUST08246,Rajesh Chauhan,Male,20.0,Delhi,Delhi,2023-08-25,Social Media
CUST08247,Ankit Rao,Male,39.0,Surat,Gujarat,2023-08-08,Social Media
CUST08248,Rekha Menon,Female,30.0,Lucknow,Uttar Pradesh,2023-04-21,Organic Search
CUST08249,Tarun Mukherjee,Male,28.0,Agra,Uttar Pradesh,2024-05-01,Paid Search
CUST08250,Gaurav Tiwari,Male,27.0,Mumbai,Maharashtra,2023-03-22,Organic Search
CUST08251,Reyansh Mehta,Male,25.0,Coimbatore,Tamil Nadu,2024-05-05,Referral
CUST08252,Riya Malhotra,Female,42.0,Mumbai,Maharashtra,2023-07-18,Paid Search
CUST08253,Suresh Chopra,Male,34.0,Thane,Maharashtra,2025-03-06,Paid Search
CUST08254,Pranav Sharma,Male,43.0,Jaipur,Rajasthan,2025-05-28,
CUST08255,Ishaan Iyer,Male,18.0,Ahmedabad,Gujarat,2025-01-29,Paid Search
CUST08256,Krishna Verma,Male,38.0,Gurugram,Haryana,2023-10-04,Paid Search
CUST08257,Priya Kumar,Female,28.0,Chennai,Tamil Nadu,2025-04-05,Email
CUST08258,Abhishek Gupta,Male,30.0,Mumbai,Maharashtra,2023-12-01,Referral
CUST08259,Krishna Mehta,Male,47.0,Kolkata,West Bengal,2025-03-30,Paid Search
CUST08260,Simran Malhotra,Female,29.0,Pune,Maharashtra,2024-10-17,Paid Search
CUST08261,Juhi Kumar,Female,38.0,Thane,Maharashtra,2024-04-06,Direct
CUST08262,Yash Iyer,Male,23.0,Ahmedabad,Gujarat,2023-05-05,Paid Search
CUST08263,Kunal Joshi,Male,33.0,Mumbai,Maharashtra,2025-05-23,Social Media
CUST08264,Shreya Shah,Female,18.0,Hyderabad,Telangana,2025-08-17,Organic Search
CUST08265,Diya Mehta,Female,32.0,Jaipur,Rajasthan,2025-01-11,Paid Search
CUST08266,Riya Das,Female,37.0,Pune,Maharashtra,2025-09-04,Organic Search
CUST08267,Ankit Malhotra,Male,44.0,Ludhiana,Punjab,2025-08-13,Organic Search
CUST08268,Preeti Banerjee,Female,25.0,Bengaluru,Karnataka,2023-09-27,Organic Search
CUST08269,Ishaan Nair,Male,28.0,Pune,Maharashtra,2025-03-07,Paid Search
CUST08270,Aman Chauhan,Male,27.0,Kochi,Kerala,2024-03-19,Organic Search
CUST08271,Nisha Yadav,Female,30.0,Hyderabad,Telangana,2024-08-04,Referral
CUST08272,Neha Reddy,Female,23.0,Chennai,Tamil Nadu,2023-08-11,Paid Search
CUST08273,Yash Chopra,Male,,Guwahati,Assam,2025-09-12,Organic Search
CUST08274,Vivaan Desai,Male,23.0,Delhi,Delhi,2025-03-02,Paid Search
CUST08275,Ananya Gupta,Female,33.0,Pune,Maharashtra,2023-12-21,Organic Search
CUST08276,Aditya Verma,Male,32.0,Ahmedabad,Gujarat,2024-04-11,Organic Search
CUST08277,Manish Sharma,Male,39.0,Mumbai,Maharashtra,2024-06-02,Organic Search
CUST08278,Vikram Kumar,Male,41.0,Bhopal,Madhya Pradesh,2025-03-20,Email
CUST08279,Ishaan Singh,Male,29.0,Delhi,Delhi,2025-08-06,Paid Search
CUST08280,Priya Singh,Female,18.0,Coimbatore,Tamil Nadu,2024-02-19,Organic Search
CUST08281,Vikram Menon,Male,,Chennai,Tamil Nadu,2024-07-21,Paid Search
CUST08282,Aditi Chopra,Female,33.0,Delhi,Delhi,2024-11-09,Organic Search
CUST08283,Divya Chatterjee,Female,30.0,Bengaluru,Karnataka,2024-05-04,Social Media
CUST08284,Aarav Das,Male,45.0,Ghaziabad,Uttar Pradesh,2024-08-20,Direct
CUST08285,Sunita Nair,Female,38.0,Ahmedabad,Gujarat,2023-06-05,Organic Search
CUST08286,Karthik Kapoor,Male,34.0,Bengaluru,Karnataka,2023-08-25,Organic Search
CUST08287,Nisha Rao,Female,35.0,Bengaluru,Karnataka,2024-05-11,Social Media
CUST08288,Payal Rao,Female,41.0,Jaipur,Rajasthan,2025-07-29,Social Media
CUST08289,Divya Tiwari,Female,26.0,Bengaluru,Karnataka,2024-03-19,Referral
CUST08290,Suresh Chatterjee,Male,24.0,Gurugram,Haryana,2023-12-01,Social Media
CUST08291,Anita Chatterjee,Female,31.0,Mumbai,Maharashtra,2025-03-16,Organic Search
CUST08292,Kavya Gupta,Female,21.0,Delhi,Delhi,2025-08-24,Referral
CUST08293,Kunal Mishra,Male,33.0,Chennai,Tamil Nadu,2024-07-08,Organic Search
CUST08294,Naveen Iyer,Male,34.0,Delhi,Delhi,2023-01-14,Organic Search
CUST08295,Siddharth Malhotra,Male,32.0,Visakhapatnam,Andhra Pradesh,2025-01-30,
CUST08296,Aman Malhotra,Male,29.0,Chandigarh,Chandigarh,2024-05-25,Social Media
CUST08297,Gaurav Pandey,Male,50.0,Jaipur,Rajasthan,2025-01-17,Organic Search
CUST08298,Komal Pandey,Female,42.0,Agra,Uttar Pradesh,2024-01-02,Organic Search
CUST08299,Preeti Kumar,Female,32.0,Vadodara,Gujarat,2023-01-04,Organic Search
CUST08300,Harsh Singh,Male,34.0,Delhi,Delhi,2024-03-14,Social Media
CUST08301,Simran Pandey,Female,47.0,Mumbai,Maharashtra,2025-02-13,Referral
CUST08302,Komal Reddy,Female,27.0,Surat,Gujarat,2024-05-03,Social Media
CUST08303,Ankit Chauhan,Male,23.0,Kochi,Kerala,2023-10-26,Email
CUST08304,Diya Menon,Female,35.0,Ghaziabad,Uttar Pradesh,2024-07-12,Social Media
CUST08305,Kavya Nair,Female,37.0,Surat,Gujarat,2025-03-24,Organic Search
CUST08306,Juhi Patel,Female,38.0,Delhi,Delhi,2023-06-23,Paid Search
CUST08307,Suresh Saxena,Male,41.0,Visakhapatnam,Andhra Pradesh,2025-02-02,Organic Search
CUST08308,Yash Verma,Male,26.0,Kanpur,Uttar Pradesh,2025-01-12,Organic Search
CUST08309,Radhika Mukherjee,Female,19.0,Gurugram,Haryana,2024-04-10,Organic Search
CUST08310,Tarun Chopra,Male,27.0,Indore,Madhya Pradesh,2025-09-09,Direct
CUST08311,Varun Menon,Male,39.0,Mumbai,Maharashtra,2025-07-14,Organic Search
CUST08312,Arjun Reddy,Male,24.0,Surat,Gujarat,2024-02-13,Paid Search
CUST08313,Sanjay Kumar,Male,18.0,Ahmedabad,Gujarat,2023-02-18,Referral
CUST08314,Aarav Patel,Male,34.0,Chennai,Tamil Nadu,2024-02-04,Social Media
CUST08315,Ritu Tiwari,Female,27.0,Surat,Gujarat,2023-10-09,Organic Search
CUST08316,Kunal Menon,Male,18.0,Coimbatore,Tamil Nadu,2024-09-28,Paid Search
CUST08317,Kiran Sharma,Female,34.0,Bhopal,Madhya Pradesh,2025-08-01,Email
CUST08318,Kiran Iyer,Female,29.0,Mumbai,Maharashtra,2025-06-25,Paid Search
CUST08319,Anjali Desai,Female,50.0,Delhi,Delhi,2024-02-02,Organic Search
CUST08320,Siddharth Desai,Male,34.0,Ahmedabad,Gujarat,2024-06-08,
CUST08321,Yash Gupta,Male,39.0,Kanpur,Uttar Pradesh,2023-02-26,Paid Search
CUST08322,Aditi Mehta,Female,33.0,Surat,Gujarat,2024-09-26,Paid Search
CUST08323,Simran Agarwal,Female,27.0,Kolkata,West Bengal,2023-04-07,Organic Search
CUST08324,Tarun Saxena,Male,28.0,Chennai,Tamil Nadu,2025-08-16,Direct
CUST08325,Riya Mukherjee,Female,44.0,Patna,Bihar,2025-06-23,Direct
CUST08326,Aditi Gupta,Female,40.0,Mumbai,Maharashtra,2023-10-20,Organic Search
CUST08327,Rajesh Pandey,Male,18.0,Jaipur,Rajasthan,2025-02-08,Organic Search
CUST08328,Meera Chatterjee,Female,21.0,Vadodara,Gujarat,2024-10-17,Organic Search
CUST08329,Divya Agarwal,Female,21.0,Bengaluru,Karnataka,2025-05-02,Social Media
CUST08330,Aadhya Mehta,Female,44.0,Delhi,Delhi,2024-07-24,Organic Search
CUST08331,Aditya Pandey,Male,18.0,Kanpur,Uttar Pradesh,2023-09-23,Social Media
CUST08332,Harsh Reddy,Male,41.0,Delhi,Delhi,2024-12-20,Direct
CUST08333,Deepak Malhotra,Male,37.0,Kolkata,West Bengal,2023-05-01,
CUST08334,Krishna Menon,Male,34.0,Gurugram,Haryana,2024-11-01,Organic Search
CUST08335,Aman Nair,Male,28.0,Mumbai,Maharashtra,2023-10-19,Organic Search
CUST08336,Nisha Patel,Female,45.0,Chandigarh,Chandigarh,2025-01-27,Organic Search
CUST08337,Ishaan Chauhan,Male,34.0,Delhi,Delhi,2025-05-23,Direct
CUST08338,Reyansh Chatterjee,Male,19.0,Kolkata,West Bengal,2023-06-10,Organic Search
CUST08339,Payal Menon,Female,21.0,Delhi,Delhi,2024-05-11,Social Media
CUST08340,Manish Singh,Male,18.0,Indore,Madhya Pradesh,2025-03-08,Paid Search
CUST08341,Siddharth Kumar,Male,45.0,Guwahati,Assam,2023-08-20,Organic Search
CUST08342,Aadhya Iyer,Female,47.0,Hyderabad,Telangana,2024-10-16,Organic Search
CUST08343,Nisha Verma,Female,44.0,Gurugram,Haryana,2025-01-16,Referral
CUST08344,Vihaan Joshi,Male,32.0,Indore,Madhya Pradesh,2024-03-25,Referral
CUST08345,Rekha Patel,Female,19.0,Noida,Uttar Pradesh,2025-05-26,Organic Search
CUST08346,Diya Chopra,Female,22.0,Kanpur,Uttar Pradesh,2024-08-26,Social Media
CUST08347,Radhika Kapoor,Female,23.0,Kanpur,Uttar Pradesh,2024-12-08,Paid Search
CUST08348,Priya Banerjee,Female,33.0,Gurugram,Haryana,2023-07-22,Organic Search
CUST08349,Naveen Shah,Male,47.0,Indore,Madhya Pradesh,2023-02-06,Organic Search
CUST08350,Aditya Bansal,Male,47.0,Ludhiana,Punjab,2023-03-19,Organic Search
CUST08351,Nisha Saxena,Female,28.0,Bengaluru,Karnataka,2025-07-21,Email
CUST08352,Gaurav Chopra,Male,18.0,Delhi,Delhi,2025-07-05,Paid Search
CUST08353,Manish Chopra,Male,21.0,Lucknow,Uttar Pradesh,2025-05-07,Email
CUST08354,Suresh Patel,Male,45.0,Bengaluru,Karnataka,2023-10-03,Direct
CUST08355,Yash Menon,Male,35.0,Chennai,Tamil Nadu,2024-09-08,Paid Search
CUST08356,Gaurav Gupta,Male,29.0,Agra,Uttar Pradesh,2025-04-28,Social Media
CUST08357,Rohan Gupta,Male,29.0,Surat,Gujarat,2025-01-18,Direct
CUST08358,Radhika Chatterjee,Female,25.0,Gurugram,Haryana,2023-06-18,Organic Search
CUST08359,Arjun Mehta,Male,21.0,Hyderabad,Telangana,2025-07-15,Organic Search
CUST08360,Nisha Kapoor,Female,54.0,Bengaluru,Karnataka,2023-08-16,Paid Search
CUST08361,Deepak Mishra,Male,50.0,Bengaluru,Karnataka,2023-08-30,Paid Search
CUST08362,Tarun Menon,Male,25.0,Kochi,Kerala,2025-07-19,Direct
CUST08363,Simran Singh,Female,18.0,Chennai,Tamil Nadu,2024-08-01,Paid Search
CUST08364,Aditya Shah,Male,35.0,Chandigarh,Chandigarh,2024-04-13,Paid Search
CUST08365,Rahul Chatterjee,Male,32.0,Hyderabad,Telangana,2024-10-04,Paid Search
CUST08366,Tanvi Chatterjee,Female,39.0,Bengaluru,Karnataka,2025-09-17,Paid Search
CUST08367,Gaurav Das,Male,42.0,Visakhapatnam,Andhra Pradesh,2023-06-24,Direct
CUST08368,Aditya Mishra,Male,21.0,Surat,Gujarat,2025-03-28,Social Media
CUST08369,Priya Mishra,Female,46.0,Pune,Maharashtra,2024-03-03,Email
CUST08370,Varun Kapoor,Male,29.0,Chennai,Tamil Nadu,2023-06-20,Organic Search
CUST08371,Juhi Kumar,Female,39.0,Chennai,Tamil Nadu,2024-06-01,Referral
CUST08372,Ankit Patel,Male,30.0,Ghaziabad,Uttar Pradesh,2024-09-30,Direct
CUST08373,Tarun Reddy,Male,42.0,Delhi,Delhi,2023-10-11,Direct
CUST08374,Aman Chopra,Male,18.0,Mumbai,Maharashtra,2024-05-16,Direct
CUST08375,Divya Chauhan,Female,40.0,Mumbai,Maharashtra,2024-12-16,Social Media
CUST08376,Rahul Kapoor,Male,25.0,Kolkata,West Bengal,2024-10-25,Social Media
CUST08377,Kavya Chauhan,Female,34.0,Ghaziabad,Uttar Pradesh,2025-02-28,Organic Search
CUST08378,Ananya Mehta,Female,45.0,Kanpur,Uttar Pradesh,2025-05-30,Organic Search
CUST08379,Ritu Malhotra,Female,25.0,Kochi,Kerala,2024-05-19,Email
CUST08380,Reyansh Reddy,Male,23.0,Surat,Gujarat,2024-06-02,Paid Search
CUST08381,Neha Kapoor,Female,29.0,Kolkata,West Bengal,2024-08-13,Social Media
CUST08382,Sneha Sharma,Female,29.0,Jaipur,Rajasthan,2024-10-16,Social Media
CUST08383,Rahul Desai,Male,22.0,Rajkot,Gujarat,2023-06-08,Social Media
CUST08384,Anjali Pandey,Female,34.0,Mumbai,Maharashtra,2024-02-09,Paid Search
CUST08385,Rajesh Mehta,Male,35.0,Chennai,Tamil Nadu,2023-08-30,Direct
CUST08386,Nisha Chauhan,Female,38.0,Chennai,Tamil Nadu,2024-04-26,Organic Search
CUST08387,Radhika Verma,Female,25.0,Noida,Uttar Pradesh,2025-09-11,Email
CUST08388,Rohan Kapoor,Male,24.0,Delhi,Delhi,2024-10-30,Organic Search
CUST08389,Aarav Menon,Male,32.0,Mumbai,Maharashtra,2024-06-09,Referral
CUST08390,Anita Sharma,Female,31.0,Surat,Gujarat,2024-10-15,Email
CUST08391,Saanvi Kapoor,Female,31.0,Surat,Gujarat,2025-01-14,Direct
CUST08392,Shreya Kumar,Female,26.0,Hyderabad,Telangana,2024-06-14,Organic Search
CUST08393,Aarav Banerjee,Male,36.0,Pune,Maharashtra,2024-06-27,Referral
CUST08394,Aditi Mehta,Female,24.0,Jaipur,Rajasthan,2025-02-10,
CUST08395,Divya Singh,Female,32.0,Hyderabad,Telangana,2023-04-03,Organic Search
CUST08396,Anjali Singh,Female,30.0,Chennai,Tamil Nadu,2024-09-22,Organic Search
CUST08397,Krishna Desai,Male,33.0,Delhi,Delhi,2024-09-28,Social Media
CUST08398,Shreya Patel,Female,45.0,Visakhapatnam,Andhra Pradesh,2025-03-27,Direct
CUST08399,Arjun Rao,Male,20.0,Ahmedabad,Gujarat,2025-09-18,Social Media
CUST08400,Preeti Shah,Female,18.0,Lucknow,Uttar Pradesh,2025-04-28,Organic Search
CUST08401,Karthik Singh,Male,27.0,Chennai,Tamil Nadu,2024-08-19,Paid Search
CUST08402,Rekha Sharma,Female,21.0,Delhi,Delhi,2023-08-27,Organic Search
CUST08403,Reyansh Banerjee,Male,18.0,Nagpur,Maharashtra,2024-11-04,Organic Search
CUST08404,Rajesh Bansal,Male,50.0,Chennai,Tamil Nadu,2025-05-28,Email
CUST08405,Varun Gupta,Male,39.0,Delhi,Delhi,2025-08-11,Organic Search
CUST08406,Anita Patel,Female,40.0,Gurugram,Haryana,2025-05-21,Social Media
CUST08407,Anita Pandey,Female,30.0,Coimbatore,Tamil Nadu,2023-09-20,Paid Search
CUST08408,Ananya Mishra,Female,37.0,Indore,Madhya Pradesh,2025-02-19,Organic Search
CUST08409,Aditi Tiwari,Female,29.0,Jaipur,Rajasthan,2025-07-03,Organic Search
CUST08410,Vivaan Desai,Male,41.0,Surat,Gujarat,2025-01-24,Organic Search
CUST08411,Ishaan Sharma,Male,35.0,Ahmedabad,Gujarat,2025-01-28,Social Media
CUST08412,Vivaan Singh,Male,33.0,Bengaluru,Karnataka,2024-08-16,Social Media
CUST08413,Siddharth Shah,Male,33.0,Jaipur,Rajasthan,2024-12-17,Direct
CUST08414,Ishita Nair,Female,48.0,Thane,Maharashtra,2024-01-20,Organic Search
CUST08415,Gaurav Nair,Male,,Kolkata,West Bengal,2023-05-13,Organic Search
CUST08416,Rekha Patel,Female,23.0,Coimbatore,Tamil Nadu,2025-05-23,Paid Search
CUST08417,Pooja Patel,Female,36.0,Ahmedabad,Gujarat,2025-08-20,Referral
CUST08418,Riya Tiwari,Female,38.0,Ahmedabad,Gujarat,2025-06-15,Social Media
CUST08419,Rajesh Gupta,Male,32.0,Chennai,Tamil Nadu,2024-03-03,Direct
CUST08420,Kavya Sharma,Female,32.0,Nagpur,Maharashtra,2023-05-19,Organic Search
CUST08421,Komal Sharma,Female,22.0,Mumbai,Maharashtra,2024-01-04,Social Media
CUST08422,Aditya Das,Male,34.0,Hyderabad,Telangana,2025-06-04,Social Media
CUST08423,Meera Shah,Female,21.0,Thane,Maharashtra,2025-01-02,Organic Search
CUST08424,Manish Banerjee,Male,30.0,Pune,Maharashtra,2025-09-06,Organic Search
CUST08425,Aadhya Chatterjee,Female,26.0,Hyderabad,Telangana,2024-03-12,Paid Search
CUST08426,Preeti Mishra,Female,43.0,Lucknow,Uttar Pradesh,2024-10-02,Organic Search
CUST08427,Rekha Kumar,Female,48.0,Coimbatore,Tamil Nadu,2025-04-23,Organic Search
CUST08428,Ritu Rao,Female,22.0,Kolkata,West Bengal,2023-11-13,Social Media
CUST08429,Aadhya Malhotra,Female,33.0,Thane,Maharashtra,2025-09-04,Organic Search
CUST08430,Reyansh Mukherjee,Male,30.0,Delhi,Delhi,2024-11-08,Email
CUST08431,Sanjay Joshi,Male,38.0,Kolkata,West Bengal,2023-01-13,Paid Search
CUST08432,Sneha Chatterjee,Female,34.0,Bengaluru,Karnataka,2023-02-09,Organic Search
CUST08433,Saanvi Yadav,Female,29.0,Guwahati,Assam,2025-07-04,Social Media
CUST08434,Swati Singh,Female,34.0,Bengaluru,Karnataka,2024-12-24,Paid Search
CUST08435,Kunal Tiwari,Male,31.0,Gurugram,Haryana,2025-04-02,Organic Search
CUST08436,Harsh Patel,Male,49.0,Chennai,Tamil Nadu,2025-04-18,Social Media
CUST08437,Swati Patel,Female,25.0,Kolkata,West Bengal,2024-05-31,Organic Search
CUST08438,Ritu Shah,Female,36.0,Pune,Maharashtra,2025-04-30,Organic Search
CUST08439,Pranav Agarwal,Male,38.0,Bengaluru,Karnataka,2025-08-15,Paid Search
CUST08440,Kunal Joshi,Male,37.0,Bengaluru,Karnataka,2023-08-30,Paid Search
CUST08441,Saanvi Singh,Female,30.0,Ahmedabad,Gujarat,2025-04-02,Social Media
CUST08442,Preeti Pandey,Female,47.0,Thane,Maharashtra,2024-02-04,Paid Search
CUST08443,Rahul Saxena,Male,18.0,Nagpur,Maharashtra,2024-02-19,Paid Search
CUST08444,Neha Banerjee,Female,22.0,Guwahati,Assam,2024-05-23,Social Media
CUST08445,Manish Sharma,Male,40.0,Mumbai,Maharashtra,2025-06-20,Direct
CUST08446,Rohan Mukherjee,Male,24.0,Bhopal,Madhya Pradesh,2023-02-04,Organic Search
CUST08447,Aarav Joshi,Male,24.0,Delhi,Delhi,2024-06-13,Social Media
CUST08448,Sanjay Patel,Male,28.0,Kolkata,West Bengal,2025-01-23,Organic Search
CUST08449,Kiran Verma,Female,25.0,Delhi,Delhi,2023-06-11,Organic Search
CUST08450,Rajesh Banerjee,Male,39.0,Gurugram,Haryana,2025-04-25,Email
CUST08451,Anjali Pandey,Female,42.0,Kolkata,West Bengal,2025-08-19,Paid Search
CUST08452,Yash Mehta,Male,34.0,Chennai,Tamil Nadu,2023-05-16,Organic Search
CUST08453,Vikram Iyer,Male,44.0,Hyderabad,Telangana,2023-08-06,Paid Search
CUST08454,Naveen Mishra,Male,19.0,Chennai,Tamil Nadu,2025-09-11,Paid Search
CUST08455,Kunal Desai,Male,34.0,Delhi,Delhi,2023-10-01,Direct
CUST08456,Tanvi Joshi,Female,46.0,Kanpur,Uttar Pradesh,2023-04-29,Direct
CUST08457,Nisha Rao,Female,43.0,Pune,Maharashtra,2025-08-26,
CUST08458,Simran Tiwari,Female,47.0,Mumbai,Maharashtra,2025-07-12,Referral
CUST08459,Sunita Malhotra,Female,27.0,Mumbai,Maharashtra,2025-01-02,Paid Search
CUST08460,Neha Singh,Female,42.0,Bengaluru,Karnataka,2024-10-02,
CUST08461,Anjali Verma,Female,29.0,Kolkata,West Bengal,2025-08-02,Organic Search
CUST08462,Tanvi Desai,Female,39.0,Bengaluru,Karnataka,2025-01-02,Referral
CUST08463,Payal Reddy,Female,46.0,Delhi,Delhi,2025-01-04,Social Media
CUST08464,Deepak Singh,Male,25.0,Mumbai,Maharashtra,2025-06-05,Direct
CUST08465,Pranav Chopra,Male,18.0,Hyderabad,Telangana,2024-12-31,Email
CUST08466,Neha Chauhan,Female,51.0,Surat,Gujarat,2024-08-19,Paid Search
CUST08467,Sunita Chatterjee,,38.0,Kanpur,Uttar Pradesh,2024-04-30,Referral
CUST08468,Sanjay Rao,Male,32.0,Bengaluru,Karnataka,2024-08-19,Organic Search
CUST08469,Divya Kumar,Female,31.0,Chennai,Tamil Nadu,2024-09-06,Referral
CUST08470,Aditya Malhotra,Male,18.0,Surat,Gujarat,2024-03-31,Organic Search
CUST08471,Rekha Sharma,Female,35.0,Ahmedabad,Gujarat,2024-06-27,Organic Search
CUST08472,Anjali Malhotra,Female,28.0,Kochi,Kerala,2025-05-03,Referral
CUST08473,Arjun Tiwari,Male,34.0,Nagpur,Maharashtra,2024-05-27,Organic Search
CUST08474,Pooja Iyer,Female,33.0,Jaipur,Rajasthan,2023-02-10,Referral
CUST08475,Rekha Chopra,Female,18.0,Kolkata,West Bengal,2024-01-08,Organic Search
CUST08476,Sneha Verma,Female,38.0,Kolkata,West Bengal,2023-11-10,Social Media
CUST08477,Kiran Nair,Female,35.0,Bengaluru,Karnataka,2025-04-26,Social Media
CUST08478,Priya Chatterjee,Female,36.0,Mumbai,Maharashtra,2024-06-28,Organic Search
CUST08479,Arjun Kapoor,Male,31.0,Ludhiana,Punjab,2024-01-05,Referral
CUST08480,Swati Reddy,Female,33.0,Chandigarh,Chandigarh,2025-05-10,Organic Search
CUST08481,Siddharth Kapoor,Male,35.0,Kochi,Kerala,2023-01-31,Referral
CUST08482,Yash Chopra,Male,36.0,Ahmedabad,Gujarat,2023-09-02,Direct
CUST08483,Naveen Kumar,Male,38.0,Gurugram,Haryana,2025-05-23,Social Media
CUST08484,Karthik Chauhan,Male,36.0,Nagpur,Maharashtra,2024-10-01,Direct
CUST08485,Riya Malhotra,Female,51.0,Chennai,Tamil Nadu,2025-04-10,Social Media
CUST08486,Ishita Saxena,Female,26.0,Chandigarh,Chandigarh,2025-05-31,Direct
CUST08487,Pooja Bansal,Female,29.0,Noida,Uttar Pradesh,2025-08-19,Email
CUST08488,Harsh Agarwal,Male,50.0,Pune,Maharashtra,2023-04-07,Social Media
CUST08489,Neha Sharma,Female,31.0,Visakhapatnam,Andhra Pradesh,2025-05-01,Direct
CUST08490,Tanvi Menon,Female,42.0,Visakhapatnam,Andhra Pradesh,2025-02-16,Paid Search
CUST08491,Suresh Rao,Male,34.0,Surat,Gujarat,2023-10-12,Paid Search
CUST08492,Tanvi Bansal,Female,31.0,Chennai,Tamil Nadu,2025-08-11,Referral
CUST08493,Rajesh Kapoor,Male,43.0,Delhi,Delhi,2024-05-15,Social Media
CUST08494,Ishita Mukherjee,Female,38.0,Guwahati,Assam,2025-07-09,Organic Search
CUST08495,Rohan Nair,Male,18.0,Mumbai,Maharashtra,2024-11-19,Organic Search
CUST08496,Sunita Singh,Female,35.0,Delhi,Delhi,2024-09-10,Social Media
CUST08497,Ritu Rao,Female,23.0,Ahmedabad,Gujarat,2023-08-14,Organic Search
CUST08498,Meera Desai,Female,,Ahmedabad,Gujarat,2025-07-29,Paid Search
CUST08499,Aditya Reddy,Male,51.0,Bengaluru,Karnataka,2024-10-07,Organic Search
CUST08500,Krishna Singh,Male,52.0,Mumbai,Maharashtra,2023-01-10,Organic Search
CUST08501,Swati Sharma,Female,37.0,Coimbatore,Tamil Nadu,2023-01-29,Direct
CUST08502,Arjun Mishra,Male,28.0,Kolkata,West Bengal,2025-04-13,Organic Search
CUST08503,Rajesh Shah,Male,36.0,Noida,Uttar Pradesh,2023-08-17,Direct
CUST08504,Payal Mishra,Female,24.0,Nashik,Maharashtra,2024-11-14,Paid Search
CUST08505,Anjali Sharma,Female,56.0,Kolkata,West Bengal,2025-01-24,Direct
CUST08506,Kiran Menon,Female,45.0,Ahmedabad,Gujarat,2024-01-03,Social Media
CUST08507,Krishna Banerjee,Male,36.0,Bengaluru,Karnataka,2024-10-18,
CUST08508,Aman Iyer,Male,43.0,Guwahati,Assam,2023-11-20,Organic Search
CUST08509,Neha Gupta,Female,28.0,Jaipur,Rajasthan,2025-08-22,Direct
CUST08510,Aman Pandey,Male,22.0,Ludhiana,Punjab,2025-06-17,Social Media
CUST08511,Pranav Mishra,Male,18.0,Kochi,Kerala,2024-01-13,Organic Search
CUST08512,Ishaan Agarwal,Male,34.0,Bengaluru,Karnataka,2024-09-11,Direct
CUST08513,Ananya Singh,Female,31.0,Gurugram,Haryana,2024-08-16,Paid Search
CUST08514,Harsh Mehta,Male,38.0,Patna,Bihar,2025-09-01,Organic Search
CUST08515,Komal Reddy,Female,33.0,Chennai,Tamil Nadu,2024-05-04,Organic Search
CUST08516,Rajesh Tiwari,Male,38.0,Noida,Uttar Pradesh,2024-10-12,Referral
CUST08517,Vikram Bansal,Male,41.0,Jaipur,Rajasthan,2025-08-09,Paid Search
CUST08518,Radhika Chatterjee,Female,18.0,Ahmedabad,Gujarat,2023-08-19,Referral
CUST08519,Shreya Mukherjee,Female,42.0,Delhi,Delhi,2024-10-01,Paid Search
CUST08520,Swati Bansal,Female,29.0,Indore,Madhya Pradesh,2023-06-05,Organic Search
CUST08521,Riya Verma,Female,38.0,Visakhapatnam,Andhra Pradesh,2024-11-30,Organic Search
CUST08522,Siddharth Iyer,Male,43.0,Delhi,Delhi,2024-04-05,Direct
CUST08523,Vikram Verma,Male,43.0,Ahmedabad,Gujarat,2025-09-07,Organic Search
CUST08524,Arjun Mishra,Male,34.0,Mumbai,Maharashtra,2024-05-26,Direct
CUST08525,Nikhil Chatterjee,Male,35.0,Pune,Maharashtra,2023-07-15,Organic Search
CUST08526,Rekha Patel,Female,42.0,Jaipur,Rajasthan,2025-05-28,Direct
CUST08527,Pooja Saxena,Female,,Ludhiana,Punjab,2025-05-18,Organic Search
CUST08528,Krishna Pandey,Male,23.0,Mumbai,Maharashtra,2025-02-04,Social Media
CUST08529,Arjun Mukherjee,Male,30.0,Delhi,Delhi,2025-03-21,Organic Search
CUST08530,Preeti Mishra,Female,20.0,Mumbai,Maharashtra,2023-12-18,Organic Search
CUST08531,Kavya Patel,Female,30.0,Gurugram,Haryana,2024-12-21,Referral
CUST08532,Rahul Agarwal,Male,30.0,Kolkata,West Bengal,2023-03-01,Organic Search
CUST08533,Vihaan Bansal,Male,34.0,Bengaluru,Karnataka,2023-09-30,Direct
CUST08534,Sanjay Joshi,Male,32.0,Mumbai,Maharashtra,2025-08-11,Social Media
CUST08535,Suresh Iyer,Male,44.0,Mumbai,Maharashtra,2025-03-13,Social Media
CUST08536,Rahul Reddy,Male,39.0,Indore,Madhya Pradesh,2023-11-09,Paid Search
CUST08537,Vivaan Kapoor,Male,32.0,Kolkata,West Bengal,2023-06-13,Direct
CUST08538,Suresh Rao,Male,30.0,Thane,Maharashtra,2025-08-24,Referral
CUST08539,Tarun Singh,Male,33.0,Bengaluru,Karnataka,2023-06-14,Direct
CUST08540,Yash Chauhan,Male,33.0,Chennai,Tamil Nadu,2023-12-09,Organic Search
CUST08541,Vivaan Bansal,Male,58.0,Surat,Gujarat,2023-09-12,Organic Search
CUST08542,Arjun Reddy,Male,18.0,Bengaluru,Karnataka,2023-01-12,Referral
CUST08543,Swati Sharma,Female,24.0,Bengaluru,Karnataka,2024-02-11,Social Media
CUST08544,Priya Mehta,Female,22.0,Delhi,Delhi,2025-09-12,Paid Search
CUST08545,Vivaan Das,Male,36.0,Indore,Madhya Pradesh,2024-03-11,Paid Search
CUST08546,Rajesh Malhotra,Male,35.0,Jaipur,Rajasthan,2024-08-20,Paid Search
CUST08547,Payal Menon,Female,27.0,Chennai,Tamil Nadu,2025-03-19,Social Media
CUST08548,Rahul Chauhan,Male,42.0,Pune,Maharashtra,2024-10-02,Paid Search
CUST08549,Diya Mehta,Female,37.0,Delhi,Delhi,2025-03-17,Paid Search
CUST08550,Pooja Tiwari,Female,42.0,Vadodara,Gujarat,2025-01-07,Organic Search
CUST08551,Reyansh Kapoor,Male,45.0,Bhopal,Madhya Pradesh,2024-11-22,Paid Search
CUST08552,Aman Agarwal,Male,18.0,Delhi,Delhi,2024-12-28,Organic Search
CUST08553,Rahul Das,Male,40.0,Rajkot,Gujarat,2025-05-01,Organic Search
CUST08554,Aadhya Saxena,Female,20.0,Ahmedabad,Gujarat,2025-02-17,Social Media
CUST08555,Aditya Kumar,Male,35.0,Chennai,Tamil Nadu,2025-04-25,Direct
CUST08556,Divya Chatterjee,Female,32.0,Pune,Maharashtra,2023-07-28,Organic Search
CUST08557,Manish Mehta,Male,33.0,Patna,Bihar,2025-01-21,Direct
CUST08558,Riya Reddy,Female,21.0,Delhi,Delhi,2025-03-11,Social Media
CUST08559,Shreya Yadav,Female,43.0,Bengaluru,Karnataka,2024-01-26,Direct
CUST08560,Vihaan Joshi,Male,20.0,Gurugram,Haryana,2025-06-29,Paid Search
CUST08561,Divya Singh,Female,41.0,Gurugram,Haryana,2024-01-31,Social Media
CUST08562,Divya Mishra,Female,19.0,Vadodara,Gujarat,2023-11-24,Social Media
CUST08563,Aadhya Kumar,Female,33.0,Delhi,Delhi,2025-06-23,Direct
CUST08564,Radhika Chopra,Female,51.0,Jaipur,Rajasthan,2023-11-28,Organic Search
CUST08565,Divya Malhotra,Female,57.0,Chennai,Tamil Nadu,2024-05-26,Organic Search
CUST08566,Deepak Yadav,Male,18.0,Mumbai,Maharashtra,2024-04-08,Referral
CUST08567,Anjali Kapoor,Female,26.0,Mumbai,Maharashtra,2025-07-17,Organic Search
CUST08568,Kavya Iyer,Female,28.0,Agra,Uttar Pradesh,2024-07-04,Direct
CUST08569,Aadhya Shah,Female,56.0,Mumbai,Maharashtra,2025-02-04,Organic Search
CUST08570,Payal Das,Female,32.0,Bengaluru,Karnataka,2025-04-26,Organic Search
CUST08571,Aditya Sharma,Male,44.0,Delhi,Delhi,2024-12-09,Organic Search
CUST08572,Tarun Mukherjee,Male,36.0,Jaipur,Rajasthan,2025-08-20,Social Media
CUST08573,Aman Patel,Male,21.0,Bhopal,Madhya Pradesh,2025-05-03,Social Media
CUST08574,Riya Kapoor,Female,18.0,Bengaluru,Karnataka,2024-05-11,Direct
CUST08575,Aditya Menon,Male,27.0,Visakhapatnam,Andhra Pradesh,2025-08-25,Social Media
CUST08576,Harsh Agarwal,Male,56.0,Delhi,Delhi,2024-09-08,Social Media
CUST08577,Siddharth Joshi,Male,36.0,Ahmedabad,Gujarat,2023-02-05,Social Media
CUST08578,Swati Banerjee,Female,44.0,Bengaluru,Karnataka,2023-12-13,Paid Search
CUST08579,Ankit Kapoor,Male,19.0,Chennai,Tamil Nadu,2024-12-04,Social Media
CUST08580,Karthik Shah,Male,30.0,Kochi,Kerala,2023-08-11,Direct
CUST08581,Ishaan Mishra,Male,41.0,Thane,Maharashtra,2024-11-01,Direct
CUST08582,Vihaan Gupta,Male,22.0,Delhi,Delhi,2024-04-01,Organic Search
CUST08583,Ankit Nair,Male,32.0,Noida,Uttar Pradesh,2024-09-17,Paid Search
CUST08584,Harsh Verma,Male,24.0,Kanpur,Uttar Pradesh,2023-01-04,Social Media
CUST08585,Preeti Joshi,Female,41.0,Chennai,Tamil Nadu,2025-06-08,Social Media
CUST08586,Aarav Iyer,Male,37.0,Chandigarh,Chandigarh,2024-04-01,Organic Search
CUST08587,Aarav Verma,Male,40.0,Bhopal,Madhya Pradesh,2023-07-21,Direct
CUST08588,Ishita Malhotra,Female,42.0,Indore,Madhya Pradesh,2024-06-17,Paid Search
CUST08589,Gaurav Tiwari,Male,31.0,Delhi,Delhi,2024-08-03,Organic Search
CUST08590,Suresh Singh,Male,43.0,Delhi,Delhi,2024-12-17,Email
CUST08591,Naveen Shah,Male,27.0,Nashik,Maharashtra,2024-09-08,Social Media
CUST08592,Karthik Reddy,Male,39.0,Kanpur,Uttar Pradesh,2023-03-09,Direct
CUST08593,Anjali Malhotra,Female,18.0,Vadodara,Gujarat,2025-06-26,Organic Search
CUST08594,Kavya Iyer,Female,26.0,Visakhapatnam,Andhra Pradesh,2024-07-05,Organic Search
CUST08595,Yash Agarwal,Male,56.0,Coimbatore,Tamil Nadu,2023-04-26,Direct
CUST08596,Neha Chatterjee,Female,39.0,Ahmedabad,Gujarat,2025-04-09,Paid Search
CUST08597,Swati Sharma,Female,39.0,Hyderabad,Telangana,2025-01-06,Organic Search
CUST08598,Harsh Patel,Male,25.0,Bengaluru,Karnataka,2024-12-28,Email
CUST08599,Anjali Rao,Female,22.0,Delhi,Delhi,2024-06-06,Direct
CUST08600,Saanvi Kapoor,Female,30.0,Kolkata,West Bengal,2024-05-21,Direct
CUST08601,Pooja Malhotra,Female,32.0,Kolkata,West Bengal,2024-09-18,Direct
CUST08602,Pooja Kapoor,Female,52.0,Delhi,Delhi,2023-03-19,
CUST08603,Abhishek Verma,Male,43.0,Jaipur,Rajasthan,2024-01-25,Referral
CUST08604,Diya Iyer,Female,34.0,Ahmedabad,Gujarat,2025-09-22,Organic Search
CUST08605,Harsh Kapoor,Male,34.0,Chennai,Tamil Nadu,2025-01-08,Paid Search
CUST08606,Tanvi Kapoor,Female,41.0,Kolkata,West Bengal,2024-05-29,Organic Search
CUST08607,Yash Joshi,Male,20.0,Hyderabad,Telangana,2023-10-30,Paid Search
CUST08608,Reyansh Menon,Male,18.0,Kanpur,Uttar Pradesh,2025-03-18,Organic Search
CUST08609,Rajesh Sharma,Male,40.0,Kolkata,West Bengal,2023-12-13,Direct
CUST08610,Anjali Das,Female,34.0,Chennai,Tamil Nadu,2023-08-18,Direct
CUST08611,Meera Mehta,Female,20.0,Chennai,Tamil Nadu,2023-08-08,Organic Search
CUST08612,Divya Nair,Female,18.0,Mumbai,Maharashtra,2025-03-05,Organic Search
CUST08613,Ankit Joshi,Male,42.0,Visakhapatnam,Andhra Pradesh,2024-12-22,Organic Search
CUST08614,Pranav Banerjee,Male,28.0,Noida,Uttar Pradesh,2023-04-16,Social Media
CUST08615,Rajesh Menon,Male,37.0,Delhi,Delhi,2023-06-18,Direct
CUST08616,Varun Menon,Male,30.0,Bengaluru,Karnataka,2024-12-14,Email
CUST08617,Harsh Agarwal,Male,33.0,Ludhiana,Punjab,2024-10-20,Paid Search
CUST08618,Riya Banerjee,Female,27.0,Indore,Madhya Pradesh,2025-01-28,Direct
CUST08619,Ritu Desai,Female,32.0,Hyderabad,Telangana,2023-09-07,Paid Search
CUST08620,Rajesh Gupta,Male,39.0,Lucknow,Uttar Pradesh,2025-03-03,Email
CUST08621,Naveen Desai,Male,30.0,Chandigarh,Chandigarh,2025-08-14,Paid Search
CUST08622,Ishita Verma,Female,30.0,Bengaluru,Karnataka,2024-11-16,Social Media
CUST08623,Priya Bansal,Female,39.0,Kanpur,Uttar Pradesh,2023-09-29,Paid Search
CUST08624,Swati Sharma,Female,40.0,Vadodara,Gujarat,2025-01-22,Organic Search
CUST08625,Pooja Agarwal,Female,22.0,Mumbai,Maharashtra,2024-03-13,Social Media
CUST08626,Ishaan Mukherjee,Male,33.0,Gurugram,Haryana,2023-03-17,Organic Search
CUST08627,Harsh Chopra,Male,28.0,Noida,Uttar Pradesh,2024-01-29,Social Media
CUST08628,Radhika Mehta,Female,33.0,Thane,Maharashtra,2025-07-22,Social Media
CUST08629,Kiran Mukherjee,Female,47.0,Kolkata,West Bengal,2024-05-21,Paid Search
CUST08630,Divya Chauhan,Female,37.0,Jaipur,Rajasthan,2025-06-21,Organic Search
CUST08631,Aman Shah,Male,55.0,Lucknow,Uttar Pradesh,2024-08-24,Referral
CUST08632,Ananya Sharma,Female,35.0,Delhi,Delhi,2024-08-31,Organic Search
CUST08633,Aditya Agarwal,Male,31.0,Bengaluru,Karnataka,2023-01-09,Organic Search
CUST08634,Anita Chopra,Female,33.0,Mumbai,Maharashtra,2024-12-17,Organic Search
CUST08635,Krishna Kumar,Male,34.0,Ahmedabad,Gujarat,2023-06-08,Organic Search
CUST08636,Payal Nair,Female,36.0,Thane,Maharashtra,2024-07-26,Paid Search
CUST08637,Harsh Menon,Male,23.0,Rajkot,Gujarat,2023-12-13,Email
CUST08638,Vihaan Verma,Male,31.0,Ahmedabad,Gujarat,2024-05-03,Email
CUST08639,Aditya Iyer,Male,26.0,Surat,Gujarat,2024-09-19,Paid Search
CUST08640,Pooja Gupta,Female,43.0,Jaipur,Rajasthan,2023-01-23,Organic Search
CUST08641,Riya Saxena,Female,18.0,Kolkata,West Bengal,2024-01-09,Direct
CUST08642,Rekha Saxena,Female,35.0,Nagpur,Maharashtra,2025-09-23,Referral
CUST08643,Kiran Das,Female,18.0,Delhi,Delhi,2023-03-29,Organic Search
CUST08644,Shreya Banerjee,Female,37.0,Mumbai,Maharashtra,2024-02-16,Social Media
CUST08645,Pooja Tiwari,Female,29.0,Hyderabad,Telangana,2024-02-19,Direct
CUST08646,Aditya Malhotra,Male,18.0,Noida,Uttar Pradesh,2024-04-19,Direct
CUST08647,Juhi Singh,Female,42.0,Noida,Uttar Pradesh,2025-01-27,Paid Search
CUST08648,Aditi Shah,Female,18.0,Surat,Gujarat,2023-11-29,Social Media
CUST08649,Radhika Kapoor,Female,33.0,Jaipur,Rajasthan,2024-07-09,Social Media
CUST08650,Manish Tiwari,Male,40.0,Surat,Gujarat,2024-12-24,Social Media
CUST08651,Reyansh Rao,Male,47.0,Chennai,Tamil Nadu,2024-02-20,Direct
CUST08652,Nikhil Singh,Male,18.0,Bengaluru,Karnataka,2025-08-24,Paid Search
CUST08653,Aadhya Agarwal,Female,28.0,Mumbai,Maharashtra,2025-09-16,Organic Search
CUST08654,Aadhya Shah,Female,44.0,Mumbai,Maharashtra,2023-06-24,Social Media
CUST08655,Naveen Gupta,Male,45.0,Noida,Uttar Pradesh,2024-03-13,Direct
CUST08656,Deepak Malhotra,Male,46.0,Thane,Maharashtra,2023-10-13,Referral
CUST08657,Ishita Das,Female,59.0,Nagpur,Maharashtra,2023-09-17,Organic Search
CUST08658,Siddharth Chatterjee,Male,28.0,Ludhiana,Punjab,2024-08-07,Direct
CUST08659,Karthik Verma,Male,37.0,Jaipur,Rajasthan,2024-10-13,Organic Search
CUST08660,Kiran Sharma,Female,30.0,Lucknow,Uttar Pradesh,2024-06-05,Direct
CUST08661,Siddharth Menon,Male,18.0,Patna,Bihar,2023-12-27,Email
CUST08662,Deepak Desai,Male,32.0,Delhi,Delhi,2024-01-03,Organic Search
CUST08663,Varun Pandey,Male,18.0,Delhi,Delhi,2025-09-25,Organic Search
CUST08664,Sanjay Joshi,Male,28.0,Pune,Maharashtra,2025-08-05,Organic Search
CUST08665,Kiran Banerjee,Female,18.0,Mumbai,Maharashtra,2023-04-25,Organic Search
CUST08666,Anita Patel,Female,37.0,Lucknow,Uttar Pradesh,2025-01-03,Organic Search
CUST08667,Ananya Kumar,Female,25.0,Ghaziabad,Uttar Pradesh,2024-07-05,Direct
CUST08668,Kavya Desai,Female,18.0,Ludhiana,Punjab,2025-01-30,Organic Search
CUST08669,Vihaan Nair,Male,42.0,Hyderabad,Telangana,2024-11-12,Direct
CUST08670,Vihaan Kumar,Male,27.0,Delhi,Delhi,2025-07-10,Organic Search
CUST08671,Nisha Iyer,Female,29.0,Noida,Uttar Pradesh,2023-04-12,Social Media
CUST08672,Kunal Agarwal,Male,23.0,Chandigarh,Chandigarh,2024-03-19,Social Media
CUST08673,Priya Gupta,Female,44.0,Hyderabad,Telangana,2025-09-20,Organic Search
CUST08674,Abhishek Singh,Male,36.0,Coimbatore,Tamil Nadu,2023-09-12,Paid Search
CUST08675,Swati Joshi,Female,27.0,Rajkot,Gujarat,2023-07-04,Email
CUST08676,Preeti Das,Female,18.0,Hyderabad,Telangana,2025-03-05,Organic Search
CUST08677,Ananya Kumar,Female,58.0,Ahmedabad,Gujarat,2025-04-13,Paid Search
CUST08678,Preeti Desai,Female,53.0,Gurugram,Haryana,2025-01-16,Email
CUST08679,Ritu Desai,Female,47.0,Thane,Maharashtra,2025-04-12,Organic Search
CUST08680,Tarun Gupta,Male,26.0,Surat,Gujarat,2025-02-03,Organic Search
CUST08681,Ishita Chopra,Female,28.0,Noida,Uttar Pradesh,2023-07-15,Organic Search
CUST08682,Diya Singh,Female,37.0,Nashik,Maharashtra,2024-11-22,Social Media
CUST08683,Ankit Agarwal,Male,24.0,Mumbai,Maharashtra,2025-04-13,Direct
CUST08684,Komal Mehta,Female,23.0,Kolkata,West Bengal,2025-06-22,Organic Search
CUST08685,Suresh Shah,Male,48.0,Coimbatore,Tamil Nadu,2023-11-27,Paid Search
CUST08686,Tarun Malhotra,Male,32.0,Delhi,Delhi,2023-07-04,Organic Search
CUST08687,Ritu Kapoor,Female,22.0,Mumbai,Maharashtra,2025-04-16,Direct
CUST08688,Tarun Reddy,Male,43.0,Agra,Uttar Pradesh,2023-12-09,Direct
CUST08689,Payal Tiwari,Female,27.0,Visakhapatnam,Andhra Pradesh,2023-02-19,Paid Search
CUST08690,Krishna Iyer,Male,18.0,Delhi,Delhi,2025-05-21,Organic Search
CUST08691,Simran Menon,Female,22.0,Delhi,Delhi,2024-08-21,Social Media
CUST08692,Ankit Shah,Male,28.0,Ghaziabad,Uttar Pradesh,2024-02-24,Social Media
CUST08693,Aditya Verma,Male,35.0,Bengaluru,Karnataka,2023-01-19,Social Media
CUST08694,Kavya Yadav,Female,35.0,Delhi,Delhi,2023-02-24,Organic Search
CUST08695,Swati Nair,Female,45.0,Chandigarh,Chandigarh,2025-04-25,Organic Search
CUST08696,Swati Banerjee,Female,31.0,Vadodara,Gujarat,2024-08-06,Organic Search
CUST08697,Reyansh Bansal,Male,28.0,Ahmedabad,Gujarat,2023-08-02,Email
CUST08698,Vivaan Singh,Male,45.0,Surat,Gujarat,2024-03-29,Paid Search
CUST08699,Priya Desai,Female,43.0,Chennai,Tamil Nadu,2023-08-22,Organic Search
CUST08700,Sneha Nair,Female,31.0,Bengaluru,Karnataka,2023-06-15,Direct
CUST08701,Sunita Chauhan,Female,36.0,Kochi,Kerala,2023-12-31,Direct
CUST08702,Pooja Iyer,Female,28.0,Pune,Maharashtra,2024-09-30,Referral
CUST08703,Diya Tiwari,Female,21.0,Lucknow,Uttar Pradesh,2023-10-15,Social Media
CUST08704,Komal Iyer,Female,55.0,Ahmedabad,Gujarat,2024-03-13,Social Media
CUST08705,Komal Sharma,Female,28.0,Kolkata,West Bengal,2024-07-26,Paid Search
CUST08706,Ishita Das,Female,36.0,Bengaluru,Karnataka,2024-05-30,Organic Search
CUST08707,Sunita Singh,Female,18.0,Chennai,Tamil Nadu,2023-07-06,Social Media
CUST08708,Sanjay Kumar,Male,40.0,Surat,Gujarat,2023-03-02,Paid Search
CUST08709,Meera Banerjee,Female,21.0,Vadodara,Gujarat,2023-02-25,Social Media
CUST08710,Riya Reddy,Female,50.0,Vadodara,Gujarat,2024-03-20,Social Media
CUST08711,Kiran Das,Female,51.0,Mumbai,Maharashtra,2025-02-24,Paid Search
CUST08712,Tarun Kapoor,Male,39.0,Pune,Maharashtra,2023-07-09,Social Media
CUST08713,Varun Mishra,Male,34.0,Ahmedabad,Gujarat,2025-04-21,Organic Search
CUST08714,Anjali Reddy,Female,31.0,Jaipur,Rajasthan,2025-02-22,Referral
CUST08715,Anita Mukherjee,Female,33.0,Rajkot,Gujarat,2023-01-07,Direct
CUST08716,Rajesh Agarwal,Male,37.0,Visakhapatnam,Andhra Pradesh,2023-02-11,Social Media
CUST08717,Deepak Joshi,Male,34.0,Hyderabad,Telangana,2023-09-27,Paid Search
CUST08718,Preeti Nair,Female,43.0,Thane,Maharashtra,2023-03-27,Organic Search
CUST08719,Kavya Gupta,Female,24.0,Mumbai,Maharashtra,2024-09-14,Direct
CUST08720,Reyansh Patel,Male,48.0,Delhi,Delhi,2023-03-03,Organic Search
CUST08721,Manish Verma,Male,29.0,Bengaluru,Karnataka,2025-05-03,Referral
CUST08722,Harsh Desai,Male,26.0,Ahmedabad,Gujarat,2024-08-09,Paid Search
CUST08723,Ishaan Mukherjee,Male,37.0,Kolkata,West Bengal,2025-03-04,Referral
CUST08724,Aditya Reddy,Male,37.0,Ahmedabad,Gujarat,2025-03-22,Paid Search
CUST08725,Shreya Tiwari,Female,18.0,Surat,Gujarat,2024-08-22,Social Media
CUST08726,Nisha Mukherjee,Female,28.0,Delhi,Delhi,2025-08-06,Organic Search
CUST08727,Tarun Saxena,Male,18.0,Kolkata,West Bengal,2025-09-23,Direct
CUST08728,Vikram Iyer,Male,26.0,Bengaluru,Karnataka,2024-03-30,Social Media
CUST08729,Sneha Desai,Female,27.0,Ahmedabad,Gujarat,2023-07-02,Social Media
CUST08730,Harsh Rao,Male,36.0,Kolkata,West Bengal,2024-04-03,Organic Search
CUST08731,Komal Mishra,Female,25.0,Delhi,Delhi,2023-10-31,Social Media
CUST08732,Vikram Mehta,Male,27.0,Ahmedabad,Gujarat,2024-09-13,Paid Search
CUST08733,Neha Patel,Female,46.0,Bhopal,Madhya Pradesh,2024-04-18,Paid Search
CUST08734,Priya Kapoor,Female,54.0,Bengaluru,Karnataka,2024-07-28,Paid Search
CUST08735,Vivaan Rao,Male,24.0,Bhopal,Madhya Pradesh,2025-04-02,Paid Search
CUST08736,Komal Pandey,Female,43.0,Bengaluru,Karnataka,2023-12-29,Referral
CUST08737,Ishita Singh,Female,37.0,Bhopal,Madhya Pradesh,2024-09-19,Paid Search
CUST08738,Ishaan Verma,Male,18.0,Delhi,Delhi,2024-03-04,Direct
CUST08739,Anita Sharma,Female,25.0,Noida,Uttar Pradesh,2025-04-19,Organic Search
CUST08740,Ishaan Rao,Male,18.0,Delhi,Delhi,2024-12-19,Paid Search
CUST08741,Naveen Yadav,Male,36.0,Guwahati,Assam,2023-01-14,Social Media
CUST08742,Payal Mishra,Female,22.0,Bengaluru,Karnataka,2025-01-06,Direct
CUST08743,Tarun Mishra,Male,34.0,Indore,Madhya Pradesh,2023-08-28,Paid Search
CUST08744,Abhishek Mishra,Male,59.0,Hyderabad,Telangana,2025-03-01,Social Media
CUST08745,Krishna Reddy,Male,49.0,Mumbai,Maharashtra,2024-10-17,Email
CUST08746,Shreya Das,Female,25.0,Mumbai,Maharashtra,2024-05-12,Referral
CUST08747,Manish Nair,Male,23.0,Delhi,Delhi,2025-02-04,Direct
CUST08748,Manish Chopra,Male,46.0,Ahmedabad,Gujarat,2025-06-15,
CUST08749,Payal Mishra,Female,23.0,Jaipur,Rajasthan,2025-04-14,Referral
CUST08750,Preeti Kumar,Female,43.0,Kolkata,West Bengal,2024-09-27,Direct
CUST08751,Riya Banerjee,Female,60.0,Surat,Gujarat,2025-02-28,Paid Search
CUST08752,Komal Chatterjee,Female,40.0,Mumbai,Maharashtra,2024-05-24,Social Media
CUST08753,Vihaan Mishra,Male,45.0,Kanpur,Uttar Pradesh,2025-04-22,Organic Search
CUST08754,Anita Pandey,Female,44.0,Patna,Bihar,2025-05-24,Organic Search
CUST08755,Sneha Chauhan,Female,27.0,Bengaluru,Karnataka,2023-07-17,Organic Search
CUST08756,Vivaan Agarwal,Male,36.0,Patna,Bihar,2023-11-17,Organic Search
CUST08757,Tanvi Mishra,Female,23.0,Bengaluru,Karnataka,2023-12-24,Social Media
CUST08758,Meera Saxena,Female,46.0,Chennai,Tamil Nadu,2023-08-23,Referral
CUST08759,Tarun Singh,Male,22.0,Vadodara,Gujarat,2024-05-03,Organic Search
CUST08760,Gaurav Mishra,Male,40.0,Nagpur,Maharashtra,2023-09-25,Organic Search
CUST08761,Naveen Das,Male,44.0,Kolkata,West Bengal,2024-11-11,Organic Search
CUST08762,Priya Reddy,Female,28.0,Ahmedabad,Gujarat,2023-05-30,Email
CUST08763,Aditya Joshi,Male,26.0,Pune,Maharashtra,2023-12-24,Paid Search
CUST08764,Ananya Banerjee,Female,31.0,Kolkata,West Bengal,2025-01-11,Email
CUST08765,Reyansh Das,Male,24.0,Noida,Uttar Pradesh,2024-05-09,Organic Search
CUST08766,Diya Iyer,Female,35.0,Ghaziabad,Uttar Pradesh,2024-06-01,
CUST08767,Sneha Kapoor,Female,24.0,Delhi,Delhi,2025-04-30,Social Media
CUST08768,Suresh Malhotra,Male,25.0,Chennai,Tamil Nadu,2025-09-19,Referral
CUST08769,Gaurav Verma,Male,38.0,Jaipur,Rajasthan,2024-10-15,Social Media
CUST08770,Aditi Bansal,Female,39.0,Indore,Madhya Pradesh,2023-04-29,Direct
CUST08771,Suresh Das,Male,30.0,Delhi,Delhi,2023-06-01,Organic Search
CUST08772,Vikram Pandey,Male,18.0,Ghaziabad,Uttar Pradesh,2025-09-07,Social Media
CUST08773,Pooja Kapoor,Female,45.0,Surat,Gujarat,2025-01-22,Paid Search
CUST08774,Tanvi Saxena,Female,29.0,Mumbai,Maharashtra,2025-03-24,Direct
CUST08775,Payal Agarwal,Female,54.0,Mumbai,Maharashtra,2025-01-19,Social Media
CUST08776,Saanvi Chatterjee,Female,32.0,Kanpur,Uttar Pradesh,2023-09-09,Social Media
CUST08777,Komal Mehta,Female,34.0,Bhopal,Madhya Pradesh,2024-06-27,Direct
CUST08778,Sneha Desai,Female,29.0,Hyderabad,Telangana,2025-04-30,Organic Search
CUST08779,Abhishek Banerjee,Male,35.0,Delhi,Delhi,2025-06-22,Organic Search
CUST08780,Preeti Menon,Female,65.0,Bengaluru,Karnataka,2023-11-17,Organic Search
CUST08781,Nisha Yadav,Female,30.0,Ahmedabad,Gujarat,2024-11-11,Organic Search
CUST08782,Juhi Mishra,Female,46.0,Surat,Gujarat,2023-08-11,Social Media
CUST08783,Komal Chatterjee,Female,34.0,Delhi,Delhi,2025-08-31,Organic Search
CUST08784,Vihaan Sharma,Male,45.0,Patna,Bihar,2023-12-04,Organic Search
CUST08785,Tanvi Pandey,Female,18.0,Bengaluru,Karnataka,2025-03-03,Organic Search
CUST08786,Rohan Verma,Male,52.0,Vadodara,Gujarat,2023-11-09,Organic Search
CUST08787,Nikhil Chatterjee,Male,36.0,Gurugram,Haryana,2024-11-29,Paid Search
CUST08788,Gaurav Rao,Male,30.0,Delhi,Delhi,2025-01-05,Social Media
CUST08789,Ananya Nair,Female,42.0,Chandigarh,Chandigarh,2024-02-26,Organic Search
CUST08790,Siddharth Kapoor,Male,34.0,Indore,Madhya Pradesh,2025-05-16,Direct
CUST08791,Priya Chauhan,Female,22.0,Coimbatore,Tamil Nadu,2025-07-07,Organic Search
CUST08792,Preeti Chopra,Female,18.0,Hyderabad,Telangana,2025-06-13,Organic Search
CUST08793,Anjali Chatterjee,Female,51.0,Nashik,Maharashtra,2024-02-29,Organic Search
CUST08794,Radhika Bansal,Female,31.0,Kolkata,West Bengal,2025-03-17,Organic Search
CUST08795,Nikhil Kapoor,Male,27.0,Delhi,Delhi,2024-10-09,Direct
CUST08796,Tarun Banerjee,Male,28.0,Guwahati,Assam,2024-11-08,Social Media
CUST08797,Sneha Nair,Female,48.0,Noida,Uttar Pradesh,2024-07-25,Organic Search
CUST08798,Naveen Banerjee,Male,28.0,Delhi,Delhi,2024-11-15,Direct
CUST08799,Rahul Bansal,Male,39.0,Chennai,Tamil Nadu,2023-07-15,Social Media
CUST08800,Yash Malhotra,Male,30.0,Kochi,Kerala,2024-05-19,Email
CUST08801,Naveen Yadav,Male,20.0,Pune,Maharashtra,2023-09-06,Paid Search
CUST08802,Swati Saxena,Female,42.0,Kolkata,West Bengal,2024-01-04,Organic Search
CUST08803,Anjali Saxena,Female,44.0,Delhi,Delhi,2023-07-04,Paid Search
CUST08804,Sneha Mishra,Female,26.0,Chennai,Tamil Nadu,2023-10-18,Paid Search
CUST08805,Suresh Agarwal,Male,33.0,Kolkata,West Bengal,2025-04-17,Direct
CUST08806,Tanvi Saxena,Female,34.0,Indore,Madhya Pradesh,2024-10-01,Organic Search
CUST08807,Aditi Banerjee,Female,37.0,Chennai,Tamil Nadu,2023-02-07,Organic Search
CUST08808,Shreya Kumar,Female,53.0,Lucknow,Uttar Pradesh,2025-04-22,Social Media
CUST08809,Rahul Yadav,Male,30.0,Mumbai,Maharashtra,2025-07-25,Social Media
CUST08810,Nikhil Patel,Male,30.0,Bhopal,Madhya Pradesh,2025-07-03,Social Media
CUST08811,Pooja Mukherjee,Female,31.0,Mumbai,Maharashtra,2025-05-19,Paid Search
CUST08812,Neha Mishra,Female,24.0,Lucknow,Uttar Pradesh,2025-09-25,Paid Search
CUST08813,Kunal Bansal,Male,18.0,Ghaziabad,Uttar Pradesh,2024-11-03,Organic Search
CUST08814,Kunal Rao,Male,34.0,Visakhapatnam,Andhra Pradesh,2025-09-03,Email
CUST08815,Aadhya Mehta,Female,38.0,Delhi,Delhi,2025-08-24,Paid Search
CUST08816,Aadhya Desai,Female,33.0,Ludhiana,Punjab,2024-02-10,Direct
CUST08817,Priya Agarwal,Female,32.0,Mumbai,Maharashtra,2025-06-20,Paid Search
CUST08818,Preeti Agarwal,Female,24.0,Mumbai,Maharashtra,2025-04-25,Direct
CUST08819,Pooja Agarwal,Female,36.0,Ghaziabad,Uttar Pradesh,2025-04-12,Direct
CUST08820,Kavya Sharma,Female,35.0,Delhi,Delhi,2025-07-15,Social Media
CUST08821,Suresh Chopra,Male,38.0,Chennai,Tamil Nadu,2024-04-24,Email
CUST08822,Harsh Kapoor,Male,36.0,Gurugram,Haryana,2024-05-10,Organic Search
CUST08823,Shreya Menon,Female,37.0,Bengaluru,Karnataka,2024-12-20,Organic Search
CUST08824,Simran Saxena,Female,46.0,Visakhapatnam,Andhra Pradesh,2025-03-12,Social Media
CUST08825,Siddharth Chatterjee,Male,39.0,Jaipur,Rajasthan,2025-07-03,Organic Search
CUST08826,Ishaan Gupta,Male,38.0,Ahmedabad,Gujarat,2025-06-30,Social Media
CUST08827,Simran Verma,Female,18.0,Chennai,Tamil Nadu,2025-02-26,Organic Search
CUST08828,Diya Menon,Female,44.0,Chennai,Tamil Nadu,2025-08-30,Organic Search
CUST08829,Rajesh Desai,Male,30.0,Ghaziabad,Uttar Pradesh,2023-09-07,Paid Search
CUST08830,Tanvi Saxena,Female,34.0,Vadodara,Gujarat,2025-08-25,Direct
CUST08831,Rahul Chatterjee,Male,20.0,Ahmedabad,Gujarat,2023-04-08,Social Media
CUST08832,Karthik Joshi,Male,54.0,Nagpur,Maharashtra,2024-10-06,Email
CUST08833,Deepak Chauhan,Male,18.0,Pune,Maharashtra,2023-05-15,Email
CUST08834,Aman Chopra,Male,48.0,Bhopal,Madhya Pradesh,2024-10-17,Referral
CUST08835,Vihaan Mishra,Male,37.0,Mumbai,Maharashtra,2024-04-30,Organic Search
CUST08836,Saanvi Kapoor,Female,18.0,Hyderabad,Telangana,2023-05-03,Direct
CUST08837,Aadhya Tiwari,Female,53.0,Hyderabad,Telangana,2024-12-27,Paid Search
CUST08838,Komal Kapoor,Female,38.0,Jaipur,Rajasthan,2025-03-07,Social Media
CUST08839,Divya Singh,Female,18.0,Delhi,Delhi,2023-09-02,Referral
CUST08840,Radhika Nair,Female,29.0,Pune,Maharashtra,2025-02-04,Referral
CUST08841,Vihaan Chatterjee,Male,38.0,Kochi,Kerala,2023-09-08,Paid Search
CUST08842,Vivaan Yadav,Male,50.0,Mumbai,Maharashtra,2023-07-17,Social Media
CUST08843,Siddharth Reddy,Male,29.0,Kolkata,West Bengal,2023-07-30,Paid Search
CUST08844,Priya Banerjee,Female,18.0,Delhi,Delhi,2024-11-14,Organic Search
CUST08845,Aditya Shah,Male,48.0,Jaipur,Rajasthan,2025-04-14,Social Media
CUST08846,Pooja Iyer,Female,38.0,Bengaluru,Karnataka,2024-11-12,Social Media
CUST08847,Ananya Reddy,Female,18.0,Coimbatore,Tamil Nadu,2025-05-09,Paid Search
CUST08848,Anjali Tiwari,Female,36.0,Hyderabad,Telangana,2024-11-07,Organic Search
CUST08849,Naveen Mishra,Male,37.0,Noida,Uttar Pradesh,2025-04-29,Social Media
CUST08850,Reyansh Chopra,Male,30.0,Mumbai,Maharashtra,2025-09-13,Organic Search
CUST08851,Aarav Singh,Male,25.0,Ghaziabad,Uttar Pradesh,2024-05-01,Paid Search
CUST08852,Ananya Tiwari,Female,27.0,Bengaluru,Karnataka,2023-08-02,Email
CUST08853,Pooja Kumar,Female,30.0,Delhi,Delhi,2023-07-14,Organic Search
CUST08854,Saanvi Verma,Female,37.0,Rajkot,Gujarat,2024-11-12,Direct
CUST08855,Saanvi Verma,Female,41.0,Hyderabad,Telangana,2024-09-28,Social Media
CUST08856,Nikhil Reddy,Male,18.0,Jaipur,Rajasthan,2023-09-14,Organic Search
CUST08857,Abhishek Kumar,Male,36.0,Thane,Maharashtra,2025-07-04,Organic Search
CUST08858,Reyansh Patel,Male,38.0,Chennai,Tamil Nadu,2025-08-30,Organic Search
CUST08859,Aman Reddy,Male,35.0,Mumbai,Maharashtra,2023-12-05,Referral
CUST08860,Abhishek Pandey,Male,29.0,Gurugram,Haryana,2023-10-12,Organic Search
CUST08861,Aditya Mishra,Male,47.0,Lucknow,Uttar Pradesh,2023-10-20,Social Media
CUST08862,Tanvi Mishra,Female,46.0,Coimbatore,Tamil Nadu,2024-04-28,Email
CUST08863,Pranav Bansal,Male,29.0,Visakhapatnam,Andhra Pradesh,2025-06-12,Organic Search
CUST08864,Rohan Kapoor,Male,32.0,Visakhapatnam,Andhra Pradesh,2024-11-11,Paid Search
CUST08865,Ishaan Joshi,Male,41.0,Jaipur,Rajasthan,2023-04-13,Organic Search
CUST08866,Aarav Saxena,Male,46.0,Mumbai,Maharashtra,2024-07-21,Referral
CUST08867,Aarav Rao,Male,25.0,Rajkot,Gujarat,2023-05-15,Direct
CUST08868,Vihaan Agarwal,Male,23.0,Ghaziabad,Uttar Pradesh,2024-05-17,Direct
CUST08869,Deepak Verma,Male,36.0,Indore,Madhya Pradesh,2024-05-14,Organic Search
CUST08870,Anita Gupta,Female,22.0,Nashik,Maharashtra,2024-12-27,Social Media
CUST08871,Suresh Joshi,Male,18.0,Delhi,Delhi,2024-09-30,Social Media
CUST08872,Vivaan Chauhan,Male,25.0,Bengaluru,Karnataka,2025-06-29,Direct
CUST08873,Aditya Mishra,Male,37.0,Delhi,Delhi,2023-01-26,Social Media
CUST08874,Ankit Sharma,Male,49.0,Lucknow,Uttar Pradesh,2025-04-10,Paid Search
CUST08875,Sneha Reddy,Female,26.0,Chennai,Tamil Nadu,2023-02-05,Paid Search
CUST08876,Pranav Chauhan,Male,32.0,Mumbai,Maharashtra,2024-01-31,Referral
CUST08877,Anjali Das,Female,35.0,Jaipur,Rajasthan,2025-07-02,Social Media
CUST08878,Riya Kumar,Female,27.0,Hyderabad,Telangana,2025-02-01,Organic Search
CUST08879,Priya Chatterjee,Female,26.0,Kolkata,West Bengal,2023-08-30,Direct
CUST08880,Aarav Bansal,Male,36.0,Bengaluru,Karnataka,2024-08-07,Social Media
CUST08881,Harsh Bansal,Male,21.0,Delhi,Delhi,2025-02-27,Organic Search
CUST08882,Ankit Chauhan,Male,25.0,Chennai,Tamil Nadu,2025-08-15,Paid Search
CUST08883,Saanvi Sharma,Female,31.0,Bengaluru,Karnataka,2024-12-15,Organic Search
CUST08884,Siddharth Rao,Male,36.0,Ahmedabad,Gujarat,2023-02-08,Social Media
CUST08885,Ritu Rao,Female,18.0,Ahmedabad,Gujarat,2024-08-15,Social Media
CUST08886,Manish Mehta,Male,32.0,Gurugram,Haryana,2023-08-06,Direct
CUST08887,Kunal Chatterjee,Male,20.0,Delhi,Delhi,2023-03-15,Organic Search
CUST08888,Rajesh Menon,Male,26.0,Bengaluru,Karnataka,2024-11-13,Paid Search
CUST08889,Ankit Iyer,Male,41.0,Patna,Bihar,2025-04-13,Organic Search
CUST08890,Aditi Chatterjee,Female,32.0,Hyderabad,Telangana,2023-02-26,Organic Search
CUST08891,Sneha Rao,Female,50.0,Kolkata,West Bengal,2025-04-18,Email
CUST08892,Harsh Saxena,Male,32.0,Bhopal,Madhya Pradesh,2025-02-14,Email
CUST08893,Vikram Joshi,Male,43.0,Mumbai,Maharashtra,2025-03-24,Direct
CUST08894,Radhika Chatterjee,Female,41.0,Noida,Uttar Pradesh,2023-11-25,Social Media
CUST08895,Yash Mehta,Male,33.0,Chennai,Tamil Nadu,2024-05-04,
CUST08896,Saanvi Mehta,Female,20.0,Bhopal,Madhya Pradesh,2023-06-24,Paid Search
CUST08897,Vihaan Agarwal,Male,32.0,Chandigarh,Chandigarh,2023-11-18,Social Media
CUST08898,Aadhya Menon,Female,28.0,Nashik,Maharashtra,2024-01-29,Social Media
CUST08899,Payal Rao,Female,27.0,Bengaluru,Karnataka,2024-02-16,Organic Search
CUST08900,Naveen Patel,Male,35.0,Pune,Maharashtra,2023-09-03,Direct
CUST08901,Simran Saxena,Female,19.0,Chennai,Tamil Nadu,2023-09-20,Direct
CUST08902,Karthik Nair,Male,24.0,Pune,Maharashtra,2025-07-19,Email
CUST08903,Ankit Patel,Male,23.0,Visakhapatnam,Andhra Pradesh,2025-04-18,Organic Search
CUST08904,Rekha Agarwal,Female,30.0,Hyderabad,Telangana,2024-03-14,Paid Search
CUST08905,Abhishek Mishra,Male,25.0,Kolkata,West Bengal,2025-08-23,
CUST08906,Ishaan Agarwal,Male,26.0,Jaipur,Rajasthan,2023-11-18,Organic Search
CUST08907,Ritu Iyer,Female,34.0,Bengaluru,Karnataka,2024-05-17,Paid Search
CUST08908,Juhi Chopra,Female,29.0,Jaipur,Rajasthan,2025-05-12,Social Media
CUST08909,Siddharth Rao,Male,33.0,Delhi,Delhi,2024-06-22,Organic Search
CUST08910,Saanvi Banerjee,Female,22.0,Surat,Gujarat,2023-11-13,Organic Search
CUST08911,Aditya Singh,Male,25.0,Delhi,Delhi,2024-04-08,Organic Search
CUST08912,Swati Reddy,Female,53.0,Visakhapatnam,Andhra Pradesh,2024-08-16,Organic Search
CUST08913,Nikhil Mukherjee,Male,26.0,Delhi,Delhi,2024-12-03,Paid Search
CUST08914,Anita Gupta,Female,18.0,Lucknow,Uttar Pradesh,2024-05-16,Referral
CUST08915,Vikram Agarwal,Male,36.0,Jaipur,Rajasthan,2024-06-11,Organic Search
CUST08916,Kunal Menon,Male,26.0,Chennai,Tamil Nadu,2023-12-17,Paid Search
CUST08917,Meera Mukherjee,Female,35.0,Lucknow,Uttar Pradesh,2024-09-17,Organic Search
CUST08918,Rajesh Chatterjee,,32.0,Ludhiana,Punjab,2023-10-27,Paid Search
CUST08919,Rajesh Chopra,Male,38.0,Delhi,Delhi,2025-06-23,Organic Search
CUST08920,Varun Kapoor,Male,32.0,Kanpur,Uttar Pradesh,2025-03-20,Organic Search
CUST08921,Radhika Chopra,Female,31.0,Chennai,Tamil Nadu,2024-05-21,Referral
CUST08922,Abhishek Shah,Male,44.0,Kanpur,Uttar Pradesh,2025-03-20,Direct
CUST08923,Nisha Desai,Female,18.0,Nashik,Maharashtra,2023-01-12,Paid Search
CUST08924,Aman Mukherjee,Male,20.0,Lucknow,Uttar Pradesh,2024-03-14,Organic Search
CUST08925,Divya Gupta,Female,25.0,Delhi,Delhi,2024-06-19,Email
CUST08926,Anjali Verma,Female,18.0,Chennai,Tamil Nadu,2024-07-18,Social Media
CUST08927,Naveen Joshi,Male,28.0,Pune,Maharashtra,2025-03-21,Paid Search
CUST08928,Anita Joshi,Female,27.0,Delhi,Delhi,2025-09-03,Direct
CUST08929,Rahul Bansal,Male,43.0,Lucknow,Uttar Pradesh,2024-04-20,Paid Search
CUST08930,Siddharth Agarwal,Male,32.0,Indore,Madhya Pradesh,2024-03-21,Direct
CUST08931,Shreya Chatterjee,Female,31.0,Bhopal,Madhya Pradesh,2024-11-24,Direct
CUST08932,Neha Menon,Female,29.0,Delhi,Delhi,2024-01-06,Direct
CUST08933,Priya Iyer,Female,22.0,Indore,Madhya Pradesh,2023-07-22,Organic Search
CUST08934,Sneha Tiwari,Female,42.0,Ahmedabad,Gujarat,2025-09-02,Organic Search
CUST08935,Rahul Malhotra,Male,45.0,Bengaluru,Karnataka,2025-05-09,Paid Search
CUST08936,Sneha Nair,Female,21.0,Pune,Maharashtra,2025-08-31,Email
CUST08937,Aman Chopra,Male,49.0,Pune,Maharashtra,2023-10-25,Organic Search
CUST08938,Riya Das,Female,26.0,Chennai,Tamil Nadu,2023-01-29,Organic Search
CUST08939,Kiran Joshi,Female,25.0,Ludhiana,Punjab,2024-06-16,Paid Search
CUST08940,Aditya Mishra,Male,38.0,Delhi,Delhi,2025-08-12,Organic Search
CUST08941,Neha Desai,Female,39.0,Ahmedabad,Gujarat,2023-07-18,Referral
CUST08942,Pooja Mishra,Female,32.0,Bengaluru,Karnataka,2023-06-20,Direct
CUST08943,Tanvi Mukherjee,Female,30.0,Mumbai,Maharashtra,2023-04-15,Organic Search
CUST08944,Juhi Agarwal,Female,45.0,Hyderabad,Telangana,2025-04-03,
CUST08945,Radhika Mukherjee,,27.0,Indore,Madhya Pradesh,2025-04-20,Social Media
CUST08946,Nisha Das,Female,32.0,Pune,Maharashtra,2025-02-05,Paid Search
CUST08947,Ankit Menon,Male,50.0,Chennai,Tamil Nadu,2023-03-23,Paid Search
CUST08948,Divya Kapoor,Female,20.0,Kolkata,West Bengal,2025-02-28,Paid Search
CUST08949,Naveen Gupta,Male,28.0,Hyderabad,Telangana,2024-06-27,Paid Search
CUST08950,Abhishek Malhotra,Male,43.0,Delhi,Delhi,2023-08-12,Organic Search
CUST08951,Ananya Mukherjee,Female,38.0,Jaipur,Rajasthan,2024-01-21,Social Media
CUST08952,Aditi Chopra,Female,42.0,Vadodara,Gujarat,2024-08-17,Direct
CUST08953,Sunita Sharma,Female,20.0,Patna,Bihar,2024-02-27,Direct
CUST08954,Manish Reddy,Male,36.0,Bengaluru,Karnataka,2025-09-08,Social Media
CUST08955,Kunal Joshi,Male,30.0,Chennai,Tamil Nadu,2024-07-23,Paid Search
CUST08956,Priya Chatterjee,Female,56.0,Pune,Maharashtra,2024-04-12,Direct
CUST08957,Suresh Singh,Male,41.0,Vadodara,Gujarat,2025-01-17,Social Media
CUST08958,Gaurav Verma,Male,33.0,Delhi,Delhi,2024-12-29,Paid Search
CUST08959,Reyansh Menon,Male,36.0,Delhi,Delhi,2023-01-04,Organic Search
CUST08960,Anita Menon,Female,34.0,Gurugram,Haryana,2024-12-01,Email
CUST08961,Pranav Iyer,Male,40.0,Delhi,Delhi,2023-11-24,Email
CUST08962,Deepak Tiwari,Male,24.0,Kochi,Kerala,2024-04-15,Social Media
CUST08963,Nisha Shah,Female,47.0,Jaipur,Rajasthan,2025-02-14,Organic Search
CUST08964,Aarav Chopra,Male,20.0,Kolkata,West Bengal,2024-10-08,Paid Search
CUST08965,Riya Patel,Female,35.0,Delhi,Delhi,2024-04-08,Social Media
CUST08966,Komal Verma,Female,25.0,Agra,Uttar Pradesh,2023-08-24,Organic Search
CUST08967,Pooja Desai,Female,33.0,Delhi,Delhi,2024-08-21,Paid Search
CUST08968,Pranav Chauhan,Male,43.0,Ahmedabad,Gujarat,2024-02-16,Organic Search
CUST08969,Rajesh Rao,Male,18.0,Mumbai,Maharashtra,2025-07-28,Referral
CUST08970,Krishna Das,Male,31.0,Mumbai,Maharashtra,2024-09-17,Paid Search
CUST08971,Rekha Desai,Female,19.0,Indore,Madhya Pradesh,2025-06-22,Paid Search
CUST08972,Tarun Malhotra,Male,30.0,Delhi,Delhi,2024-04-30,Direct
CUST08973,Arjun Desai,Male,19.0,Jaipur,Rajasthan,2025-05-23,Paid Search
CUST08974,Kunal Pandey,Male,35.0,Indore,Madhya Pradesh,2023-03-28,Paid Search
CUST08975,Anjali Patel,Female,29.0,Kolkata,West Bengal,2024-01-24,Organic Search
CUST08976,Anjali Agarwal,Female,40.0,Lucknow,Uttar Pradesh,2023-04-28,Referral
CUST08977,Reyansh Tiwari,Male,45.0,Bengaluru,Karnataka,2023-02-19,Paid Search
CUST08978,Preeti Nair,Female,33.0,Ghaziabad,Uttar Pradesh,2025-08-01,Paid Search
CUST08979,Manish Bansal,Male,42.0,Delhi,Delhi,2025-02-23,Paid Search
CUST08980,Rekha Desai,Female,47.0,Jaipur,Rajasthan,2024-12-07,Social Media
CUST08981,Kavya Reddy,Female,24.0,Ludhiana,Punjab,2024-09-15,Social Media
CUST08982,Kavya Menon,Female,47.0,Patna,Bihar,2024-10-19,Paid Search
CUST08983,Rekha Pandey,Female,33.0,Mumbai,Maharashtra,2024-12-19,Social Media
CUST08984,Tarun Banerjee,Male,23.0,Ahmedabad,Gujarat,2025-05-22,Social Media
CUST08985,Siddharth Reddy,Male,36.0,Agra,Uttar Pradesh,2024-11-12,Social Media
CUST08986,Komal Saxena,Female,32.0,Ludhiana,Punjab,2025-03-21,Paid Search
CUST08987,Divya Rao,Female,19.0,Lucknow,Uttar Pradesh,2024-01-05,Direct
CUST08988,Tarun Verma,Male,22.0,Delhi,Delhi,2025-09-13,Social Media
CUST08989,Manish Patel,Male,49.0,Ahmedabad,Gujarat,2023-02-19,Email
CUST08990,Nikhil Tiwari,Male,36.0,Noida,Uttar Pradesh,2024-04-27,Paid Search
CUST08991,Aditya Rao,Male,48.0,Delhi,Delhi,2025-07-04,Organic Search
CUST08992,Diya Chauhan,Female,29.0,Vadodara,Gujarat,2023-09-10,Paid Search
CUST08993,Vihaan Pandey,Male,25.0,Chennai,Tamil Nadu,2023-07-22,Social Media
CUST08994,Sneha Sharma,Female,18.0,Thane,Maharashtra,2024-04-05,Organic Search
CUST08995,Gaurav Agarwal,Male,43.0,Mumbai,Maharashtra,2024-06-07,Email
CUST08996,Riya Das,Female,37.0,Mumbai,Maharashtra,2025-08-12,Paid Search
CUST08997,Anjali Desai,Female,29.0,Hyderabad,Telangana,2025-05-30,Social Media
CUST08998,Kavya Chatterjee,Female,25.0,Nashik,Maharashtra,2024-07-12,Organic Search
CUST08999,Aditi Singh,Female,44.0,Kanpur,Uttar Pradesh,2025-09-11,Paid Search
CUST09000,Ishaan Kumar,Male,31.0,Surat,Gujarat,2024-12-22,Paid Search
CUST09001,Siddharth Sharma,Male,31.0,Guwahati,Assam,2025-06-28,Paid Search
CUST09002,Ananya Mehta,Female,27.0,Hyderabad,Telangana,2023-11-27,Social Media
CUST09003,Payal Kapoor,Female,29.0,Ludhiana,Punjab,2024-08-05,Organic Search
CUST09004,Anita Reddy,Female,39.0,Delhi,Delhi,2023-02-16,Organic Search
CUST09005,Aditi Iyer,Female,19.0,Delhi,Delhi,2023-01-15,Paid Search
CUST09006,Nikhil Joshi,Male,34.0,Kolkata,West Bengal,2025-02-13,Organic Search
CUST09007,Pranav Kapoor,Male,43.0,Noida,Uttar Pradesh,2023-06-22,Organic Search
CUST09008,Meera Chauhan,Female,32.0,Nagpur,Maharashtra,2024-09-29,Referral
CUST09009,Nisha Nair,Female,44.0,Delhi,Delhi,2025-02-05,Organic Search
CUST09010,Diya Chopra,Female,46.0,Noida,Uttar Pradesh,2023-02-20,Social Media
CUST09011,Ritu Nair,Female,42.0,Visakhapatnam,Andhra Pradesh,2024-06-28,Paid Search
CUST09012,Rekha Chopra,Female,28.0,Thane,Maharashtra,2025-01-26,Organic Search
CUST09013,Ritu Mishra,Female,33.0,Pune,Maharashtra,2025-07-10,Organic Search
CUST09014,Nikhil Nair,Male,36.0,Ahmedabad,Gujarat,2024-01-25,Organic Search
CUST09015,Meera Banerjee,Female,28.0,Delhi,Delhi,2025-09-12,Organic Search
CUST09016,Reyansh Mehta,Male,28.0,Surat,Gujarat,2025-06-05,Paid Search
CUST09017,Krishna Mukherjee,Male,27.0,Delhi,Delhi,2024-12-29,Email
CUST09018,Divya Mukherjee,Female,58.0,Jaipur,Rajasthan,2024-05-02,Paid Search
CUST09019,Aditya Yadav,Male,30.0,Pune,Maharashtra,2025-02-18,Social Media
CUST09020,Naveen Bansal,Male,44.0,Jaipur,Rajasthan,2025-05-14,Organic Search
CUST09021,Swati Menon,Female,24.0,Ghaziabad,Uttar Pradesh,2024-01-30,Direct
CUST09022,Saanvi Patel,Female,50.0,Chennai,Tamil Nadu,2025-09-25,Organic Search
CUST09023,Karthik Mehta,Male,29.0,Chennai,Tamil Nadu,2025-07-25,Organic Search
CUST09024,Pooja Mukherjee,Female,34.0,Mumbai,Maharashtra,2024-08-02,Paid Search
CUST09025,Divya Saxena,Female,18.0,Bengaluru,Karnataka,2025-02-28,Direct
CUST09026,Vihaan Malhotra,Male,44.0,Mumbai,Maharashtra,2024-09-07,Social Media
CUST09027,Riya Reddy,Female,46.0,Delhi,Delhi,2025-03-31,Organic Search
CUST09028,Meera Saxena,Female,21.0,Chennai,Tamil Nadu,2025-05-23,Organic Search
CUST09029,Radhika Chauhan,Female,45.0,Ahmedabad,Gujarat,2023-02-06,Email
CUST09030,Diya Chatterjee,Female,20.0,Gurugram,Haryana,2023-04-29,Referral
CUST09031,Preeti Malhotra,Female,39.0,Delhi,Delhi,2024-03-06,Organic Search
CUST09032,Sneha Singh,Female,30.0,Delhi,Delhi,2025-07-31,Organic Search
CUST09033,Gaurav Saxena,Male,46.0,Bhopal,Madhya Pradesh,2024-05-09,Organic Search
CUST09034,Neha Kumar,Female,35.0,Mumbai,Maharashtra,2025-07-08,Organic Search
CUST09035,Preeti Chauhan,Female,42.0,Lucknow,Uttar Pradesh,2024-07-11,Organic Search
CUST09036,Harsh Banerjee,Male,45.0,Thane,Maharashtra,2024-01-14,Paid Search
CUST09037,Shreya Agarwal,Female,30.0,Surat,Gujarat,2025-07-18,Organic Search
CUST09038,Ishita Rao,Female,33.0,Bengaluru,Karnataka,2024-10-11,Social Media
CUST09039,Aditya Mukherjee,Male,22.0,Mumbai,Maharashtra,2024-03-31,Paid Search
CUST09040,Pranav Joshi,Male,30.0,Guwahati,Assam,2023-03-10,Paid Search
CUST09041,Diya Menon,Female,52.0,Agra,Uttar Pradesh,2023-06-12,Direct
CUST09042,Nikhil Chatterjee,Male,41.0,Thane,Maharashtra,2023-07-19,Organic Search
CUST09043,Meera Saxena,Female,23.0,Delhi,Delhi,2024-04-04,Organic Search
CUST09044,Krishna Chatterjee,Male,49.0,Chennai,Tamil Nadu,2024-11-21,Paid Search
CUST09045,Anjali Kumar,Female,37.0,Indore,Madhya Pradesh,2024-02-04,Paid Search
CUST09046,Tanvi Banerjee,Female,41.0,Mumbai,Maharashtra,2023-04-10,Paid Search
CUST09047,Gaurav Mishra,Male,38.0,Noida,Uttar Pradesh,2023-12-18,Paid Search
CUST09048,Neha Mehta,Female,37.0,Noida,Uttar Pradesh,2024-05-19,Organic Search
CUST09049,Naveen Rao,Male,18.0,Delhi,Delhi,2025-09-25,Social Media
CUST09050,Siddharth Reddy,Male,44.0,Delhi,Delhi,2024-05-03,Referral
CUST09051,Neha Iyer,Female,18.0,Ahmedabad,Gujarat,2023-05-13,Paid Search
CUST09052,Ishaan Banerjee,Male,43.0,Chennai,Tamil Nadu,2024-10-29,Paid Search
CUST09053,Preeti Nair,Female,34.0,Chennai,Tamil Nadu,2025-08-02,Referral
CUST09054,Neha Patel,Female,41.0,Nagpur,Maharashtra,2025-04-21,Paid Search
CUST09055,Siddharth Nair,Male,35.0,Kolkata,West Bengal,2025-05-30,Organic Search
CUST09056,Rahul Menon,Male,43.0,Delhi,Delhi,2025-08-08,Paid Search
CUST09057,Sunita Banerjee,Female,33.0,Bengaluru,Karnataka,2024-12-17,Paid Search
CUST09058,Reyansh Kapoor,Male,36.0,Chennai,Tamil Nadu,2025-09-27,Referral
CUST09059,Sunita Agarwal,Female,37.0,Kolkata,West Bengal,2023-02-21,Referral
CUST09060,Harsh Yadav,Male,52.0,Gurugram,Haryana,2025-05-29,Email
CUST09061,Simran Mehta,Female,39.0,Mumbai,Maharashtra,2025-06-15,Paid Search
CUST09062,Vihaan Desai,Male,20.0,Vadodara,Gujarat,2025-07-31,Organic Search
CUST09063,Reyansh Patel,Male,27.0,Hyderabad,Telangana,2024-07-26,Paid Search
CUST09064,Nisha Desai,Female,39.0,Indore,Madhya Pradesh,2025-04-21,Organic Search
CUST09065,Reyansh Mishra,Male,46.0,Bengaluru,Karnataka,2023-09-27,Direct
CUST09066,Ishita Pandey,Female,26.0,Ahmedabad,Gujarat,2024-11-17,Organic Search
CUST09067,Kunal Desai,Male,55.0,Chennai,Tamil Nadu,2024-03-29,Paid Search
CUST09068,Aman Reddy,Male,35.0,Bhopal,Madhya Pradesh,2024-11-11,Paid Search
CUST09069,Vikram Kumar,Male,37.0,Delhi,Delhi,2025-01-19,Email
CUST09070,Ritu Chatterjee,Female,20.0,Hyderabad,Telangana,2024-03-17,Social Media
CUST09071,Sunita Iyer,Female,44.0,Pune,Maharashtra,2023-10-23,Organic Search
CUST09072,Vihaan Malhotra,Male,29.0,Lucknow,Uttar Pradesh,2024-02-19,Social Media
CUST09073,Swati Singh,Female,26.0,Mumbai,Maharashtra,2025-01-09,Paid Search
CUST09074,Sneha Verma,Female,30.0,Mumbai,Maharashtra,2025-01-20,Social Media
CUST09075,Aman Chopra,Male,47.0,Indore,Madhya Pradesh,2025-03-15,Organic Search
CUST09076,Nikhil Desai,Male,38.0,Ahmedabad,Gujarat,2023-07-03,Paid Search
CUST09077,Nikhil Nair,Male,24.0,Delhi,Delhi,2025-05-16,Paid Search
CUST09078,Siddharth Agarwal,Male,28.0,Bengaluru,Karnataka,2025-01-30,Organic Search
CUST09079,Simran Chatterjee,Female,47.0,Jaipur,Rajasthan,2023-02-17,Social Media
CUST09080,Varun Bansal,Male,31.0,Noida,Uttar Pradesh,2024-03-05,Direct
CUST09081,Siddharth Chauhan,Male,39.0,Thane,Maharashtra,2024-07-15,Organic Search
CUST09082,Aadhya Agarwal,Female,41.0,Patna,Bihar,2024-03-31,Organic Search
CUST09083,Vikram Mishra,Male,18.0,Jaipur,Rajasthan,2023-06-21,Organic Search
CUST09084,Kavya Gupta,Female,46.0,Ahmedabad,Gujarat,2023-10-12,Social Media
CUST09085,Diya Singh,Female,24.0,Noida,Uttar Pradesh,2023-02-08,Email
CUST09086,Vikram Bansal,Male,29.0,Mumbai,Maharashtra,2023-05-19,Social Media
CUST09087,Preeti Chopra,Female,48.0,Vadodara,Gujarat,2023-12-20,Paid Search
CUST09088,Rohan Menon,Male,47.0,Bengaluru,Karnataka,2025-05-17,Direct
CUST09089,Diya Mukherjee,Female,38.0,Jaipur,Rajasthan,2024-09-09,Paid Search
CUST09090,Varun Shah,Male,40.0,Kochi,Kerala,2024-06-04,Email
CUST09091,Kiran Nair,Female,43.0,Ludhiana,Punjab,2025-01-08,Referral
CUST09092,Juhi Gupta,Female,47.0,Ludhiana,Punjab,2024-09-23,Organic Search
CUST09093,Simran Verma,Female,49.0,Ghaziabad,Uttar Pradesh,2023-07-09,Organic Search
CUST09094,Meera Kapoor,Female,34.0,Chennai,Tamil Nadu,2023-10-30,Direct
CUST09095,Meera Joshi,Female,26.0,Ahmedabad,Gujarat,2023-10-30,Paid Search
CUST09096,Rajesh Chopra,Male,30.0,Kolkata,West Bengal,2024-11-15,Social Media
CUST09097,Ananya Iyer,Female,34.0,Bengaluru,Karnataka,2024-07-10,Organic Search
CUST09098,Sanjay Yadav,Male,32.0,Kolkata,West Bengal,2024-04-28,Email
CUST09099,Rekha Iyer,Female,23.0,Delhi,Delhi,2024-10-07,Paid Search
CUST09100,Preeti Rao,Female,37.0,Coimbatore,Tamil Nadu,2025-09-09,Social Media
CUST09101,Kunal Joshi,Male,18.0,Thane,Maharashtra,2024-02-11,Organic Search
CUST09102,Harsh Das,Male,34.0,Mumbai,Maharashtra,2024-09-03,Organic Search
CUST09103,Harsh Chopra,Male,34.0,Lucknow,Uttar Pradesh,2024-07-28,Referral
CUST09104,Sanjay Chatterjee,Male,34.0,Bhopal,Madhya Pradesh,2025-02-22,Social Media
CUST09105,Meera Tiwari,Female,42.0,Nashik,Maharashtra,2025-03-06,Email
CUST09106,Nikhil Banerjee,Male,40.0,Hyderabad,Telangana,2025-03-05,Organic Search
CUST09107,Pooja Sharma,Female,55.0,Surat,Gujarat,2023-10-05,Organic Search
CUST09108,Reyansh Joshi,Male,28.0,Bengaluru,Karnataka,2024-06-28,Referral
CUST09109,Vivaan Agarwal,Male,36.0,Ludhiana,Punjab,2025-05-10,Social Media
CUST09110,Aman Banerjee,Male,35.0,Nashik,Maharashtra,2024-04-22,Social Media
CUST09111,Nikhil Rao,Male,35.0,Mumbai,Maharashtra,2025-09-19,Organic Search
CUST09112,Rekha Das,Female,20.0,Bengaluru,Karnataka,2024-04-04,Social Media
CUST09113,Karthik Malhotra,Male,21.0,Mumbai,Maharashtra,2024-08-13,Social Media
CUST09114,Neha Desai,Female,33.0,Ahmedabad,Gujarat,2024-07-22,Organic Search
CUST09115,Ananya Menon,Female,18.0,Mumbai,Maharashtra,2024-06-13,Organic Search
CUST09116,Siddharth Iyer,Male,30.0,Patna,Bihar,2025-06-06,Organic Search
CUST09117,Naveen Yadav,Male,27.0,Chennai,Tamil Nadu,2023-08-09,Direct
CUST09118,Ankit Mehta,Male,30.0,Pune,Maharashtra,2024-10-17,Direct
CUST09119,Rahul Iyer,Male,44.0,Thane,Maharashtra,2024-12-01,Organic Search
CUST09120,Simran Kapoor,Female,22.0,Indore,Madhya Pradesh,2025-06-10,Referral
CUST09121,Arjun Menon,Male,42.0,Hyderabad,Telangana,2024-11-23,Social Media
CUST09122,Nikhil Iyer,Male,27.0,Patna,Bihar,2025-09-01,Direct
CUST09123,Diya Singh,Female,29.0,Lucknow,Uttar Pradesh,2025-06-27,Paid Search
CUST09124,Tarun Mukherjee,Male,38.0,Bengaluru,Karnataka,2024-03-19,Organic Search
CUST09125,Aadhya Saxena,Female,30.0,Mumbai,Maharashtra,2025-06-17,Referral
CUST09126,Radhika Chauhan,Female,24.0,Bhopal,Madhya Pradesh,2025-08-31,
CUST09127,Sunita Bansal,Female,29.0,Delhi,Delhi,2023-12-09,Paid Search
CUST09128,Tarun Banerjee,Male,18.0,Delhi,Delhi,2024-11-24,Paid Search
CUST09129,Tarun Yadav,Male,,Chennai,Tamil Nadu,2024-01-06,Email
CUST09130,Deepak Mishra,Male,18.0,Chandigarh,Chandigarh,2024-12-28,Organic Search
CUST09131,Divya Shah,Female,42.0,Indore,Madhya Pradesh,2023-05-19,Referral
CUST09132,Abhishek Banerjee,Male,,Patna,Bihar,2025-03-09,Referral
CUST09133,Suresh Chauhan,Male,49.0,Bengaluru,Karnataka,2024-05-30,Organic Search
CUST09134,Aadhya Yadav,Female,55.0,Ludhiana,Punjab,2024-11-03,Organic Search
CUST09135,Swati Pandey,Female,42.0,Chennai,Tamil Nadu,2023-02-10,Organic Search
CUST09136,Riya Tiwari,Female,27.0,Kochi,Kerala,2025-02-05,Direct
CUST09137,Vihaan Reddy,Male,55.0,Pune,Maharashtra,2024-08-12,Email
CUST09138,Kiran Joshi,Female,21.0,Jaipur,Rajasthan,2024-12-07,Paid Search
CUST09139,Naveen Kumar,Male,18.0,Chandigarh,Chandigarh,2024-02-12,Direct
CUST09140,Radhika Mukherjee,Female,52.0,Noida,Uttar Pradesh,2023-07-28,Direct
CUST09141,Suresh Gupta,Male,39.0,Mumbai,Maharashtra,2024-06-15,Direct
CUST09142,Kavya Menon,Female,18.0,Bengaluru,Karnataka,2025-08-20,Paid Search
CUST09143,Sunita Mukherjee,Female,19.0,Surat,Gujarat,2023-11-05,Referral
CUST09144,Arjun Malhotra,Male,39.0,Mumbai,Maharashtra,2025-01-19,Organic Search
CUST09145,Riya Shah,Female,24.0,Hyderabad,Telangana,2023-03-18,Organic Search
CUST09146,Vihaan Pandey,Male,26.0,Delhi,Delhi,2025-02-24,Social Media
CUST09147,Suresh Sharma,Male,53.0,Pune,Maharashtra,2023-11-18,Organic Search
CUST09148,Vihaan Desai,Male,54.0,Jaipur,Rajasthan,2024-06-30,Organic Search
CUST09149,Nisha Mishra,Female,34.0,Delhi,Delhi,2024-04-07,Organic Search
CUST09150,Abhishek Chauhan,Male,31.0,Pune,Maharashtra,2023-06-15,Paid Search
CUST09151,Yash Mukherjee,Male,42.0,Ahmedabad,Gujarat,2024-03-15,
CUST09152,Radhika Kumar,Female,27.0,Kochi,Kerala,2024-03-20,Direct
CUST09153,Anita Gupta,Female,18.0,Mumbai,Maharashtra,2024-09-05,Paid Search
CUST09154,Harsh Chopra,Male,18.0,Ludhiana,Punjab,2025-09-10,Paid Search
CUST09155,Tanvi Singh,Female,32.0,Guwahati,Assam,2024-07-18,Referral
CUST09156,Ankit Verma,Male,42.0,Pune,Maharashtra,2025-07-29,Referral
CUST09157,Aditya Chatterjee,Male,33.0,Kanpur,Uttar Pradesh,2024-07-10,Organic Search
CUST09158,Radhika Patel,Female,41.0,Delhi,Delhi,2023-06-07,Social Media
CUST09159,Pooja Yadav,Female,42.0,Hyderabad,Telangana,2023-11-08,Direct
CUST09160,Tarun Das,Male,47.0,Delhi,Delhi,2024-05-18,Referral
CUST09161,Aman Chauhan,Male,35.0,Jaipur,Rajasthan,2024-02-23,Organic Search
CUST09162,Sanjay Iyer,Male,36.0,Gurugram,Haryana,2025-06-22,Social Media
CUST09163,Krishna Mishra,Male,33.0,Mumbai,Maharashtra,2025-01-22,Social Media
CUST09164,Manish Saxena,Male,30.0,Kolkata,West Bengal,2024-10-26,Organic Search
CUST09165,Reyansh Das,Male,18.0,Indore,Madhya Pradesh,2024-08-07,Social Media
CUST09166,Siddharth Patel,Male,45.0,Chennai,Tamil Nadu,2024-05-08,Organic Search
CUST09167,Tarun Verma,Male,29.0,Pune,Maharashtra,2024-11-25,
CUST09168,Ananya Mishra,Female,29.0,Chennai,Tamil Nadu,2023-06-30,Organic Search
CUST09169,Priya Mukherjee,Female,28.0,Jaipur,Rajasthan,2023-08-18,Organic Search
CUST09170,Saanvi Shah,Female,20.0,Mumbai,Maharashtra,2024-01-30,Organic Search
CUST09171,Yash Iyer,Male,32.0,Pune,Maharashtra,2023-08-29,Direct
CUST09172,Komal Mishra,Female,38.0,Kolkata,West Bengal,2025-01-20,Organic Search
CUST09173,Tarun Tiwari,Male,26.0,Delhi,Delhi,2023-02-08,Organic Search
CUST09174,Divya Shah,Female,43.0,Pune,Maharashtra,2023-08-15,Email
CUST09175,Varun Mukherjee,Male,29.0,Chennai,Tamil Nadu,2025-07-20,Social Media
CUST09176,Aadhya Yadav,Female,18.0,Jaipur,Rajasthan,2025-09-29,Social Media
CUST09177,Yash Chopra,Male,47.0,Pune,Maharashtra,2024-08-04,Direct
CUST09178,Shreya Kapoor,Female,35.0,Ahmedabad,Gujarat,2024-08-11,Social Media
CUST09179,Arjun Yadav,Male,42.0,Visakhapatnam,Andhra Pradesh,2025-04-10,Social Media
CUST09180,Juhi Yadav,Female,42.0,Ahmedabad,Gujarat,2023-02-26,Paid Search
CUST09181,Meera Desai,Female,24.0,Kolkata,West Bengal,2024-06-06,Social Media
CUST09182,Aarav Banerjee,Male,28.0,Chennai,Tamil Nadu,2023-05-28,Email
CUST09183,Anita Yadav,Female,43.0,Kolkata,West Bengal,2024-05-11,
CUST09184,Naveen Agarwal,Male,51.0,Vadodara,Gujarat,2025-09-19,Organic Search
CUST09185,Aadhya Patel,Female,34.0,Indore,Madhya Pradesh,2025-03-25,Paid Search
CUST09186,Naveen Mukherjee,Male,27.0,Mumbai,Maharashtra,2025-09-20,Paid Search
CUST09187,Preeti Joshi,Female,50.0,Kolkata,West Bengal,2025-03-19,Organic Search
CUST09188,Diya Tiwari,Female,27.0,Delhi,Delhi,2024-11-22,Social Media
CUST09189,Naveen Banerjee,Male,36.0,Indore,Madhya Pradesh,2025-03-25,Referral
CUST09190,Neha Reddy,Female,29.0,Kochi,Kerala,2025-01-05,Organic Search
CUST09191,Preeti Patel,Female,36.0,Surat,Gujarat,2024-07-12,Paid Search
CUST09192,Anita Mishra,Female,24.0,Ahmedabad,Gujarat,2024-01-18,Organic Search
CUST09193,Sanjay Das,Male,29.0,Mumbai,Maharashtra,2024-09-03,Social Media
CUST09194,Manish Mehta,Male,27.0,Hyderabad,Telangana,2023-12-11,Organic Search
CUST09195,Ishaan Menon,Male,40.0,Pune,Maharashtra,2024-08-03,Direct
CUST09196,Manish Sharma,Male,35.0,Rajkot,Gujarat,2023-07-28,Organic Search
CUST09197,Yash Sharma,Male,42.0,Kolkata,West Bengal,2024-10-15,Referral
CUST09198,Riya Nair,Female,25.0,Kochi,Kerala,2023-11-26,Organic Search
CUST09199,Radhika Chopra,Female,31.0,Ahmedabad,Gujarat,2024-01-19,Email
CUST09200,Aadhya Chopra,Female,39.0,Mumbai,Maharashtra,2024-08-15,Organic Search
CUST09201,Gaurav Sharma,Male,42.0,Surat,Gujarat,2023-08-18,Email
CUST09202,Siddharth Malhotra,Male,19.0,Bengaluru,Karnataka,2025-09-03,Direct
CUST09203,Shreya Agarwal,Female,36.0,Bengaluru,Karnataka,2024-06-26,Direct
CUST09204,Tanvi Shah,Female,25.0,Mumbai,Maharashtra,2024-03-22,Referral
CUST09205,Anita Kumar,Female,42.0,Pune,Maharashtra,2023-02-15,Paid Search
CUST09206,Divya Chopra,Female,52.0,Bengaluru,Karnataka,2025-06-04,Paid Search
CUST09207,Gaurav Joshi,Male,18.0,Guwahati,Assam,2024-12-07,Direct
CUST09208,Shreya Iyer,Female,26.0,Ludhiana,Punjab,2024-05-27,Direct
CUST09209,Payal Joshi,Female,36.0,Indore,Madhya Pradesh,2023-11-26,Paid Search
CUST09210,Rohan Yadav,Male,33.0,Hyderabad,Telangana,2025-03-18,Paid Search
CUST09211,Payal Gupta,Female,42.0,Mumbai,Maharashtra,2025-08-21,Organic Search
CUST09212,Rajesh Mukherjee,Male,34.0,Lucknow,Uttar Pradesh,2024-04-21,Paid Search
CUST09213,Deepak Reddy,Male,28.0,Mumbai,Maharashtra,2023-07-14,Paid Search
CUST09214,Aditya Reddy,Male,23.0,Chennai,Tamil Nadu,2023-06-10,Referral
CUST09215,Kiran Bansal,Female,21.0,Mumbai,Maharashtra,2023-01-11,Organic Search
CUST09216,Pooja Kapoor,Female,26.0,Pune,Maharashtra,2025-03-17,Organic Search
CUST09217,Suresh Pandey,Male,27.0,Pune,Maharashtra,2025-09-17,Organic Search
CUST09218,Payal Nair,Female,37.0,Pune,Maharashtra,2025-09-25,Organic Search
CUST09219,Meera Mukherjee,Female,31.0,Indore,Madhya Pradesh,2025-04-19,Referral
CUST09220,Karthik Kumar,Male,26.0,Bengaluru,Karnataka,2023-08-18,Organic Search
CUST09221,Vikram Chauhan,Male,23.0,Bengaluru,Karnataka,2025-09-14,Direct
CUST09222,Gaurav Desai,Male,26.0,Chennai,Tamil Nadu,2024-02-25,Organic Search
CUST09223,Rajesh Mishra,Male,27.0,Nagpur,Maharashtra,2024-03-03,Referral
CUST09224,Anita Desai,Female,26.0,Delhi,Delhi,2025-01-29,Organic Search
CUST09225,Aditi Kumar,Female,40.0,Rajkot,Gujarat,2023-03-17,Social Media
CUST09226,Arjun Das,Male,47.0,Bengaluru,Karnataka,2025-05-22,Email
CUST09227,Yash Tiwari,Male,21.0,Delhi,Delhi,2025-09-29,Organic Search
CUST09228,Siddharth Patel,Male,44.0,Jaipur,Rajasthan,2025-04-11,Social Media
CUST09229,Ankit Rao,Male,40.0,Bengaluru,Karnataka,2025-04-17,Email
CUST09230,Reyansh Kapoor,Male,35.0,Chennai,Tamil Nadu,2024-04-30,Organic Search
CUST09231,Kunal Joshi,Male,48.0,Mumbai,Maharashtra,2023-04-10,Paid Search
CUST09232,Aman Patel,Male,31.0,Chennai,Tamil Nadu,2025-04-25,Paid Search
CUST09233,Pranav Kumar,Male,37.0,Hyderabad,Telangana,2024-11-12,Email
CUST09234,Rajesh Kumar,Male,34.0,Delhi,Delhi,2025-07-25,Paid Search
CUST09235,Gaurav Das,Male,33.0,Ahmedabad,Gujarat,2023-06-19,Social Media
CUST09236,Preeti Mishra,Female,38.0,Visakhapatnam,Andhra Pradesh,2024-02-01,Direct
CUST09237,Naveen Mukherjee,Male,33.0,Bhopal,Madhya Pradesh,2024-03-31,Social Media
CUST09238,Sanjay Menon,Male,38.0,Ahmedabad,Gujarat,2025-01-26,Organic Search
CUST09239,Krishna Shah,Male,26.0,Kochi,Kerala,2025-04-21,Organic Search
CUST09240,Aadhya Pandey,Female,27.0,Delhi,Delhi,2025-09-02,Paid Search
CUST09241,Ankit Saxena,Male,26.0,Agra,Uttar Pradesh,2024-01-21,Paid Search
CUST09242,Pooja Chopra,Female,29.0,Kochi,Kerala,2024-08-10,Organic Search
CUST09243,Vivaan Mukherjee,Male,43.0,Pune,Maharashtra,2023-02-15,Paid Search
CUST09244,Siddharth Mishra,Male,28.0,Mumbai,Maharashtra,2023-12-05,Direct
CUST09245,Meera Mukherjee,Female,40.0,Chandigarh,Chandigarh,2024-04-14,Referral
CUST09246,Juhi Nair,Female,36.0,Chennai,Tamil Nadu,2024-11-09,Organic Search
CUST09247,Aditi Patel,Female,29.0,Delhi,Delhi,2024-07-19,Paid Search
CUST09248,Yash Kumar,Male,46.0,Coimbatore,Tamil Nadu,2024-04-04,Social Media
CUST09249,Vikram Chatterjee,Male,40.0,Chennai,Tamil Nadu,2024-12-06,Organic Search
CUST09250,Saanvi Iyer,Female,33.0,Kolkata,West Bengal,2025-05-24,Organic Search
CUST09251,Vihaan Shah,Male,32.0,Pune,Maharashtra,2023-11-22,Direct
CUST09252,Varun Mukherjee,Male,34.0,Chandigarh,Chandigarh,2024-03-12,Email
CUST09253,Swati Chopra,Female,18.0,Kolkata,West Bengal,2025-02-13,Direct
CUST09254,Ankit Desai,Male,25.0,Coimbatore,Tamil Nadu,2025-04-14,Email
CUST09255,Sunita Bansal,Female,38.0,Delhi,Delhi,2025-05-21,Social Media
CUST09256,Naveen Yadav,Male,18.0,Surat,Gujarat,2023-10-15,Email
CUST09257,Siddharth Kumar,Male,26.0,Pune,Maharashtra,2024-09-21,Paid Search
CUST09258,Pooja Saxena,Female,29.0,Hyderabad,Telangana,2025-07-18,Organic Search
CUST09259,Suresh Kumar,Male,62.0,Bengaluru,Karnataka,2024-05-02,Organic Search
CUST09260,Rahul Agarwal,Male,40.0,Mumbai,Maharashtra,2024-06-09,Social Media
CUST09261,Pranav Joshi,Male,44.0,Bengaluru,Karnataka,2025-09-19,Organic Search
CUST09262,Naveen Mukherjee,Male,25.0,Kanpur,Uttar Pradesh,2023-06-15,Referral
CUST09263,Harsh Mishra,Male,37.0,Bengaluru,Karnataka,2025-02-13,Paid Search
CUST09264,Nikhil Bansal,Male,18.0,Indore,Madhya Pradesh,2025-06-10,Direct
CUST09265,Reyansh Verma,Male,30.0,Nashik,Maharashtra,2023-08-03,Paid Search
CUST09266,Gaurav Desai,Male,38.0,Nagpur,Maharashtra,2025-02-21,Paid Search
CUST09267,Pooja Banerjee,Female,19.0,Vadodara,Gujarat,2024-07-18,Organic Search
CUST09268,Manish Menon,Male,37.0,Pune,Maharashtra,2025-06-12,Organic Search
CUST09269,Payal Verma,Female,38.0,Gurugram,Haryana,2025-07-24,Paid Search
CUST09270,Krishna Pandey,Male,27.0,Bhopal,Madhya Pradesh,2025-06-27,Organic Search
CUST09271,Naveen Rao,Male,25.0,Hyderabad,Telangana,2023-04-08,Referral
CUST09272,Meera Saxena,Female,26.0,Indore,Madhya Pradesh,2025-03-28,Organic Search
CUST09273,Meera Yadav,Female,30.0,Kanpur,Uttar Pradesh,2025-08-03,Direct
CUST09274,Vihaan Yadav,Male,30.0,Bhopal,Madhya Pradesh,2024-12-03,Paid Search
CUST09275,Sanjay Joshi,Male,38.0,Hyderabad,Telangana,2024-11-15,Paid Search
CUST09276,Pooja Yadav,Female,28.0,Kolkata,West Bengal,2023-03-11,Direct
CUST09277,Rohan Mehta,Male,49.0,Rajkot,Gujarat,2025-06-14,Social Media
CUST09278,Siddharth Joshi,Male,49.0,Kochi,Kerala,2023-03-13,Organic Search
CUST09279,Diya Joshi,Female,35.0,Ahmedabad,Gujarat,2024-02-10,Organic Search
CUST09280,Neha Menon,Female,30.0,Kolkata,West Bengal,2025-08-07,Organic Search
CUST09281,Riya Joshi,Female,28.0,Hyderabad,Telangana,2025-08-24,Social Media
CUST09282,Aditya Agarwal,Male,36.0,Indore,Madhya Pradesh,2025-09-25,Social Media
CUST09283,Priya Patel,Female,38.0,Mumbai,Maharashtra,2024-07-24,Direct
CUST09284,Aarav Saxena,Male,31.0,Noida,Uttar Pradesh,2023-09-06,Organic Search
CUST09285,Simran Banerjee,Female,29.0,Pune,Maharashtra,2024-08-04,Organic Search
CUST09286,Karthik Malhotra,Male,37.0,Bengaluru,Karnataka,2023-05-31,Organic Search
CUST09287,Meera Mishra,Female,34.0,Mumbai,Maharashtra,2025-06-27,Direct
CUST09288,Payal Saxena,Female,27.0,Pune,Maharashtra,2024-10-10,Direct
CUST09289,Naveen Joshi,Male,34.0,Jaipur,Rajasthan,2024-05-15,Paid Search
CUST09290,Ananya Tiwari,Female,27.0,Nagpur,Maharashtra,2023-04-30,Paid Search
CUST09291,Priya Joshi,Female,25.0,Pune,Maharashtra,2024-05-16,Referral
CUST09292,Varun Mehta,Male,33.0,Kolkata,West Bengal,2025-06-22,Paid Search
CUST09293,Harsh Das,Male,27.0,Hyderabad,Telangana,2025-02-11,Direct
CUST09294,Pranav Singh,Male,26.0,Delhi,Delhi,2023-05-04,Referral
CUST09295,Neha Chopra,Female,43.0,Bengaluru,Karnataka,2023-08-15,Email
CUST09296,Juhi Mehta,Female,29.0,Ahmedabad,Gujarat,2024-05-03,Social Media
CUST09297,Ankit Menon,Male,51.0,Visakhapatnam,Andhra Pradesh,2023-05-30,Organic Search
CUST09298,Naveen Iyer,Male,39.0,Delhi,Delhi,2025-08-13,Organic Search
CUST09299,Radhika Mehta,Female,25.0,Lucknow,Uttar Pradesh,2024-12-30,Referral
CUST09300,Tarun Chopra,Male,45.0,Mumbai,Maharashtra,2023-05-21,Organic Search
CUST09301,Krishna Rao,Male,26.0,Mumbai,Maharashtra,2025-04-22,Organic Search
CUST09302,Aditya Tiwari,Male,53.0,Bengaluru,Karnataka,2024-04-08,Referral
CUST09303,Aadhya Sharma,Female,,Ahmedabad,Gujarat,2023-11-25,Organic Search
CUST09304,Anita Chatterjee,Female,38.0,Delhi,Delhi,2024-10-19,Social Media
CUST09305,Swati Chatterjee,Female,33.0,Rajkot,Gujarat,2023-01-22,Social Media
CUST09306,Krishna Joshi,Male,36.0,Hyderabad,Telangana,2024-07-14,Organic Search
CUST09307,Komal Singh,Female,31.0,Chennai,Tamil Nadu,2025-06-05,Organic Search
CUST09308,Rohan Chauhan,Male,24.0,Guwahati,Assam,2025-08-08,Organic Search
CUST09309,Aditi Shah,Female,36.0,Bengaluru,Karnataka,2024-03-12,Organic Search
CUST09310,Kunal Iyer,Male,43.0,Surat,Gujarat,2024-12-22,Organic Search
CUST09311,Simran Das,Female,21.0,Thane,Maharashtra,2023-11-04,Referral
CUST09312,Divya Sharma,Female,48.0,Bengaluru,Karnataka,2024-10-10,Direct
CUST09313,Sneha Desai,Female,39.0,Mumbai,Maharashtra,2023-12-06,Organic Search
CUST09314,Harsh Shah,Male,29.0,Patna,Bihar,2024-10-20,Social Media
CUST09315,Kavya Agarwal,Female,28.0,Bengaluru,Karnataka,2023-08-30,Paid Search
CUST09316,Priya Reddy,Female,52.0,Hyderabad,Telangana,2025-08-18,Paid Search
CUST09317,Siddharth Desai,Male,42.0,Chennai,Tamil Nadu,2025-07-08,Direct
CUST09318,Karthik Banerjee,Male,44.0,Mumbai,Maharashtra,2024-03-06,Organic Search
CUST09319,Radhika Pandey,Female,30.0,Ludhiana,Punjab,2025-04-13,Direct
CUST09320,Meera Nair,Female,39.0,Nashik,Maharashtra,2023-05-22,Organic Search
CUST09321,Anjali Mukherjee,Female,36.0,Nashik,Maharashtra,2025-03-14,Social Media
CUST09322,Rahul Das,Male,31.0,Delhi,Delhi,2024-01-07,Direct
CUST09323,Sunita Singh,Female,34.0,Kochi,Kerala,2023-07-15,Social Media
CUST09324,Nikhil Das,Male,44.0,Lucknow,Uttar Pradesh,2025-01-21,Email
CUST09325,Pranav Banerjee,Male,49.0,Jaipur,Rajasthan,2024-07-18,Organic Search
CUST09326,Divya Patel,Female,30.0,Indore,Madhya Pradesh,2024-09-13,Social Media
CUST09327,Saanvi Desai,Female,20.0,Bhopal,Madhya Pradesh,2024-09-04,Organic Search
CUST09328,Divya Mukherjee,Female,49.0,Chennai,Tamil Nadu,2023-04-01,Paid Search
CUST09329,Rohan Kumar,Male,50.0,Jaipur,Rajasthan,2023-03-20,Organic Search
CUST09330,Tarun Desai,Male,37.0,Jaipur,Rajasthan,2024-11-16,Social Media
CUST09331,Sunita Banerjee,Female,51.0,Mumbai,Maharashtra,2024-12-06,Paid Search
CUST09332,Vivaan Mishra,Male,36.0,Mumbai,Maharashtra,2023-03-14,Organic Search
CUST09333,Rekha Das,Female,24.0,Kolkata,West Bengal,2024-04-18,Social Media
CUST09334,Tanvi Mehta,Female,20.0,Pune,Maharashtra,2024-11-26,Organic Search
CUST09335,Riya Agarwal,Female,20.0,Indore,Madhya Pradesh,2025-01-03,Social Media
CUST09336,Juhi Menon,Female,33.0,Bhopal,Madhya Pradesh,2025-05-24,Referral
CUST09337,Arjun Chauhan,Male,28.0,Jaipur,Rajasthan,2024-05-31,Paid Search
CUST09338,Arjun Chatterjee,Male,27.0,Bengaluru,Karnataka,2024-09-29,Social Media
CUST09339,Divya Shah,Female,32.0,Surat,Gujarat,2024-10-27,Referral
CUST09340,Abhishek Banerjee,Male,42.0,Bengaluru,Karnataka,2024-02-08,Social Media
CUST09341,Rekha Singh,Female,28.0,Ghaziabad,Uttar Pradesh,2023-03-24,Direct
CUST09342,Kunal Iyer,Male,26.0,Chennai,Tamil Nadu,2023-01-07,Organic Search
CUST09343,Saanvi Das,Female,28.0,Coimbatore,Tamil Nadu,2025-05-30,Paid Search
CUST09344,Anita Desai,Female,42.0,Delhi,Delhi,2023-10-04,Social Media
CUST09345,Ritu Iyer,Female,32.0,Indore,Madhya Pradesh,2024-12-11,Paid Search
CUST09346,Karthik Kumar,Male,36.0,Chennai,Tamil Nadu,2024-10-25,Organic Search
CUST09347,Tanvi Rao,Female,49.0,Delhi,Delhi,2024-05-10,Organic Search
CUST09348,Radhika Mukherjee,Female,61.0,Pune,Maharashtra,2025-05-28,Social Media
CUST09349,Abhishek Das,Male,39.0,Bengaluru,Karnataka,2025-02-07,Email
CUST09350,Abhishek Chauhan,Male,38.0,Bengaluru,Karnataka,2023-02-05,Social Media
CUST09351,Vivaan Verma,Male,21.0,Chennai,Tamil Nadu,2025-04-13,Direct
CUST09352,Aadhya Das,Female,37.0,Ahmedabad,Gujarat,2024-08-22,Paid Search
CUST09353,Aadhya Patel,Female,34.0,Ahmedabad,Gujarat,2024-03-17,Referral
CUST09354,Riya Pandey,Female,42.0,Ahmedabad,Gujarat,2025-03-03,Organic Search
CUST09355,Karthik Malhotra,Male,29.0,Mumbai,Maharashtra,2025-01-28,Direct
CUST09356,Aman Reddy,Male,35.0,Ahmedabad,Gujarat,2024-02-07,Referral
CUST09357,Aadhya Joshi,Female,39.0,Ahmedabad,Gujarat,2025-09-18,Direct
CUST09358,Sunita Chauhan,Female,52.0,Jaipur,Rajasthan,2024-12-27,Direct
CUST09359,Yash Kumar,Male,49.0,Kolkata,West Bengal,2024-11-20,Referral
CUST09360,Vikram Rao,Male,46.0,Delhi,Delhi,2023-04-16,Organic Search
CUST09361,Deepak Banerjee,Male,40.0,Jaipur,Rajasthan,2024-01-03,Direct
CUST09362,Sneha Mehta,Female,29.0,Mumbai,Maharashtra,2024-06-26,Organic Search
CUST09363,Shreya Kumar,Female,40.0,Hyderabad,Telangana,2024-12-12,Referral
CUST09364,Shreya Patel,Female,25.0,Surat,Gujarat,2024-08-28,Social Media
CUST09365,Kavya Rao,Female,31.0,Surat,Gujarat,2025-04-02,Organic Search
CUST09366,Ritu Agarwal,Female,51.0,Delhi,Delhi,2023-12-16,Organic Search
CUST09367,Abhishek Saxena,Male,38.0,Hyderabad,Telangana,2025-02-10,Organic Search
CUST09368,Krishna Shah,Male,35.0,Chennai,Tamil Nadu,2025-05-14,Social Media
CUST09369,Abhishek Yadav,Male,37.0,Chennai,Tamil Nadu,2025-04-03,Social Media
CUST09370,Nisha Chatterjee,Female,32.0,Kanpur,Uttar Pradesh,2025-04-08,Paid Search
CUST09371,Priya Singh,Female,18.0,Thane,Maharashtra,2025-07-09,Paid Search
CUST09372,Aditi Joshi,Female,20.0,Mumbai,Maharashtra,2023-05-06,Organic Search
CUST09373,Diya Iyer,Female,39.0,Thane,Maharashtra,2025-02-06,Paid Search
CUST09374,Varun Rao,Male,24.0,Rajkot,Gujarat,2025-09-07,Social Media
CUST09375,Pranav Iyer,Male,32.0,Chandigarh,Chandigarh,2024-10-22,Social Media
CUST09376,Preeti Mukherjee,Female,21.0,Mumbai,Maharashtra,2023-10-24,Organic Search
CUST09377,Preeti Banerjee,Female,26.0,Rajkot,Gujarat,2025-09-30,Social Media
CUST09378,Suresh Iyer,Male,33.0,Delhi,Delhi,2023-09-02,Direct
CUST09379,Krishna Singh,Male,42.0,Hyderabad,Telangana,2024-03-05,Referral
CUST09380,Shreya Mukherjee,Female,44.0,Ahmedabad,Gujarat,2023-08-30,Organic Search
CUST09381,Nisha Pandey,Female,26.0,Hyderabad,Telangana,2024-07-13,Referral
CUST09382,Tanvi Iyer,Female,36.0,Bengaluru,Karnataka,2024-05-29,Organic Search
CUST09383,Vivaan Das,Male,19.0,Delhi,Delhi,2024-08-07,Organic Search
CUST09384,Naveen Kapoor,Male,34.0,Lucknow,Uttar Pradesh,2025-08-08,Organic Search
CUST09385,Vikram Menon,Male,43.0,Jaipur,Rajasthan,2024-07-26,Paid Search
CUST09386,Pranav Bansal,Male,32.0,Surat,Gujarat,2024-08-29,Referral
CUST09387,Komal Verma,Female,46.0,Kolkata,West Bengal,2025-07-08,Referral
CUST09388,Neha Singh,Female,41.0,Bengaluru,Karnataka,2025-05-15,Paid Search
CUST09389,Sunita Sharma,Female,35.0,Jaipur,Rajasthan,2023-11-19,Paid Search
CUST09390,Yash Tiwari,Male,31.0,Lucknow,Uttar Pradesh,2023-01-21,Organic Search
CUST09391,Kunal Gupta,Male,28.0,Mumbai,Maharashtra,2024-12-11,Direct
CUST09392,Kiran Yadav,Female,18.0,Kochi,Kerala,2025-06-06,Organic Search
CUST09393,Siddharth Gupta,Male,20.0,Jaipur,Rajasthan,2024-10-03,Organic Search
CUST09394,Varun Chatterjee,Male,43.0,Lucknow,Uttar Pradesh,2023-10-17,Direct
CUST09395,Yash Das,Male,48.0,Pune,Maharashtra,2025-03-15,Organic Search
CUST09396,Aman Bansal,Male,22.0,Nagpur,Maharashtra,2025-01-14,Organic Search
CUST09397,Varun Kumar,Male,34.0,Lucknow,Uttar Pradesh,2024-10-14,Direct
CUST09398,Ishaan Kapoor,Male,18.0,Patna,Bihar,2025-06-20,Organic Search
CUST09399,Aditi Pandey,Female,23.0,Delhi,Delhi,2025-04-19,Organic Search
CUST09400,Arjun Tiwari,Male,36.0,Delhi,Delhi,2025-01-13,Paid Search
CUST09401,Shreya Saxena,Female,28.0,Bengaluru,Karnataka,2025-01-10,Organic Search
CUST09402,Priya Mishra,Female,18.0,Noida,Uttar Pradesh,2025-01-08,Referral
CUST09403,Sunita Nair,Female,50.0,Ahmedabad,Gujarat,2024-09-08,Social Media
CUST09404,Aman Patel,Male,33.0,Hyderabad,Telangana,2024-07-12,Social Media
CUST09405,Tarun Menon,Male,22.0,Bengaluru,Karnataka,2025-02-17,Organic Search
CUST09406,Rajesh Shah,Male,34.0,Kolkata,West Bengal,2024-11-24,Organic Search
CUST09407,Karthik Mishra,Male,32.0,Chandigarh,Chandigarh,2024-08-06,Direct
CUST09408,Diya Chatterjee,Female,37.0,Kanpur,Uttar Pradesh,2023-07-03,Organic Search
CUST09409,Nikhil Rao,Male,30.0,Delhi,Delhi,2025-02-10,Organic Search
CUST09410,Nikhil Mishra,Male,36.0,Ludhiana,Punjab,2024-12-25,Organic Search
CUST09411,Sneha Reddy,Female,42.0,Gurugram,Haryana,2024-03-12,Email
CUST09412,Priya Banerjee,Female,20.0,Indore,Madhya Pradesh,2024-03-26,Referral
CUST09413,Juhi Chatterjee,Female,26.0,Jaipur,Rajasthan,2023-11-27,Organic Search
CUST09414,Suresh Chauhan,Male,41.0,Kanpur,Uttar Pradesh,2025-09-02,Organic Search
CUST09415,Saanvi Banerjee,Female,27.0,Thane,Maharashtra,2025-06-17,Referral
CUST09416,Tanvi Nair,Female,32.0,Agra,Uttar Pradesh,2024-10-11,Organic Search
CUST09417,Neha Singh,Female,28.0,Lucknow,Uttar Pradesh,2024-05-12,Paid Search
CUST09418,Aadhya Das,Female,,Pune,Maharashtra,2025-03-11,Paid Search
CUST09419,Harsh Kapoor,Male,28.0,Delhi,Delhi,2024-09-10,Paid Search
CUST09420,Sunita Mehta,Female,20.0,Ahmedabad,Gujarat,2025-09-13,Organic Search
CUST09421,Kiran Kapoor,Female,38.0,Mumbai,Maharashtra,2023-03-26,Referral
CUST09422,Riya Chatterjee,Female,44.0,Indore,Madhya Pradesh,2023-02-23,Organic Search
CUST09423,Nikhil Verma,Male,31.0,Guwahati,Assam,2024-10-18,Paid Search
CUST09424,Nisha Verma,Female,42.0,Mumbai,Maharashtra,2023-10-07,Social Media
CUST09425,Manish Verma,Male,28.0,Chennai,Tamil Nadu,2024-11-19,Referral
CUST09426,Priya Menon,Female,27.0,Nagpur,Maharashtra,2025-04-16,Social Media
CUST09427,Arjun Yadav,Male,37.0,Mumbai,Maharashtra,2023-07-18,Paid Search
CUST09428,Juhi Rao,Female,37.0,Chennai,Tamil Nadu,2024-06-20,Organic Search
CUST09429,Sunita Desai,Female,32.0,Patna,Bihar,2025-01-30,Paid Search
CUST09430,Gaurav Chauhan,Male,40.0,Bengaluru,Karnataka,2025-05-28,Social Media
CUST09431,Juhi Das,Female,20.0,Lucknow,Uttar Pradesh,2024-08-12,Paid Search
CUST09432,Swati Mishra,Female,30.0,Jaipur,Rajasthan,2023-10-11,Social Media
CUST09433,Naveen Rao,Male,43.0,Nagpur,Maharashtra,2024-11-02,Email
CUST09434,Abhishek Mukherjee,Male,43.0,Bengaluru,Karnataka,2024-07-03,Organic Search
CUST09435,Abhishek Das,Male,41.0,Delhi,Delhi,2025-04-09,Referral
CUST09436,Tanvi Patel,Female,43.0,Mumbai,Maharashtra,2024-10-06,Social Media
CUST09437,Harsh Banerjee,Male,29.0,Kolkata,West Bengal,2024-01-04,Organic Search
CUST09438,Arjun Kapoor,Male,18.0,Delhi,Delhi,2025-03-26,Social Media
CUST09439,Vikram Gupta,Male,30.0,Lucknow,Uttar Pradesh,2024-09-01,Social Media
CUST09440,Arjun Kapoor,Male,39.0,Pune,Maharashtra,2023-09-06,Email
CUST09441,Abhishek Mukherjee,Male,41.0,Ghaziabad,Uttar Pradesh,2024-10-13,Paid Search
CUST09442,Anjali Iyer,Female,28.0,Vadodara,Gujarat,2025-08-23,Social Media
CUST09443,Ankit Iyer,Male,23.0,Ahmedabad,Gujarat,2025-02-13,Paid Search
CUST09444,Sunita Chauhan,Female,24.0,Hyderabad,Telangana,2024-01-25,Paid Search
CUST09445,Ritu Tiwari,Female,28.0,Mumbai,Maharashtra,2025-02-18,Organic Search
CUST09446,Simran Nair,Female,18.0,Bhopal,Madhya Pradesh,2024-01-07,Direct
CUST09447,Aditya Chatterjee,Male,28.0,Kolkata,West Bengal,2024-09-24,Organic Search
CUST09448,Sneha Banerjee,Female,33.0,Hyderabad,Telangana,2024-09-09,Social Media
CUST09449,Radhika Kapoor,Female,32.0,Nagpur,Maharashtra,2023-11-28,Paid Search
CUST09450,Arjun Mehta,Male,30.0,Bengaluru,Karnataka,2024-03-18,Referral
CUST09451,Reyansh Nair,Male,26.0,Kolkata,West Bengal,2025-08-19,Paid Search
CUST09452,Abhishek Kumar,Male,27.0,Chennai,Tamil Nadu,2023-12-02,Organic Search
CUST09453,Simran Sharma,Female,27.0,Bengaluru,Karnataka,2025-05-02,Organic Search
CUST09454,Vihaan Patel,Male,40.0,Patna,Bihar,2025-01-12,Paid Search
CUST09455,Divya Verma,Female,33.0,Indore,Madhya Pradesh,2024-09-15,Paid Search
CUST09456,Diya Mehta,Female,65.0,Kolkata,West Bengal,2023-07-17,Social Media
CUST09457,Ritu Nair,Female,30.0,Nagpur,Maharashtra,2023-10-09,Referral
CUST09458,Ishita Verma,Female,37.0,Mumbai,Maharashtra,2023-09-08,Paid Search
CUST09459,Ishita Tiwari,Female,30.0,Chennai,Tamil Nadu,2024-11-03,Email
CUST09460,Siddharth Kumar,Male,30.0,Jaipur,Rajasthan,2025-09-11,Organic Search
CUST09461,Arjun Chauhan,Male,49.0,Ahmedabad,Gujarat,2025-07-01,Referral
CUST09462,Preeti Chopra,Female,43.0,Indore,Madhya Pradesh,2023-02-09,Organic Search
CUST09463,Sanjay Bansal,Male,18.0,Pune,Maharashtra,2023-12-28,Referral
CUST09464,Shreya Shah,Female,23.0,Ahmedabad,Gujarat,2023-08-12,Organic Search
CUST09465,Siddharth Tiwari,Male,32.0,Chennai,Tamil Nadu,2025-09-13,Social Media
CUST09466,Rahul Shah,Male,28.0,Indore,Madhya Pradesh,2023-11-15,Social Media
CUST09467,Rekha Sharma,Female,18.0,Mumbai,Maharashtra,2023-10-05,
CUST09468,Kiran Kumar,Female,34.0,Ludhiana,Punjab,2024-12-03,Direct
CUST09469,Ananya Nair,Female,18.0,Mumbai,Maharashtra,2024-10-06,Social Media
CUST09470,Ankit Gupta,Male,34.0,Delhi,Delhi,2023-11-03,Organic Search
CUST09471,Aditya Yadav,Male,40.0,Vadodara,Gujarat,2025-01-15,Paid Search
CUST09472,Aditi Das,Female,42.0,Ahmedabad,Gujarat,2023-05-24,Organic Search
CUST09473,Meera Mishra,Female,32.0,Chennai,Tamil Nadu,2023-01-31,Organic Search
CUST09474,Ishaan Joshi,Male,48.0,Ahmedabad,Gujarat,2023-05-04,Organic Search
CUST09475,Diya Verma,Female,36.0,Mumbai,Maharashtra,2024-04-04,Social Media
CUST09476,Aman Das,Male,41.0,Jaipur,Rajasthan,2025-09-12,Direct
CUST09477,Ananya Gupta,Female,26.0,Nagpur,Maharashtra,2024-09-28,Organic Search
CUST09478,Arjun Tiwari,Male,48.0,Delhi,Delhi,2025-03-26,Referral
CUST09479,Priya Kapoor,Female,33.0,Bhopal,Madhya Pradesh,2024-02-19,Referral
CUST09480,Pranav Nair,Male,49.0,Mumbai,Maharashtra,2025-02-25,Social Media
CUST09481,Aadhya Desai,Female,47.0,Visakhapatnam,Andhra Pradesh,2025-09-06,Social Media
CUST09482,Pooja Agarwal,Female,36.0,Nagpur,Maharashtra,2024-03-28,Email
CUST09483,Tarun Tiwari,Male,37.0,Chandigarh,Chandigarh,2025-09-30,Paid Search
CUST09484,Rahul Desai,Male,31.0,Vadodara,Gujarat,2024-12-18,Direct
CUST09485,Meera Malhotra,Female,25.0,Ludhiana,Punjab,2025-03-21,Paid Search
CUST09486,Neha Menon,Female,39.0,Noida,Uttar Pradesh,2023-12-04,Organic Search
CUST09487,Saanvi Shah,Female,38.0,Ludhiana,Punjab,2024-12-22,Social Media
CUST09488,Riya Nair,Female,18.0,Patna,Bihar,2024-08-26,
CUST09489,Arjun Kapoor,Male,32.0,Delhi,Delhi,2025-08-29,Organic Search
CUST09490,Tanvi Pandey,Female,42.0,Bhopal,Madhya Pradesh,2025-07-22,Organic Search
CUST09491,Varun Kapoor,Male,48.0,Surat,Gujarat,2024-05-07,Paid Search
CUST09492,Pooja Tiwari,Female,40.0,Noida,Uttar Pradesh,2025-08-22,Organic Search
CUST09493,Anita Malhotra,Female,18.0,Indore,Madhya Pradesh,2025-07-06,Organic Search
CUST09494,Ishita Desai,Female,22.0,Bengaluru,Karnataka,2024-11-06,Organic Search
CUST09495,Reyansh Sharma,Male,30.0,Delhi,Delhi,2023-05-03,Social Media
CUST09496,Pranav Desai,Male,47.0,Bengaluru,Karnataka,2023-08-16,Organic Search
CUST09497,Ananya Gupta,Female,27.0,Kolkata,West Bengal,2023-04-26,Email
CUST09498,Harsh Mukherjee,Male,44.0,Lucknow,Uttar Pradesh,2023-06-08,Referral
CUST09499,Aadhya Joshi,Female,27.0,Bengaluru,Karnataka,2025-09-14,Social Media
CUST09500,Aditi Kapoor,Female,38.0,Bengaluru,Karnataka,2023-10-18,Organic Search
CUST09501,Yash Pandey,Male,24.0,Hyderabad,Telangana,2025-02-01,Social Media
CUST09502,Abhishek Banerjee,Male,31.0,Vadodara,Gujarat,2024-12-17,Organic Search
CUST09503,Tanvi Banerjee,Female,22.0,Ahmedabad,Gujarat,2024-12-12,Direct
CUST09504,Sneha Das,Female,47.0,Mumbai,Maharashtra,2023-10-11,
CUST09505,Yash Nair,Male,26.0,Pune,Maharashtra,2024-10-27,Organic Search
CUST09506,Gaurav Reddy,Male,18.0,Mumbai,Maharashtra,2024-12-07,Organic Search
CUST09507,Aman Singh,Male,18.0,Kanpur,Uttar Pradesh,2024-10-19,Direct
CUST09508,Komal Chauhan,Female,32.0,Ludhiana,Punjab,2023-09-17,Organic Search
CUST09509,Tanvi Verma,Female,28.0,Delhi,Delhi,2025-02-28,Organic Search
CUST09510,Diya Saxena,Female,39.0,Ludhiana,Punjab,2023-04-21,Organic Search
CUST09511,Preeti Reddy,Female,31.0,Kanpur,Uttar Pradesh,2024-11-07,Direct
CUST09512,Shreya Chopra,Female,45.0,Mumbai,Maharashtra,2024-06-15,Paid Search
CUST09513,Anjali Chopra,Female,29.0,Bengaluru,Karnataka,2023-12-02,Direct
CUST09514,Harsh Iyer,Male,43.0,Bengaluru,Karnataka,2025-05-07,Direct
CUST09515,Diya Menon,Female,23.0,Delhi,Delhi,2023-09-04,Social Media
CUST09516,Radhika Joshi,Female,18.0,Hyderabad,Telangana,2025-08-12,Organic Search
CUST09517,Saanvi Gupta,Female,25.0,Chandigarh,Chandigarh,2025-07-06,Direct
CUST09518,Tanvi Sharma,Female,22.0,Bengaluru,Karnataka,2024-03-31,Paid Search
CUST09519,Aarav Chopra,Male,21.0,Gurugram,Haryana,2024-02-01,Paid Search
CUST09520,Saanvi Mukherjee,Female,37.0,Pune,Maharashtra,2023-07-17,Social Media
CUST09521,Saanvi Saxena,Female,30.0,Kolkata,West Bengal,2025-07-30,Social Media
CUST09522,Kavya Reddy,Female,34.0,Kanpur,Uttar Pradesh,2024-12-09,Direct
CUST09523,Rohan Iyer,Male,38.0,Vadodara,Gujarat,2023-02-19,Direct
CUST09524,Pooja Kapoor,Female,18.0,Noida,Uttar Pradesh,2024-08-26,Paid Search
CUST09525,Divya Malhotra,Female,39.0,Mumbai,Maharashtra,2023-05-09,Organic Search
CUST09526,Sunita Iyer,Female,21.0,Ahmedabad,Gujarat,2024-10-22,Direct
CUST09527,Kunal Singh,Male,27.0,Delhi,Delhi,2024-08-24,Organic Search
CUST09528,Komal Gupta,Female,18.0,Delhi,Delhi,2023-05-04,Social Media
CUST09529,Kiran Sharma,Female,40.0,Delhi,Delhi,2025-05-14,Organic Search
CUST09530,Anita Iyer,Female,18.0,Indore,Madhya Pradesh,2023-12-15,Paid Search
CUST09531,Saanvi Reddy,Female,21.0,Mumbai,Maharashtra,2024-09-23,Paid Search
CUST09532,Gaurav Sharma,Male,22.0,Ludhiana,Punjab,2024-12-19,Social Media
CUST09533,Meera Kapoor,Female,32.0,Bhopal,Madhya Pradesh,2025-09-03,Direct
CUST09534,Krishna Nair,Male,31.0,Chennai,Tamil Nadu,2024-08-10,Direct
CUST09535,Manish Das,Male,41.0,Chennai,Tamil Nadu,2025-07-31,Paid Search
CUST09536,Deepak Chauhan,Male,32.0,Kanpur,Uttar Pradesh,2024-03-25,Organic Search
CUST09537,Ankit Nair,Male,43.0,Mumbai,Maharashtra,2025-06-15,Paid Search
CUST09538,Yash Shah,Male,37.0,Ahmedabad,Gujarat,2023-11-15,Paid Search
CUST09539,Harsh Reddy,Male,24.0,Delhi,Delhi,2025-02-15,Paid Search
CUST09540,Rahul Verma,Male,26.0,Delhi,Delhi,2023-05-13,Direct
CUST09541,Juhi Shah,Female,48.0,Pune,Maharashtra,2025-09-20,Paid Search
CUST09542,Vivaan Mishra,Male,45.0,Bengaluru,Karnataka,2025-08-28,
CUST09543,Abhishek Singh,Male,41.0,Ahmedabad,Gujarat,2024-06-21,Social Media
CUST09544,Yash Rao,Male,43.0,Indore,Madhya Pradesh,2024-09-07,Organic Search
CUST09545,Harsh Singh,Male,38.0,Surat,Gujarat,2024-11-13,Organic Search
CUST09546,Aarav Verma,Male,36.0,Hyderabad,Telangana,2023-12-30,Email
CUST09547,Ritu Iyer,Female,33.0,Mumbai,Maharashtra,2025-01-18,Organic Search
CUST09548,Kavya Yadav,Female,50.0,Mumbai,Maharashtra,2025-02-07,Social Media
CUST09549,Rahul Verma,Male,28.0,Kolkata,West Bengal,2024-09-08,Referral
CUST09550,Preeti Malhotra,Female,35.0,Chennai,Tamil Nadu,2023-07-30,Organic Search
CUST09551,Suresh Verma,Male,18.0,Patna,Bihar,2025-08-02,Paid Search
CUST09552,Kavya Chopra,Female,19.0,Mumbai,Maharashtra,2023-06-18,Social Media
CUST09553,Ritu Tiwari,Female,51.0,Ludhiana,Punjab,2024-12-10,Social Media
CUST09554,Kunal Reddy,Male,39.0,Bengaluru,Karnataka,2023-06-01,Direct
CUST09555,Sanjay Chatterjee,Male,31.0,Hyderabad,Telangana,2023-07-28,Direct
CUST09556,Divya Das,Female,34.0,Agra,Uttar Pradesh,2023-02-02,Organic Search
CUST09557,Naveen Shah,Male,19.0,Ludhiana,Punjab,2024-04-03,Social Media
CUST09558,Vikram Verma,Male,29.0,Kolkata,West Bengal,2024-12-19,Organic Search
CUST09559,Kiran Gupta,Female,18.0,Mumbai,Maharashtra,2024-09-05,Organic Search
CUST09560,Komal Iyer,Female,,Jaipur,Rajasthan,2025-01-18,Paid Search
CUST09561,Krishna Shah,Male,40.0,Bhopal,Madhya Pradesh,2025-01-19,Organic Search
CUST09562,Priya Mukherjee,Female,38.0,Bengaluru,Karnataka,2023-07-21,Social Media
CUST09563,Aman Verma,Male,49.0,Delhi,Delhi,2023-03-29,Social Media
CUST09564,Reyansh Malhotra,Male,36.0,Kolkata,West Bengal,2024-12-07,Paid Search
CUST09565,Pooja Kumar,Female,18.0,Bhopal,Madhya Pradesh,2024-12-31,Referral
CUST09566,Rekha Verma,Female,53.0,Kolkata,West Bengal,2024-10-07,Referral
CUST09567,Rekha Mehta,Female,25.0,Bengaluru,Karnataka,2023-11-26,Social Media
CUST09568,Kiran Malhotra,Female,35.0,Nashik,Maharashtra,2025-05-10,Paid Search
CUST09569,Meera Singh,Female,34.0,Nashik,Maharashtra,2023-04-24,Organic Search
CUST09570,Simran Bansal,Female,35.0,Lucknow,Uttar Pradesh,2024-12-13,Organic Search
CUST09571,Neha Desai,Female,33.0,Mumbai,Maharashtra,2023-06-25,Organic Search
CUST09572,Aarav Rao,Male,34.0,Bengaluru,Karnataka,2025-01-01,Direct
CUST09573,Komal Gupta,Female,20.0,Surat,Gujarat,2024-05-28,Paid Search
CUST09574,Aman Mishra,Male,59.0,Visakhapatnam,Andhra Pradesh,2025-02-24,Paid Search
CUST09575,Shreya Shah,Female,40.0,Kolkata,West Bengal,2023-03-22,Paid Search
CUST09576,Ankit Desai,Male,34.0,Hyderabad,Telangana,2024-10-05,Social Media
CUST09577,Gaurav Malhotra,Male,51.0,Rajkot,Gujarat,2023-07-27,Direct
CUST09578,Ritu Mukherjee,Female,22.0,Ahmedabad,Gujarat,2025-01-25,
CUST09579,Kavya Joshi,Female,42.0,Chandigarh,Chandigarh,2023-06-24,Referral
CUST09580,Kunal Reddy,Male,27.0,Pune,Maharashtra,2023-04-21,Paid Search
CUST09581,Vivaan Joshi,Male,37.0,Surat,Gujarat,2025-02-20,Organic Search
CUST09582,Sneha Yadav,Female,37.0,Delhi,Delhi,2023-04-07,Social Media
CUST09583,Rekha Bansal,Female,18.0,Bengaluru,Karnataka,2023-11-02,Social Media
CUST09584,Gaurav Shah,Male,19.0,Kochi,Kerala,2025-05-21,Organic Search
CUST09585,Rajesh Bansal,Male,49.0,Indore,Madhya Pradesh,2025-05-09,Organic Search
CUST09586,Ishaan Malhotra,Male,30.0,Kolkata,West Bengal,2025-06-13,Social Media
CUST09587,Tarun Chatterjee,Male,53.0,Kolkata,West Bengal,2024-02-24,Social Media
CUST09588,Ishaan Banerjee,Male,46.0,Mumbai,Maharashtra,2024-09-11,Social Media
CUST09589,Meera Mukherjee,Female,31.0,Patna,Bihar,2025-04-10,Paid Search
CUST09590,Swati Bansal,Female,30.0,Mumbai,Maharashtra,2023-07-16,Social Media
CUST09591,Varun Desai,Male,49.0,Ahmedabad,Gujarat,2025-03-01,Direct
CUST09592,Suresh Chauhan,Male,54.0,Chennai,Tamil Nadu,2023-05-25,Direct
CUST09593,Krishna Yadav,Male,30.0,Jaipur,Rajasthan,2025-07-28,Organic Search
CUST09594,Reyansh Mishra,Male,48.0,Chennai,Tamil Nadu,2024-12-17,Organic Search
CUST09595,Vikram Pandey,Male,43.0,Noida,Uttar Pradesh,2024-08-09,Social Media
CUST09596,Abhishek Sharma,Male,45.0,Patna,Bihar,2024-08-01,Organic Search
CUST09597,Sunita Nair,Female,34.0,Noida,Uttar Pradesh,2023-09-11,Referral
CUST09598,Reyansh Iyer,Male,26.0,Kolkata,West Bengal,2024-03-16,Organic Search
CUST09599,Rekha Malhotra,Female,22.0,Hyderabad,Telangana,2025-03-03,Organic Search
CUST09600,Ishita Joshi,Female,20.0,Kochi,Kerala,2024-09-23,Referral
CUST09601,Deepak Saxena,Male,52.0,Mumbai,Maharashtra,2024-09-12,Organic Search
CUST09602,Krishna Desai,Male,33.0,Gurugram,Haryana,2023-09-28,Organic Search
CUST09603,Ritu Joshi,Female,22.0,Mumbai,Maharashtra,2025-02-01,Referral
CUST09604,Krishna Chauhan,Male,43.0,Vadodara,Gujarat,2024-05-02,Organic Search
CUST09605,Vihaan Bansal,Male,28.0,Visakhapatnam,Andhra Pradesh,2023-09-12,Paid Search
CUST09606,Radhika Kumar,Female,26.0,Lucknow,Uttar Pradesh,2025-08-20,Paid Search
CUST09607,Rekha Banerjee,Female,54.0,Visakhapatnam,Andhra Pradesh,2024-08-22,Organic Search
CUST09608,Simran Saxena,Female,20.0,Mumbai,Maharashtra,2024-09-11,Organic Search
CUST09609,Krishna Chopra,Male,35.0,Ahmedabad,Gujarat,2025-09-17,Organic Search
CUST09610,Pranav Sharma,Male,27.0,Hyderabad,Telangana,2024-04-06,Paid Search
CUST09611,Kunal Verma,Male,25.0,Kochi,Kerala,2025-08-19,Direct
CUST09612,Reyansh Chopra,Male,18.0,Kolkata,West Bengal,2025-02-04,Social Media
CUST09613,Juhi Bansal,Female,34.0,Mumbai,Maharashtra,2024-12-14,Social Media
CUST09614,Reyansh Yadav,Male,24.0,Bengaluru,Karnataka,2023-11-13,Social Media
CUST09615,Rohan Reddy,Male,39.0,Ludhiana,Punjab,2023-03-21,Email
CUST09616,Harsh Yadav,Male,33.0,Coimbatore,Tamil Nadu,2024-06-17,Paid Search
CUST09617,Harsh Saxena,Male,30.0,Gurugram,Haryana,2023-01-17,Direct
CUST09618,Ishaan Joshi,Male,24.0,Delhi,Delhi,2023-04-18,Social Media
CUST09619,Anita Joshi,Female,47.0,Nagpur,Maharashtra,2024-11-11,Social Media
CUST09620,Tarun Mehta,Male,40.0,Ahmedabad,Gujarat,2025-03-01,Organic Search
CUST09621,Kavya Shah,Female,26.0,Thane,Maharashtra,2023-08-25,Email
CUST09622,Aditya Sharma,Male,19.0,Ghaziabad,Uttar Pradesh,2025-03-08,Paid Search
CUST09623,Karthik Shah,Male,18.0,Bengaluru,Karnataka,2025-08-24,Email
CUST09624,Radhika Kumar,Female,44.0,Kolkata,West Bengal,2025-03-16,Referral
CUST09625,Pooja Kapoor,Female,42.0,Hyderabad,Telangana,2025-04-19,Organic Search
CUST09626,Rajesh Verma,Male,43.0,Chennai,Tamil Nadu,2025-02-09,Paid Search
CUST09627,Sanjay Saxena,Male,32.0,Bengaluru,Karnataka,2023-11-02,Direct
CUST09628,Riya Mishra,Female,41.0,Hyderabad,Telangana,2024-03-31,Organic Search
CUST09629,Komal Rao,Female,43.0,Bengaluru,Karnataka,2025-08-24,Email
CUST09630,Rahul Mishra,Male,32.0,Hyderabad,Telangana,2025-01-07,Organic Search
CUST09631,Nikhil Banerjee,Male,29.0,Jaipur,Rajasthan,2025-04-22,Paid Search
CUST09632,Gaurav Chauhan,Male,23.0,Jaipur,Rajasthan,2025-09-08,Direct
CUST09633,Aadhya Malhotra,Female,37.0,Chandigarh,Chandigarh,2023-11-10,Social Media
CUST09634,Diya Gupta,Female,39.0,Ahmedabad,Gujarat,2024-02-19,Paid Search
CUST09635,Arjun Chopra,Male,29.0,Lucknow,Uttar Pradesh,2024-12-24,Social Media
CUST09636,Yash Kapoor,Male,30.0,Noida,Uttar Pradesh,2023-02-08,Organic Search
CUST09637,Siddharth Yadav,Male,31.0,Chennai,Tamil Nadu,2024-10-20,Organic Search
CUST09638,Neha Agarwal,Female,41.0,Visakhapatnam,Andhra Pradesh,2025-05-08,Social Media
CUST09639,Nisha Chopra,Female,19.0,Noida,Uttar Pradesh,2024-11-24,Referral
CUST09640,Neha Kapoor,Female,22.0,Patna,Bihar,2024-01-21,Social Media
CUST09641,Kavya Chauhan,Female,22.0,Mumbai,Maharashtra,2025-03-01,Paid Search
CUST09642,Aditya Bansal,Male,32.0,Delhi,Delhi,2023-07-28,Organic Search
CUST09643,Anita Agarwal,Female,36.0,Bengaluru,Karnataka,2025-07-14,Organic Search
CUST09644,Aditya Singh,Male,22.0,Kanpur,Uttar Pradesh,2023-05-29,Organic Search
CUST09645,Karthik Saxena,Male,42.0,Kanpur,Uttar Pradesh,2025-06-20,Direct
CUST09646,Manish Pandey,Male,48.0,Delhi,Delhi,2024-08-14,Paid Search
CUST09647,Pooja Das,Female,37.0,Chennai,Tamil Nadu,2024-06-08,Referral
CUST09648,Siddharth Mishra,Male,44.0,Chennai,Tamil Nadu,2024-08-16,Organic Search
CUST09649,Siddharth Das,Male,24.0,Nagpur,Maharashtra,2023-10-04,Paid Search
CUST09650,Neha Das,Female,24.0,Bengaluru,Karnataka,2024-07-06,Organic Search
CUST09651,Anita Chauhan,Female,38.0,Bengaluru,Karnataka,2025-06-09,Direct
CUST09652,Vikram Iyer,Male,33.0,Jaipur,Rajasthan,2025-05-02,Organic Search
CUST09653,Deepak Chopra,Male,24.0,Mumbai,Maharashtra,2023-08-19,Organic Search
CUST09654,Neha Yadav,Female,47.0,Lucknow,Uttar Pradesh,2025-01-17,Organic Search
CUST09655,Aman Pandey,Male,36.0,Chennai,Tamil Nadu,2025-06-15,Organic Search
CUST09656,Rahul Desai,Male,40.0,Pune,Maharashtra,2025-05-17,Organic Search
CUST09657,Karthik Reddy,Male,26.0,Vadodara,Gujarat,2024-06-05,Direct
CUST09658,Vihaan Bansal,Male,50.0,Delhi,Delhi,2023-03-16,Direct
CUST09659,Shreya Gupta,Female,31.0,Bengaluru,Karnataka,2025-08-11,Social Media
CUST09660,Priya Kapoor,Female,43.0,Coimbatore,Tamil Nadu,2024-05-06,Referral
CUST09661,Ankit Chopra,Male,27.0,Thane,Maharashtra,2024-03-31,Paid Search
CUST09662,Radhika Pandey,Female,35.0,Bengaluru,Karnataka,2025-03-30,Direct
CUST09663,Anjali Iyer,Female,39.0,Indore,Madhya Pradesh,2023-12-17,Organic Search
CUST09664,Priya Agarwal,Female,53.0,Chennai,Tamil Nadu,2025-05-29,Paid Search
CUST09665,Ankit Das,Male,29.0,Surat,Gujarat,2023-04-25,Organic Search
CUST09666,Ankit Desai,Male,35.0,Patna,Bihar,2025-03-14,Direct
CUST09667,Preeti Malhotra,Female,39.0,Mumbai,Maharashtra,2025-09-05,Organic Search
CUST09668,Anita Kumar,Female,19.0,Surat,Gujarat,2025-09-27,Organic Search
CUST09669,Sanjay Agarwal,Male,18.0,Hyderabad,Telangana,2025-08-05,Organic Search
CUST09670,Tarun Gupta,Male,23.0,Kolkata,West Bengal,2025-06-26,Paid Search
CUST09671,Ishaan Saxena,Male,43.0,Ahmedabad,Gujarat,2024-01-03,Paid Search
CUST09672,Tarun Kumar,Male,50.0,Gurugram,Haryana,2025-09-06,Social Media
CUST09673,Rohan Saxena,Male,24.0,Jaipur,Rajasthan,2025-08-08,Referral
CUST09674,Aditya Mehta,Male,21.0,Ludhiana,Punjab,2024-09-17,Social Media
CUST09675,Pranav Menon,Male,48.0,Bengaluru,Karnataka,2024-05-12,Paid Search
CUST09676,Preeti Joshi,Female,27.0,Ahmedabad,Gujarat,2023-06-10,Paid Search
CUST09677,Neha Banerjee,Female,29.0,Patna,Bihar,2024-11-06,Direct
CUST09678,Deepak Chopra,Male,48.0,Bengaluru,Karnataka,2025-02-09,Paid Search
CUST09679,Gaurav Malhotra,Male,46.0,Guwahati,Assam,2024-05-14,Organic Search
CUST09680,Arjun Iyer,Male,42.0,Lucknow,Uttar Pradesh,2024-05-16,Social Media
CUST09681,Varun Bansal,Male,18.0,Coimbatore,Tamil Nadu,2024-10-22,Social Media
CUST09682,Preeti Banerjee,Female,20.0,Delhi,Delhi,2023-02-13,Direct
CUST09683,Nikhil Desai,Male,44.0,Chennai,Tamil Nadu,2025-08-30,Paid Search
CUST09684,Ishita Chopra,Female,36.0,Hyderabad,Telangana,2024-01-15,Paid Search
CUST09685,Krishna Desai,Male,25.0,Noida,Uttar Pradesh,2023-07-22,Social Media
CUST09686,Komal Gupta,Female,30.0,Delhi,Delhi,2023-01-09,Social Media
CUST09687,Sneha Agarwal,Female,44.0,Bhopal,Madhya Pradesh,2025-06-15,Organic Search
CUST09688,Saanvi Banerjee,Female,48.0,Surat,Gujarat,2025-06-20,Direct
CUST09689,Payal Singh,Female,33.0,Ludhiana,Punjab,2023-05-22,Organic Search
CUST09690,Tarun Patel,Male,26.0,Kochi,Kerala,2023-08-05,Organic Search
CUST09691,Ankit Shah,Male,30.0,Vadodara,Gujarat,2024-06-27,Social Media
CUST09692,Siddharth Pandey,Male,46.0,Bengaluru,Karnataka,2023-09-16,Organic Search
CUST09693,Tanvi Desai,Female,46.0,Ghaziabad,Uttar Pradesh,2025-03-10,Organic Search
CUST09694,Riya Verma,Female,35.0,Pune,Maharashtra,2023-03-30,Direct
CUST09695,Suresh Yadav,Male,28.0,Lucknow,Uttar Pradesh,2024-10-01,Social Media
CUST09696,Anjali Malhotra,Female,44.0,Bengaluru,Karnataka,2024-04-23,Direct
CUST09697,Krishna Mukherjee,Male,49.0,Vadodara,Gujarat,2024-07-13,Organic Search
CUST09698,Vihaan Yadav,Male,18.0,Chennai,Tamil Nadu,2024-06-04,Organic Search
CUST09699,Komal Bansal,Female,31.0,Vadodara,Gujarat,2023-08-06,Organic Search
CUST09700,Aarav Mukherjee,Male,45.0,Chennai,Tamil Nadu,2023-10-28,Organic Search
CUST09701,Gaurav Agarwal,Male,34.0,Surat,Gujarat,2023-04-09,Paid Search
CUST09702,Payal Sharma,Female,28.0,Mumbai,Maharashtra,2023-06-18,Direct
CUST09703,Aditi Mukherjee,Female,,Mumbai,Maharashtra,2025-09-14,Paid Search
CUST09704,Ishita Iyer,Female,37.0,Noida,Uttar Pradesh,2024-01-04,Social Media
CUST09705,Ankit Shah,Male,22.0,Indore,Madhya Pradesh,2024-02-03,Social Media
CUST09706,Sanjay Chatterjee,Male,34.0,Delhi,Delhi,2023-07-04,Organic Search
CUST09707,Sneha Iyer,Female,37.0,Jaipur,Rajasthan,2025-03-26,Organic Search
CUST09708,Sunita Patel,Female,28.0,Visakhapatnam,Andhra Pradesh,2025-08-05,Social Media
CUST09709,Rajesh Saxena,Male,25.0,Jaipur,Rajasthan,2025-04-23,Organic Search
CUST09710,Payal Verma,Female,28.0,Chennai,Tamil Nadu,2024-11-26,Paid Search
CUST09711,Divya Chauhan,Female,23.0,Ludhiana,Punjab,2025-05-12,Social Media
CUST09712,Swati Agarwal,Female,42.0,Mumbai,Maharashtra,2024-05-15,Organic Search
CUST09713,Nisha Gupta,Female,23.0,Surat,Gujarat,2025-06-17,Organic Search
CUST09714,Ankit Nair,Male,35.0,Kolkata,West Bengal,2025-04-30,Social Media
CUST09715,Ananya Desai,Female,29.0,Lucknow,Uttar Pradesh,2023-01-03,Paid Search
CUST09716,Deepak Kumar,Male,26.0,Bengaluru,Karnataka,2024-08-04,Paid Search
CUST09717,Varun Agarwal,Male,47.0,Delhi,Delhi,2023-12-18,Organic Search
CUST09718,Rahul Nair,Male,32.0,Kochi,Kerala,2023-05-09,Email
CUST09719,Naveen Kumar,Male,26.0,Nashik,Maharashtra,2025-06-07,Social Media
CUST09720,Rajesh Malhotra,Male,25.0,Chandigarh,Chandigarh,2023-01-13,Direct
CUST09721,Priya Mehta,Female,,Visakhapatnam,Andhra Pradesh,2025-03-06,Email
CUST09722,Sanjay Nair,Male,41.0,Mumbai,Maharashtra,2025-09-22,Social Media
CUST09723,Aditya Chatterjee,Male,46.0,Surat,Gujarat,2024-07-30,Social Media
CUST09724,Payal Menon,Female,31.0,Ahmedabad,Gujarat,2024-04-11,Organic Search
CUST09725,Varun Bansal,Male,31.0,Hyderabad,Telangana,2024-11-20,Paid Search
CUST09726,Nikhil Kapoor,Male,34.0,Bengaluru,Karnataka,2025-05-05,Social Media
CUST09727,Diya Chauhan,Female,35.0,Delhi,Delhi,2023-11-20,Paid Search
CUST09728,Aadhya Bansal,Female,25.0,Delhi,Delhi,2023-12-02,Direct
CUST09729,Ritu Tiwari,Female,48.0,Delhi,Delhi,2024-11-21,Social Media
CUST09730,Aman Nair,Male,33.0,Indore,Madhya Pradesh,2025-08-17,
CUST09731,Priya Joshi,Female,38.0,Gurugram,Haryana,2024-01-25,Organic Search
CUST09732,Riya Chauhan,Female,37.0,Ahmedabad,Gujarat,2024-04-17,Organic Search
CUST09733,Nisha Yadav,Female,37.0,Delhi,Delhi,2025-09-26,Direct
CUST09734,Gaurav Yadav,Male,23.0,Bengaluru,Karnataka,2023-09-04,Organic Search
CUST09735,Saanvi Menon,Female,33.0,Thane,Maharashtra,2023-04-26,Referral
CUST09736,Rekha Banerjee,Female,56.0,Hyderabad,Telangana,2024-11-06,Paid Search
CUST09737,Varun Gupta,Male,49.0,Lucknow,Uttar Pradesh,2023-02-08,Direct
CUST09738,Kunal Patel,Male,35.0,Delhi,Delhi,2023-09-10,Paid Search
CUST09739,Vihaan Chatterjee,Male,29.0,Bhopal,Madhya Pradesh,2024-12-04,Referral
CUST09740,Ritu Rao,Female,18.0,Lucknow,Uttar Pradesh,2025-01-05,Social Media
CUST09741,Yash Mehta,Male,28.0,Bengaluru,Karnataka,2024-08-25,Organic Search
CUST09742,Ritu Kumar,Female,32.0,Gurugram,Haryana,2024-04-24,Social Media
CUST09743,Suresh Agarwal,Male,30.0,Pune,Maharashtra,2024-10-25,Organic Search
CUST09744,Saanvi Yadav,Female,31.0,Bengaluru,Karnataka,2024-12-23,Organic Search
CUST09745,Deepak Banerjee,Male,39.0,Pune,Maharashtra,2025-05-04,Organic Search
CUST09746,Aditi Yadav,Female,23.0,Chennai,Tamil Nadu,2025-04-25,Organic Search
CUST09747,Sneha Mishra,Female,36.0,Chandigarh,Chandigarh,2025-01-10,Paid Search
CUST09748,Juhi Kumar,Female,32.0,Hyderabad,Telangana,2025-07-14,Social Media
CUST09749,Nisha Yadav,Female,24.0,Rajkot,Gujarat,2025-05-31,Direct
CUST09750,Saanvi Sharma,Female,50.0,Thane,Maharashtra,2023-07-12,Paid Search
CUST09751,Payal Singh,Female,40.0,Kanpur,Uttar Pradesh,2025-08-30,Email
CUST09752,Karthik Menon,Male,25.0,Delhi,Delhi,2025-07-12,Paid Search
CUST09753,Komal Malhotra,Female,38.0,Mumbai,Maharashtra,2024-02-18,Paid Search
CUST09754,Rohan Banerjee,Male,19.0,Nashik,Maharashtra,2023-02-01,Paid Search
CUST09755,Shreya Shah,Female,26.0,Pune,Maharashtra,2024-11-18,Referral
CUST09756,Meera Desai,Female,46.0,Noida,Uttar Pradesh,2024-06-18,
CUST09757,Saanvi Pandey,Female,37.0,Kolkata,West Bengal,2025-03-22,Organic Search
CUST09758,Suresh Bansal,Male,36.0,Jaipur,Rajasthan,2024-09-08,Social Media
CUST09759,Sanjay Reddy,Male,43.0,Guwahati,Assam,2023-04-26,Organic Search
CUST09760,Simran Mishra,Female,39.0,Indore,Madhya Pradesh,2023-11-25,Organic Search
CUST09761,Arjun Iyer,Male,30.0,Ahmedabad,Gujarat,2025-07-05,Organic Search
CUST09762,Aditi Pandey,Female,42.0,Ghaziabad,Uttar Pradesh,2023-02-28,Organic Search
CUST09763,Yash Singh,Male,18.0,Bengaluru,Karnataka,2025-03-11,Organic Search
CUST09764,Vihaan Tiwari,Male,26.0,Pune,Maharashtra,2024-01-17,Organic Search
CUST09765,Komal Nair,Female,32.0,Bengaluru,Karnataka,2024-07-01,Direct
CUST09766,Karthik Chatterjee,Male,38.0,Guwahati,Assam,2024-09-13,Referral
CUST09767,Aarav Chauhan,Male,30.0,Gurugram,Haryana,2023-12-01,Organic Search
CUST09768,Naveen Malhotra,Male,18.0,Nashik,Maharashtra,2024-12-30,Organic Search
CUST09769,Kavya Das,Female,18.0,Ahmedabad,Gujarat,2025-02-03,Direct
CUST09770,Divya Malhotra,Female,32.0,Indore,Madhya Pradesh,2023-05-08,Social Media
CUST09771,Diya Mukherjee,Female,28.0,Bengaluru,Karnataka,2024-04-14,Social Media
CUST09772,Kunal Sharma,Male,24.0,Ahmedabad,Gujarat,2025-03-17,Social Media
CUST09773,Abhishek Banerjee,Male,22.0,Vadodara,Gujarat,2025-02-27,Organic Search
CUST09774,Vivaan Desai,Male,34.0,Mumbai,Maharashtra,2024-09-26,Organic Search
CUST09775,Suresh Singh,Male,46.0,Mumbai,Maharashtra,2025-04-13,Paid Search
CUST09776,Gaurav Shah,Male,34.0,Lucknow,Uttar Pradesh,2023-06-08,Paid Search
CUST09777,Pranav Shah,Male,46.0,Visakhapatnam,Andhra Pradesh,2023-06-22,Direct
CUST09778,Vihaan Das,Male,29.0,Ahmedabad,Gujarat,2025-01-04,Organic Search
CUST09779,Aditi Shah,Female,37.0,Kanpur,Uttar Pradesh,2025-02-03,Organic Search
CUST09780,Naveen Shah,Male,47.0,Coimbatore,Tamil Nadu,2025-05-13,Direct
CUST09781,Pranav Menon,Male,31.0,Mumbai,Maharashtra,2023-09-10,Referral
CUST09782,Siddharth Bansal,Male,33.0,Ghaziabad,Uttar Pradesh,2024-08-31,Organic Search
CUST09783,Shreya Reddy,Female,29.0,Jaipur,Rajasthan,2025-01-07,Organic Search
CUST09784,Anjali Mehta,Female,39.0,Chennai,Tamil Nadu,2023-11-01,Social Media
CUST09785,Meera Mukherjee,Female,42.0,Mumbai,Maharashtra,2024-08-31,Organic Search
CUST09786,Swati Nair,Female,37.0,Ahmedabad,Gujarat,2024-12-18,Referral
CUST09787,Rohan Saxena,Male,31.0,Patna,Bihar,2023-10-21,Organic Search
CUST09788,Kunal Yadav,Male,18.0,Pune,Maharashtra,2024-04-15,Organic Search
CUST09789,Sneha Iyer,Female,33.0,Delhi,Delhi,2023-10-23,Paid Search
CUST09790,Swati Singh,Female,31.0,Bengaluru,Karnataka,2025-07-20,Social Media
CUST09791,Tanvi Shah,Female,35.0,Ludhiana,Punjab,2023-11-16,Direct
CUST09792,Krishna Bansal,Male,34.0,Chennai,Tamil Nadu,2023-06-25,Social Media
CUST09793,Neha Chatterjee,Female,49.0,Mumbai,Maharashtra,2023-02-24,Organic Search
CUST09794,Radhika Patel,Female,26.0,Noida,Uttar Pradesh,2023-03-11,Social Media
CUST09795,Vihaan Desai,Male,18.0,Bengaluru,Karnataka,2023-09-23,Organic Search
CUST09796,Vivaan Kapoor,Male,22.0,Patna,Bihar,2024-11-22,Organic Search
CUST09797,Priya Rao,Female,27.0,Mumbai,Maharashtra,2023-01-28,Organic Search
CUST09798,Anjali Kumar,Female,44.0,Bengaluru,Karnataka,2024-01-12,Organic Search
CUST09799,Pranav Das,,20.0,Hyderabad,Telangana,2023-03-30,Paid Search
CUST09800,Aman Das,Male,21.0,Agra,Uttar Pradesh,2024-05-14,Email
CUST09801,Pooja Chatterjee,Female,37.0,Bhopal,Madhya Pradesh,2023-03-16,Organic Search
CUST09802,Aadhya Saxena,Female,41.0,Hyderabad,Telangana,2024-11-21,Paid Search
CUST09803,Ritu Rao,Female,18.0,Patna,Bihar,2025-01-30,Organic Search
CUST09804,Vikram Mukherjee,Male,18.0,Vadodara,Gujarat,2025-03-07,Social Media
CUST09805,Vivaan Kapoor,Male,25.0,Kolkata,West Bengal,2023-11-01,Paid Search
CUST09806,Kiran Malhotra,Female,40.0,Kolkata,West Bengal,2025-06-24,Organic Search
CUST09807,Ishaan Chauhan,Male,34.0,Kolkata,West Bengal,2025-01-31,Referral
CUST09808,Varun Shah,Male,26.0,Delhi,Delhi,2023-03-28,Paid Search
CUST09809,Sunita Chauhan,Female,40.0,Vadodara,Gujarat,2024-06-20,Direct
CUST09810,Aarav Singh,Male,34.0,Indore,Madhya Pradesh,2025-04-05,Direct
CUST09811,Preeti Verma,Female,32.0,Ludhiana,Punjab,2024-02-07,Organic Search
CUST09812,Aman Pandey,Male,18.0,Vadodara,Gujarat,2024-04-22,Direct
CUST09813,Ritu Rao,Female,25.0,Patna,Bihar,2024-12-11,Social Media
CUST09814,Anita Bansal,Female,53.0,Visakhapatnam,Andhra Pradesh,2023-03-26,Paid Search
CUST09815,Rahul Bansal,Male,30.0,Gurugram,Haryana,2025-09-06,Referral
CUST09816,Komal Malhotra,Female,23.0,Jaipur,Rajasthan,2023-09-02,Paid Search
CUST09817,Suresh Shah,Male,29.0,Ghaziabad,Uttar Pradesh,2023-02-11,Paid Search
CUST09818,Komal Menon,Female,34.0,Vadodara,Gujarat,2023-01-09,Paid Search
CUST09819,Vikram Yadav,Male,42.0,Bengaluru,Karnataka,2024-05-10,Referral
CUST09820,Pooja Gupta,Female,39.0,Pune,Maharashtra,2025-07-06,Direct
CUST09821,Aarav Mukherjee,Male,26.0,Indore,Madhya Pradesh,2025-05-17,Organic Search
CUST09822,Sunita Kumar,Female,46.0,Mumbai,Maharashtra,2025-07-27,Social Media
CUST09823,Deepak Singh,Male,41.0,Pune,Maharashtra,2024-09-16,Organic Search
CUST09824,Deepak Chatterjee,Male,29.0,Mumbai,Maharashtra,2024-06-28,Direct
CUST09825,Tarun Rao,Male,32.0,Bengaluru,Karnataka,2024-04-26,Organic Search
CUST09826,Harsh Yadav,Male,39.0,Kolkata,West Bengal,2023-03-13,Organic Search
CUST09827,Abhishek Banerjee,Male,44.0,Hyderabad,Telangana,2025-07-25,Email
CUST09828,Sanjay Agarwal,Male,18.0,Visakhapatnam,Andhra Pradesh,2024-08-12,Social Media
CUST09829,Kiran Kapoor,Female,34.0,Lucknow,Uttar Pradesh,2024-07-04,Paid Search
CUST09830,Manish Tiwari,Male,33.0,Bengaluru,Karnataka,2024-08-30,Social Media
CUST09831,Tarun Mehta,Male,27.0,Mumbai,Maharashtra,2025-04-27,Email
CUST09832,Saanvi Bansal,Female,27.0,Bengaluru,Karnataka,2023-11-02,Organic Search
CUST09833,Kavya Patel,Female,44.0,Kolkata,West Bengal,2025-02-17,Organic Search
CUST09834,Yash Chauhan,Male,38.0,Bhopal,Madhya Pradesh,2025-02-18,Paid Search
CUST09835,Vivaan Pandey,Male,54.0,Jaipur,Rajasthan,2025-06-09,Social Media
CUST09836,Tarun Yadav,Male,27.0,Mumbai,Maharashtra,2023-01-14,Social Media
CUST09837,Riya Rao,Female,34.0,Chennai,Tamil Nadu,2023-08-28,Paid Search
CUST09838,Nisha Kumar,Female,36.0,Noida,Uttar Pradesh,2024-07-19,Social Media
CUST09839,Preeti Chauhan,Female,42.0,Coimbatore,Tamil Nadu,2025-06-10,Organic Search
CUST09840,Komal Joshi,Female,47.0,Thane,Maharashtra,2025-09-05,Organic Search
CUST09841,Aditi Chatterjee,Female,34.0,Bengaluru,Karnataka,2024-11-10,Social Media
CUST09842,Sneha Menon,Female,22.0,Mumbai,Maharashtra,2023-10-18,Organic Search
CUST09843,Priya Singh,Female,26.0,Chennai,Tamil Nadu,2023-09-15,Direct
CUST09844,Shreya Kapoor,Female,34.0,Ahmedabad,Gujarat,2024-12-19,Direct
CUST09845,Ritu Mukherjee,Female,44.0,Kanpur,Uttar Pradesh,2023-10-16,Paid Search
CUST09846,Tanvi Tiwari,Female,19.0,Mumbai,Maharashtra,2024-10-04,Organic Search
CUST09847,Arjun Malhotra,Male,21.0,Gurugram,Haryana,2025-05-29,Organic Search
CUST09848,Rajesh Tiwari,Male,41.0,Thane,Maharashtra,2024-04-30,Paid Search
CUST09849,Yash Kumar,Male,20.0,Noida,Uttar Pradesh,2024-04-18,Direct
CUST09850,Krishna Malhotra,Male,22.0,Nashik,Maharashtra,2023-02-26,Organic Search
CUST09851,Priya Yadav,Female,44.0,Chennai,Tamil Nadu,2023-12-06,Organic Search
CUST09852,Sunita Desai,Female,31.0,Lucknow,Uttar Pradesh,2025-02-07,Social Media
CUST09853,Yash Desai,Male,30.0,Ludhiana,Punjab,2024-03-31,Social Media
CUST09854,Nikhil Kumar,Male,47.0,Delhi,Delhi,2023-08-13,Social Media
CUST09855,Yash Rao,Male,22.0,Mumbai,Maharashtra,2023-06-05,Social Media
CUST09856,Neha Desai,Female,20.0,Hyderabad,Telangana,2023-05-21,Email
CUST09857,Saanvi Banerjee,Female,49.0,Chennai,Tamil Nadu,2025-01-05,Paid Search
CUST09858,Rajesh Chauhan,Male,35.0,Surat,Gujarat,2024-11-26,Organic Search
CUST09859,Krishna Bansal,Male,40.0,Bengaluru,Karnataka,2024-09-02,Social Media
CUST09860,Preeti Das,Female,30.0,Chennai,Tamil Nadu,2024-08-16,Social Media
CUST09861,Juhi Desai,Female,32.0,Lucknow,Uttar Pradesh,2023-08-06,Organic Search
CUST09862,Neha Kapoor,Female,26.0,Ghaziabad,Uttar Pradesh,2024-08-16,Referral
CUST09863,Deepak Kapoor,Male,36.0,Bengaluru,Karnataka,2023-04-02,Email
CUST09864,Arjun Malhotra,Male,41.0,Patna,Bihar,2025-08-07,Paid Search
CUST09865,Komal Banerjee,Female,35.0,Gurugram,Haryana,2023-03-30,Direct
CUST09866,Sanjay Singh,Male,44.0,Chennai,Tamil Nadu,2024-06-03,Social Media
CUST09867,Pooja Tiwari,Female,40.0,Pune,Maharashtra,2023-01-01,Direct
CUST09868,Aditi Sharma,Female,23.0,Mumbai,Maharashtra,2025-04-20,Social Media
CUST09869,Rajesh Sharma,Male,32.0,Indore,Madhya Pradesh,2023-08-23,Social Media
CUST09870,Suresh Tiwari,Male,29.0,Nashik,Maharashtra,2025-08-06,Organic Search
CUST09871,Anita Banerjee,Female,41.0,Mumbai,Maharashtra,2023-03-09,Paid Search
CUST09872,Priya Yadav,Female,38.0,Ludhiana,Punjab,2025-05-18,Social Media
CUST09873,Pranav Iyer,Male,34.0,Delhi,Delhi,2025-01-03,Referral
CUST09874,Swati Menon,Female,43.0,Ludhiana,Punjab,2023-12-01,Direct
CUST09875,Krishna Chopra,Male,18.0,Pune,Maharashtra,2023-10-06,Organic Search
CUST09876,Anita Mukherjee,Female,27.0,Ahmedabad,Gujarat,2024-03-28,Social Media
CUST09877,Preeti Mishra,Female,28.0,Gurugram,Haryana,2025-05-24,Organic Search
CUST09878,Rohan Malhotra,Male,36.0,Surat,Gujarat,2025-06-19,Social Media
CUST09879,Meera Mukherjee,Female,39.0,Mumbai,Maharashtra,2023-09-03,Organic Search
CUST09880,Pooja Yadav,Female,33.0,Visakhapatnam,Andhra Pradesh,2024-03-23,Social Media
CUST09881,Ananya Das,Female,20.0,Delhi,Delhi,2023-11-17,Paid Search
CUST09882,Gaurav Reddy,Male,37.0,Gurugram,Haryana,2023-06-28,Referral
CUST09883,Sneha Singh,,34.0,Delhi,Delhi,2024-12-25,Social Media
CUST09884,Kavya Nair,Female,18.0,Kolkata,West Bengal,2024-03-16,Organic Search
CUST09885,Vihaan Kapoor,Male,30.0,Pune,Maharashtra,2023-11-03,Social Media
CUST09886,Vikram Saxena,Male,37.0,Pune,Maharashtra,2025-06-22,Social Media
CUST09887,Aditi Agarwal,Female,50.0,Pune,Maharashtra,2025-03-21,Paid Search
CUST09888,Kiran Desai,Female,22.0,Chennai,Tamil Nadu,2025-04-10,Organic Search
CUST09889,Aditya Shah,Male,41.0,Indore,Madhya Pradesh,2023-03-02,Direct
CUST09890,Simran Chopra,Female,22.0,Delhi,Delhi,2025-07-29,Organic Search
CUST09891,Aarav Mukherjee,Male,20.0,Patna,Bihar,2024-10-23,Organic Search
CUST09892,Pooja Agarwal,Female,21.0,Mumbai,Maharashtra,2024-08-19,Social Media
CUST09893,Deepak Nair,Male,39.0,Ludhiana,Punjab,2023-01-17,Organic Search
CUST09894,Pranav Banerjee,Male,34.0,Bhopal,Madhya Pradesh,2025-07-16,Paid Search
CUST09895,Pooja Mukherjee,Female,30.0,Patna,Bihar,2024-09-25,Organic Search
CUST09896,Aditi Nair,Female,38.0,Hyderabad,Telangana,2025-05-21,Paid Search
CUST09897,Ishaan Joshi,Male,33.0,Ludhiana,Punjab,2025-01-02,Paid Search
CUST09898,Neha Reddy,Female,34.0,Nagpur,Maharashtra,2025-04-29,Social Media
CUST09899,Anita Gupta,Female,30.0,Noida,Uttar Pradesh,2025-02-03,Organic Search
CUST09900,Aditi Patel,Female,23.0,Mumbai,Maharashtra,2025-08-03,Paid Search
CUST09901,Suresh Banerjee,Male,50.0,Patna,Bihar,2023-11-03,Social Media
CUST09902,Rohan Gupta,,47.0,Surat,Gujarat,2023-10-06,
CUST09903,Neha Iyer,Female,49.0,Kochi,Kerala,2025-02-19,Organic Search
CUST09904,Saanvi Malhotra,Female,28.0,Chennai,Tamil Nadu,2024-08-17,Social Media
CUST09905,Ankit Mukherjee,Male,26.0,Bengaluru,Karnataka,2024-11-14,Paid Search
CUST09906,Reyansh Das,Male,29.0,Rajkot,Gujarat,2025-02-16,Organic Search
CUST09907,Harsh Chopra,Male,44.0,Hyderabad,Telangana,2024-09-29,Paid Search
CUST09908,Rahul Singh,Male,33.0,Nagpur,Maharashtra,2025-04-21,Social Media
CUST09909,Meera Mehta,Female,28.0,Hyderabad,Telangana,2024-02-16,Direct
CUST09910,Harsh Menon,Male,37.0,Gurugram,Haryana,2025-06-17,Organic Search
CUST09911,Swati Reddy,Female,26.0,Pune,Maharashtra,2023-06-08,Paid Search
CUST09912,Riya Chatterjee,Female,19.0,Hyderabad,Telangana,2024-12-14,Direct
CUST09913,Varun Pandey,Male,34.0,Ghaziabad,Uttar Pradesh,2025-07-10,Paid Search
CUST09914,Juhi Singh,Female,28.0,Mumbai,Maharashtra,2023-12-04,Direct
CUST09915,Rajesh Reddy,Male,33.0,Mumbai,Maharashtra,2024-02-24,Social Media
CUST09916,Krishna Pandey,Male,18.0,Ludhiana,Punjab,2024-02-01,Referral
CUST09917,Aditya Das,Male,24.0,Hyderabad,Telangana,2024-10-14,Email
CUST09918,Ritu Saxena,Female,33.0,Delhi,Delhi,2024-05-23,Organic Search
CUST09919,Manish Patel,Male,18.0,Jaipur,Rajasthan,2023-06-08,Email
CUST09920,Meera Agarwal,Female,18.0,Bengaluru,Karnataka,2025-07-11,Organic Search
CUST09921,Sanjay Chauhan,Male,,Kochi,Kerala,2023-10-09,Email
CUST09922,Suresh Tiwari,Male,40.0,Ghaziabad,Uttar Pradesh,2024-09-16,Paid Search
CUST09923,Rekha Kumar,Female,24.0,Coimbatore,Tamil Nadu,2024-11-10,Social Media
CUST09924,Ishita Das,Female,30.0,Ghaziabad,Uttar Pradesh,2023-03-05,Organic Search
CUST09925,Radhika Menon,Female,31.0,Rajkot,Gujarat,2023-05-22,Organic Search
CUST09926,Vivaan Desai,Male,18.0,Hyderabad,Telangana,2025-09-10,Organic Search
CUST09927,Deepak Gupta,Male,45.0,Kanpur,Uttar Pradesh,2025-01-10,Paid Search
CUST09928,Rajesh Banerjee,Male,31.0,Chandigarh,Chandigarh,2023-02-22,Organic Search
CUST09929,Arjun Sharma,Male,31.0,Kanpur,Uttar Pradesh,2025-04-27,Organic Search
CUST09930,Anita Rao,Female,,Guwahati,Assam,2024-08-24,Referral
CUST09931,Krishna Yadav,Male,18.0,Nashik,Maharashtra,2023-04-24,Email
CUST09932,Neha Banerjee,Female,42.0,Mumbai,Maharashtra,2025-01-23,Social Media
CUST09933,Anita Chauhan,Female,44.0,Kolkata,West Bengal,2024-08-15,Social Media
CUST09934,Pranav Verma,Male,34.0,Bengaluru,Karnataka,2023-10-09,Organic Search
CUST09935,Rohan Chopra,Male,38.0,Nashik,Maharashtra,2025-07-01,Social Media
CUST09936,Swati Verma,Female,30.0,Gurugram,Haryana,2024-01-17,Paid Search
CUST09937,Rohan Kumar,Male,42.0,Pune,Maharashtra,2024-01-09,Organic Search
CUST09938,Reyansh Yadav,Male,25.0,Mumbai,Maharashtra,2023-12-27,
CUST09939,Tarun Sharma,Male,33.0,Hyderabad,Telangana,2025-04-05,Direct
CUST09940,Juhi Iyer,Female,33.0,Delhi,Delhi,2025-02-14,Organic Search
CUST09941,Preeti Tiwari,Female,33.0,Pune,Maharashtra,2025-07-20,Organic Search
CUST09942,Meera Kumar,Female,44.0,Kochi,Kerala,2023-11-07,Email
CUST09943,Reyansh Tiwari,Male,55.0,Hyderabad,Telangana,2025-04-20,Organic Search
CUST09944,Ritu Patel,Female,32.0,Thane,Maharashtra,2024-10-22,Paid Search
CUST09945,Yash Reddy,Male,38.0,Ghaziabad,Uttar Pradesh,2024-02-05,Organic Search
CUST09946,Ishita Kapoor,Female,25.0,Ghaziabad,Uttar Pradesh,2023-02-25,Organic Search
CUST09947,Sunita Sharma,Female,43.0,Delhi,Delhi,2025-05-16,Social Media
CUST09948,Sunita Chopra,Female,28.0,Bengaluru,Karnataka,2023-11-21,Direct
CUST09949,Rahul Mishra,Male,64.0,Bengaluru,Karnataka,2024-12-13,Social Media
CUST09950,Anjali Nair,Female,18.0,Hyderabad,Telangana,2024-09-30,Referral
CUST09951,Suresh Desai,Male,54.0,Mumbai,Maharashtra,2023-01-08,Organic Search
CUST09952,Abhishek Nair,Male,43.0,Pune,Maharashtra,2025-09-26,Organic Search
CUST09953,Saanvi Malhotra,Female,22.0,Thane,Maharashtra,2025-05-13,Paid Search
CUST09954,Abhishek Mukherjee,Male,56.0,Bengaluru,Karnataka,2024-08-03,Organic Search
CUST09955,Nikhil Mukherjee,Male,24.0,Lucknow,Uttar Pradesh,2025-01-23,Social Media
CUST09956,Sneha Verma,Female,30.0,Pune,Maharashtra,2024-07-24,Direct
CUST09957,Tanvi Kapoor,Female,20.0,Mumbai,Maharashtra,2025-03-18,Organic Search
CUST09958,Ritu Mukherjee,Female,32.0,Bengaluru,Karnataka,2023-07-13,Direct
CUST09959,Rahul Rao,Male,32.0,Bengaluru,Karnataka,2024-06-25,Paid Search
CUST09960,Riya Banerjee,Female,41.0,Kolkata,West Bengal,2024-03-05,Organic Search
CUST09961,Vihaan Rao,Male,57.0,Surat,Gujarat,2024-07-08,Paid Search
CUST09962,Radhika Reddy,Female,28.0,Hyderabad,Telangana,2024-06-29,Paid Search
CUST09963,Rohan Singh,Male,18.0,Delhi,Delhi,2023-07-24,Email
CUST09964,Naveen Shah,Male,39.0,Bengaluru,Karnataka,2025-09-13,Email
CUST09965,Preeti Singh,Female,27.0,Mumbai,Maharashtra,2023-01-25,
CUST09966,Karthik Sharma,Male,51.0,Bhopal,Madhya Pradesh,2023-01-17,
CUST09967,Nisha Agarwal,Female,33.0,Nagpur,Maharashtra,2024-04-13,Social Media
CUST09968,Naveen Gupta,Male,25.0,Kanpur,Uttar Pradesh,2024-12-03,Organic Search
CUST09969,Yash Iyer,Male,23.0,Surat,Gujarat,2023-09-09,Direct
CUST09970,Vihaan Kapoor,Male,39.0,Hyderabad,Telangana,2024-09-15,Organic Search
CUST09971,Aman Chopra,Male,30.0,Delhi,Delhi,2025-02-28,Social Media
CUST09972,Rahul Gupta,Male,48.0,Jaipur,Rajasthan,2023-05-20,Email
CUST09973,Yash Pandey,Male,31.0,Thane,Maharashtra,2025-09-19,Organic Search
CUST09974,Nikhil Gupta,Male,47.0,Vadodara,Gujarat,2024-03-06,Paid Search
CUST09975,Shreya Mukherjee,Female,19.0,Indore,Madhya Pradesh,2024-12-22,Organic Search
CUST09976,Ritu Yadav,Female,18.0,Lucknow,Uttar Pradesh,2023-06-12,Organic Search
CUST09977,Abhishek Chatterjee,Male,41.0,Ghaziabad,Uttar Pradesh,2025-02-17,Social Media
CUST09978,Varun Saxena,Male,28.0,Bhopal,Madhya Pradesh,2025-06-02,Direct
CUST09979,Karthik Chopra,Male,30.0,Gurugram,Haryana,2023-06-04,Organic Search
CUST09980,Abhishek Nair,Male,,Mumbai,Maharashtra,2023-07-02,Referral
CUST09981,Arjun Gupta,Male,22.0,Delhi,Delhi,2024-01-05,Paid Search
CUST09982,Ishaan Yadav,Male,39.0,Jaipur,Rajasthan,2023-01-19,Email
CUST09983,Kiran Pandey,Female,33.0,Ahmedabad,Gujarat,2025-09-20,Referral
CUST09984,Nisha Desai,Female,22.0,Hyderabad,Telangana,2024-11-13,Social Media
CUST09985,Vivaan Rao,Male,41.0,Thane,Maharashtra,2024-11-21,Paid Search
CUST09986,Gaurav Das,Male,45.0,Pune,Maharashtra,2025-08-31,Social Media
CUST09987,Ankit Sharma,Male,32.0,Pune,Maharashtra,2025-05-26,Social Media
CUST09988,Rajesh Menon,Male,43.0,Mumbai,Maharashtra,2025-05-12,Referral
CUST09989,Aditi Saxena,,23.0,Chennai,Tamil Nadu,2024-03-09,Social Media
CUST09990,Vihaan Shah,Male,39.0,Jaipur,Rajasthan,2024-03-04,Referral
CUST09991,Kunal Malhotra,Male,35.0,Bengaluru,Karnataka,2024-01-17,Paid Search
CUST09992,Vivaan Singh,Male,25.0,Bengaluru,Karnataka,2024-03-16,Email
CUST09993,Priya Chopra,Female,54.0,Pune,Maharashtra,2024-04-09,Social Media
CUST09994,Ishaan Chatterjee,Male,35.0,Chandigarh,Chandigarh,2023-07-20,
CUST09995,Komal Nair,Female,27.0,Delhi,Delhi,2024-03-26,Paid Search
CUST09996,Vikram Mukherjee,Male,33.0,Hyderabad,Telangana,2024-06-26,Email
CUST09997,Vikram Yadav,Male,24.0,Mumbai,Maharashtra,2024-02-05,Social Media
CUST09998,Pranav Chauhan,Male,21.0,Hyderabad,Telangana,2023-08-22,Social Media
CUST09999,Nikhil Nair,Male,29.0,Nagpur,Maharashtra,2024-04-13,
CUST10000,Naveen Desai,Male,29.0,Hyderabad,Telangana,2024-07-29,Direct
CUST10001,Ankit Rao,Male,25.0,Ahmedabad,Gujarat,2025-02-26,Organic Search
CUST10002,Abhishek Chatterjee,Male,46.0,Gurugram,Haryana,2025-02-18,Organic Search
CUST10003,Ishaan Kapoor,Male,25.0,Hyderabad,Telangana,2023-10-07,Direct
CUST10004,Ishaan Mehta,Male,,Pune,Maharashtra,2023-02-26,Organic Search
CUST10005,Sneha Rao,Female,21.0,Gurugram,Haryana,2024-01-30,Referral
CUST10006,Saanvi Kumar,Female,20.0,Kolkata,West Bengal,2023-08-11,Paid Search
CUST10007,Komal Desai,Female,43.0,Delhi,Delhi,2024-05-06,Paid Search
CUST10008,Riya Chauhan,Female,36.0,Delhi,Delhi,2025-09-15,Social Media
CUST10009,Aarav Mishra,Male,40.0,Coimbatore,Tamil Nadu,2023-09-10,Email
CUST10010,Payal Tiwari,Female,43.0,Rajkot,Gujarat,2024-02-16,Organic Search
CUST10011,Gaurav Bansal,Male,30.0,Bengaluru,Karnataka,2025-03-02,Organic Search
CUST10012,Rohan Banerjee,Male,48.0,Surat,Gujarat,2024-08-24,Email
CUST10013,Radhika Yadav,Female,27.0,Delhi,Delhi,2023-03-09,Social Media
CUST10014,Sanjay Mehta,Male,22.0,Bengaluru,Karnataka,2023-08-17,Organic Search
CUST10015,Gaurav Mukherjee,Male,37.0,Chandigarh,Chandigarh,2025-08-14,Organic Search
CUST10016,Rajesh Mishra,Male,34.0,Ahmedabad,Gujarat,2023-06-01,Social Media
CUST10017,Aditya Joshi,Male,34.0,Delhi,Delhi,2024-12-15,Social Media
CUST10018,Aman Desai,Male,43.0,Pune,Maharashtra,2025-04-25,Email
CUST10019,Riya Desai,Female,34.0,Ludhiana,Punjab,2023-12-19,Referral
CUST10020,Aditya Yadav,Male,36.0,Ghaziabad,Uttar Pradesh,2025-03-01,Social Media
CUST10021,Aman Gupta,Male,47.0,Lucknow,Uttar Pradesh,2023-08-27,Social Media
CUST10022,Nikhil Iyer,Male,36.0,Vadodara,Gujarat,2024-01-09,Paid Search
CUST10023,Aditi Tiwari,Female,38.0,Visakhapatnam,Andhra Pradesh,2024-02-08,Social Media
CUST10024,Nisha Tiwari,Female,19.0,Noida,Uttar Pradesh,2025-09-28,Direct
CUST10025,Saanvi Das,Female,65.0,Lucknow,Uttar Pradesh,2023-10-21,Organic Search
CUST10026,Harsh Rao,Male,18.0,Jaipur,Rajasthan,2023-07-06,Social Media
CUST10027,Manish Chauhan,Male,28.0,Chandigarh,Chandigarh,2025-08-06,Organic Search
CUST10028,Naveen Pandey,Male,27.0,Ahmedabad,Gujarat,2023-08-17,Social Media
CUST10029,Simran Reddy,Female,54.0,Kolkata,West Bengal,2025-07-02,Email
CUST10030,Saanvi Agarwal,Female,27.0,Agra,Uttar Pradesh,2024-12-29,Organic Search
CUST10031,Diya Tiwari,Female,37.0,Kochi,Kerala,2024-10-25,Email
CUST10032,Krishna Menon,Male,27.0,Chennai,Tamil Nadu,2025-03-23,Social Media
CUST10033,Tanvi Gupta,Female,23.0,Jaipur,Rajasthan,2025-03-02,Direct
CUST10034,Nikhil Chauhan,Male,39.0,Ludhiana,Punjab,2023-06-11,Referral
CUST10035,Arjun Malhotra,Male,26.0,Kolkata,West Bengal,2025-09-30,Email
CUST10036,Varun Agarwal,Male,35.0,Ahmedabad,Gujarat,2025-08-19,Organic Search
CUST10037,Riya Kapoor,Female,39.0,Mumbai,Maharashtra,2025-07-15,Direct
CUST10038,Sunita Menon,Female,52.0,Bengaluru,Karnataka,2024-12-04,Email
CUST10039,Gaurav Tiwari,Male,20.0,Hyderabad,Telangana,2024-09-06,Referral
CUST10040,Diya Desai,Female,31.0,Ahmedabad,Gujarat,2024-09-18,Email
CUST10041,Nikhil Mukherjee,Male,32.0,Visakhapatnam,Andhra Pradesh,2023-01-24,Referral
CUST10042,Naveen Das,Male,33.0,Delhi,Delhi,2024-08-15,Social Media
CUST10043,Kunal Agarwal,Male,59.0,Mumbai,Maharashtra,2024-12-06,Organic Search
CUST10044,Kunal Desai,Male,31.0,Jaipur,Rajasthan,2025-01-05,Paid Search
CUST10045,Ananya Gupta,Female,18.0,Mumbai,Maharashtra,2024-03-01,Organic Search
CUST10046,Sanjay Reddy,,31.0,Gurugram,Haryana,2024-07-19,Organic Search
CUST10047,Ishaan Mukherjee,Male,32.0,Bengaluru,Karnataka,2024-12-16,Organic Search
CUST10048,Gaurav Kumar,Male,31.0,Ghaziabad,Uttar Pradesh,2024-06-08,Social Media
CUST10049,Meera Chauhan,Female,26.0,Ahmedabad,Gujarat,2025-09-03,Email
CUST10050,Aadhya Bansal,Female,20.0,Guwahati,Assam,2025-02-13,Referral
CUST10051,Ritu Agarwal,Female,55.0,Kolkata,West Bengal,2023-01-03,Referral
CUST10052,Arjun Banerjee,Male,36.0,Noida,Uttar Pradesh,2023-02-06,Organic Search
CUST10053,Pranav Reddy,Male,31.0,Chennai,Tamil Nadu,2025-02-01,Email
CUST10054,Gaurav Chauhan,Male,54.0,Indore,Madhya Pradesh,2024-05-23,Direct
CUST10055,Anita Nair,Female,24.0,Mumbai,Maharashtra,2025-06-01,Email
CUST10056,Vihaan Das,Male,39.0,Chennai,Tamil Nadu,2023-08-31,Organic Search
CUST10057,Shreya Reddy,Female,21.0,Bengaluru,Karnataka,2023-01-22,Direct
CUST10058,Pooja Saxena,Female,41.0,Patna,Bihar,2024-04-28,Paid Search
CUST10059,Rekha Chopra,Female,22.0,Pune,Maharashtra,2025-03-11,Social Media
CUST10060,Diya Tiwari,Female,38.0,Lucknow,Uttar Pradesh,2025-09-10,Organic Search
CUST10061,Karthik Tiwari,Male,53.0,Bengaluru,Karnataka,2025-07-06,Referral
CUST10062,Abhishek Shah,Male,34.0,Delhi,Delhi,2024-08-01,Referral
CUST10063,Karthik Chopra,Male,18.0,Kanpur,Uttar Pradesh,2025-05-11,Referral
CUST10064,Sanjay Chatterjee,Male,33.0,Chennai,Tamil Nadu,2023-04-17,Organic Search
CUST10065,Divya Desai,Female,38.0,Chennai,Tamil Nadu,2024-10-21,Organic Search
CUST10066,Rajesh Chatterjee,Male,42.0,Noida,Uttar Pradesh,2025-08-05,Direct
CUST10067,Anita Verma,Female,48.0,Delhi,Delhi,2024-05-07,Referral
CUST10068,Anjali Malhotra,Female,48.0,Lucknow,Uttar Pradesh,2025-09-01,Referral
CUST10069,Varun Banerjee,Male,32.0,Mumbai,Maharashtra,2023-10-28,Email
CUST10070,Suresh Kumar,Male,26.0,Kanpur,Uttar Pradesh,2023-06-05,Organic Search
CUST10071,Deepak Kapoor,Male,22.0,Pune,Maharashtra,2024-09-08,Paid Search
CUST10072,Vikram Kumar,Male,28.0,Indore,Madhya Pradesh,2025-07-23,Organic Search
CUST10073,Aditi Pandey,Female,38.0,Bhopal,Madhya Pradesh,2024-02-08,Paid Search
CUST10074,Radhika Sharma,Female,20.0,Delhi,Delhi,2025-05-01,Organic Search
CUST10075,Ishita Menon,Female,24.0,Bengaluru,Karnataka,2023-08-27,Paid Search
CUST10076,Abhishek Nair,Male,39.0,Bengaluru,Karnataka,2025-03-18,Social Media
CUST10077,Pooja Pandey,Female,27.0,Jaipur,Rajasthan,2024-10-07,Referral
CUST10078,Diya Agarwal,Female,37.0,Bengaluru,Karnataka,2023-09-03,Organic Search
CUST10079,Sunita Mehta,Female,25.0,Kolkata,West Bengal,2025-02-24,Direct
CUST10080,Swati Nair,Female,36.0,Chennai,Tamil Nadu,2025-02-20,Organic Search
CUST10081,Preeti Kapoor,Female,25.0,Jaipur,Rajasthan,2024-08-30,Direct
CUST10082,Aarav Saxena,Male,,Hyderabad,Telangana,2023-11-03,Paid Search
CUST10083,Payal Menon,Female,43.0,Gurugram,Haryana,2023-07-10,Organic Search
CUST10084,Deepak Chauhan,Male,26.0,Noida,Uttar Pradesh,2025-08-30,Email
CUST10085,Gaurav Chopra,Male,31.0,Hyderabad,Telangana,2025-01-02,Organic Search
CUST10086,Kunal Chopra,Male,26.0,Chandigarh,Chandigarh,2025-05-09,Social Media
CUST10087,Gaurav Mehta,Male,38.0,Patna,Bihar,2025-02-06,Email
CUST10088,Krishna Sharma,Male,36.0,Bengaluru,Karnataka,2025-05-24,Paid Search
CUST10089,Manish Banerjee,Male,38.0,Pune,Maharashtra,2023-08-18,Social Media
CUST10090,Sneha Desai,Female,28.0,Ahmedabad,Gujarat,2024-08-13,Social Media
CUST10091,Pooja Banerjee,Female,33.0,Vadodara,Gujarat,2025-01-12,Organic Search
CUST10092,Ritu Iyer,Female,37.0,Coimbatore,Tamil Nadu,2023-06-02,Social Media
CUST10093,Ishita Reddy,Female,48.0,Surat,Gujarat,2023-08-02,Direct
CUST10094,Siddharth Chauhan,Male,36.0,Surat,Gujarat,2024-12-14,Paid Search
CUST10095,Diya Patel,Female,23.0,Indore,Madhya Pradesh,2025-06-24,Organic Search
CUST10096,Neha Sharma,Female,36.0,Kolkata,West Bengal,2025-01-06,Organic Search
CUST10097,Pranav Singh,Male,31.0,Kolkata,West Bengal,2023-02-26,Social Media
CUST10098,Nisha Chatterjee,Female,18.0,Pune,Maharashtra,2025-09-09,Direct
CUST10099,Komal Das,Female,18.0,Ghaziabad,Uttar Pradesh,2023-07-20,Referral
CUST10100,Naveen Malhotra,Male,32.0,Lucknow,Uttar Pradesh,2023-11-11,Email
CUST10101,Preeti Das,Female,33.0,Delhi,Delhi,2025-09-12,Paid Search
CUST10102,Aditya Kapoor,Male,30.0,Delhi,Delhi,2025-04-08,Social Media
CUST10103,Anjali Singh,Female,42.0,Chennai,Tamil Nadu,2025-08-15,Paid Search
CUST10104,Meera Chatterjee,Female,24.0,Lucknow,Uttar Pradesh,2025-05-06,Organic Search
CUST10105,Tarun Chopra,Male,19.0,Ahmedabad,Gujarat,2024-12-30,Paid Search
CUST10106,Ritu Rao,Female,25.0,Ahmedabad,Gujarat,2024-01-09,Social Media
CUST10107,Siddharth Mehta,Male,27.0,Coimbatore,Tamil Nadu,2024-02-24,Referral
CUST10108,Sanjay Reddy,Male,32.0,Nashik,Maharashtra,2025-08-23,Email
CUST10109,Pooja Iyer,Female,25.0,Kolkata,West Bengal,2025-06-18,Paid Search
CUST10110,Radhika Sharma,Female,18.0,Indore,Madhya Pradesh,2024-03-30,Paid Search
CUST10111,Yash Mishra,Male,18.0,Chennai,Tamil Nadu,2024-04-13,Email
CUST10112,Priya Shah,Female,34.0,Jaipur,Rajasthan,2024-01-24,Organic Search
CUST10113,Ishaan Chauhan,Male,,Bengaluru,Karnataka,2024-02-24,Paid Search
CUST10114,Arjun Verma,Male,18.0,Kolkata,West Bengal,2025-06-18,Direct
CUST10115,Aadhya Reddy,Female,39.0,Lucknow,Uttar Pradesh,2023-01-17,Email
CUST10116,Suresh Das,Male,48.0,Chennai,Tamil Nadu,2024-06-15,Direct
CUST10117,Gaurav Kumar,Male,32.0,Bhopal,Madhya Pradesh,2025-08-19,Referral
CUST10118,Payal Saxena,Female,36.0,Bengaluru,Karnataka,2024-09-24,Email
CUST10119,Anjali Das,Female,36.0,Mumbai,Maharashtra,2024-06-29,Organic Search
CUST10120,Neha Yadav,Female,18.0,Chandigarh,Chandigarh,2024-02-09,Paid Search
CUST10121,Anita Reddy,Female,42.0,Ahmedabad,Gujarat,2023-04-22,Paid Search
CUST10122,Pooja Patel,Female,45.0,Bengaluru,Karnataka,2023-11-02,Paid Search
CUST10123,Radhika Chauhan,Female,51.0,Kolkata,West Bengal,2023-05-15,Email
CUST10124,Siddharth Shah,Male,29.0,Bengaluru,Karnataka,2023-07-03,Paid Search
CUST10125,Reyansh Iyer,Male,22.0,Thane,Maharashtra,2023-08-19,Organic Search
CUST10126,Aditya Agarwal,Male,47.0,Hyderabad,Telangana,2024-01-29,Paid Search
CUST10127,Aditya Mehta,Male,38.0,Guwahati,Assam,2023-01-18,Referral
CUST10128,Rahul Kapoor,Male,,Bengaluru,Karnataka,2025-08-25,Paid Search
CUST10129,Divya Tiwari,Female,27.0,Ahmedabad,Gujarat,2023-06-29,Organic Search
CUST10130,Anjali Das,Female,36.0,Pune,Maharashtra,2024-04-23,Social Media
CUST10131,Shreya Reddy,Female,22.0,Mumbai,Maharashtra,2025-07-02,Organic Search
CUST10132,Deepak Tiwari,Male,33.0,Mumbai,Maharashtra,2023-06-06,Organic Search
CUST10133,Reyansh Mishra,Male,30.0,Bengaluru,Karnataka,2024-07-31,Organic Search
CUST10134,Kunal Desai,Male,56.0,Mumbai,Maharashtra,2025-06-05,Email
CUST10135,Varun Agarwal,Male,38.0,Bhopal,Madhya Pradesh,2024-10-07,Organic Search
CUST10136,Aman Agarwal,Male,18.0,Nashik,Maharashtra,2023-10-16,Organic Search
CUST10137,Meera Chatterjee,Female,33.0,Chennai,Tamil Nadu,2025-03-10,Organic Search
CUST10138,Pranav Mehta,Male,37.0,Kolkata,West Bengal,2025-01-24,Referral
CUST10139,Ishita Verma,Female,28.0,Surat,Gujarat,2024-04-02,Organic Search
CUST10140,Siddharth Verma,Male,22.0,Mumbai,Maharashtra,2023-03-13,Social Media
CUST10141,Aditi Verma,Female,40.0,Kolkata,West Bengal,2023-01-13,Organic Search
CUST10142,Ritu Mehta,Female,23.0,Noida,Uttar Pradesh,2025-05-21,Email
CUST10143,Simran Singh,Female,39.0,Delhi,Delhi,2024-02-19,Organic Search
CUST10144,Abhishek Verma,Male,23.0,Mumbai,Maharashtra,2023-07-17,Paid Search
CUST10145,Sneha Joshi,Female,28.0,Bengaluru,Karnataka,2024-09-02,Organic Search
CUST10146,Deepak Nair,Male,43.0,Pune,Maharashtra,2025-08-03,Social Media
CUST10147,Diya Saxena,Female,38.0,Nashik,Maharashtra,2023-01-14,Organic Search
CUST10148,Naveen Malhotra,Male,33.0,Hyderabad,Telangana,2023-03-27,
CUST10149,Pooja Tiwari,Female,33.0,Hyderabad,Telangana,2024-05-27,Paid Search
CUST10150,Kavya Verma,Female,34.0,Hyderabad,Telangana,2025-01-19,
CUST10151,Ritu Mehta,Female,25.0,Ludhiana,Punjab,2024-07-24,Referral
CUST10152,Payal Bansal,Female,18.0,Chennai,Tamil Nadu,2025-07-16,Direct
CUST10153,Arjun Desai,Male,39.0,Hyderabad,Telangana,2023-03-10,Paid Search
CUST10154,Meera Nair,Female,48.0,Delhi,Delhi,2024-03-09,Social Media
CUST10155,Gaurav Chauhan,Male,39.0,Delhi,Delhi,2024-03-21,Email
CUST10156,Vihaan Mukherjee,Male,36.0,Kochi,Kerala,2024-03-09,Organic Search
CUST10157,Ankit Mishra,Male,21.0,Kolkata,West Bengal,2024-08-04,Organic Search
CUST10158,Vikram Das,Male,42.0,Mumbai,Maharashtra,2025-04-24,Organic Search
CUST10159,Reyansh Joshi,Male,38.0,Chandigarh,Chandigarh,2024-02-15,Direct
CUST10160,Tanvi Rao,Female,41.0,Noida,Uttar Pradesh,2025-03-17,Email
CUST10161,Gaurav Gupta,Male,43.0,Bengaluru,Karnataka,2023-07-29,Organic Search
CUST10162,Neha Sharma,Female,49.0,Hyderabad,Telangana,2024-10-11,Email
CUST10163,Naveen Reddy,Male,22.0,Noida,Uttar Pradesh,2024-04-15,Social Media
CUST10164,Radhika Chauhan,Female,20.0,Mumbai,Maharashtra,2024-09-21,Paid Search
CUST10165,Reyansh Nair,Male,34.0,Hyderabad,Telangana,2023-06-08,Organic Search
CUST10166,Manish Chauhan,Male,24.0,Chennai,Tamil Nadu,2025-08-27,Social Media
CUST10167,Radhika Saxena,Female,22.0,Visakhapatnam,Andhra Pradesh,2025-07-23,Organic Search
CUST10168,Shreya Menon,Female,45.0,Ahmedabad,Gujarat,2025-05-22,Organic Search
CUST10169,Aadhya Chatterjee,Female,23.0,Hyderabad,Telangana,2025-07-12,Paid Search
CUST10170,Reyansh Chauhan,Male,33.0,Indore,Madhya Pradesh,2023-07-29,Organic Search
CUST10171,Sneha Das,Female,18.0,Ludhiana,Punjab,2024-08-19,Social Media
CUST10172,Riya Yadav,Female,34.0,Mumbai,Maharashtra,2024-02-15,Organic Search
CUST10173,Payal Chopra,Female,45.0,Delhi,Delhi,2025-07-08,Referral
CUST10174,Yash Iyer,Male,45.0,Lucknow,Uttar Pradesh,2023-09-21,Paid Search
CUST10175,Abhishek Kapoor,Male,43.0,Hyderabad,Telangana,2023-10-27,Paid Search
CUST10176,Aditya Sharma,Male,32.0,Lucknow,Uttar Pradesh,2025-01-28,Organic Search
CUST10177,Payal Mukherjee,Female,44.0,Delhi,Delhi,2023-05-13,Organic Search
CUST10178,Abhishek Gupta,Male,37.0,Vadodara,Gujarat,2025-03-07,Organic Search
CUST10179,Ankit Das,Male,29.0,Hyderabad,Telangana,2023-12-22,Paid Search
CUST10180,Ishita Yadav,Female,37.0,Hyderabad,Telangana,2025-01-07,Organic Search
CUST10181,Diya Kumar,Female,42.0,Delhi,Delhi,2025-06-27,Paid Search
CUST10182,Aditi Iyer,Female,20.0,Bengaluru,Karnataka,2024-11-23,Social Media
CUST10183,Preeti Das,Female,22.0,Jaipur,Rajasthan,2023-10-19,Referral
CUST10184,Gaurav Shah,Male,32.0,Jaipur,Rajasthan,2023-03-17,Paid Search
CUST10185,Saanvi Sharma,Female,21.0,Ghaziabad,Uttar Pradesh,2023-03-10,Paid Search
CUST10186,Aarav Sharma,Male,21.0,Surat,Gujarat,2023-05-13,Direct
CUST10187,Abhishek Mehta,Male,29.0,Chennai,Tamil Nadu,2024-10-28,Paid Search
CUST10188,Naveen Rao,Male,43.0,Vadodara,Gujarat,2024-03-18,Organic Search
CUST10189,Sanjay Chatterjee,Male,43.0,Mumbai,Maharashtra,2023-11-23,Organic Search
CUST10190,Preeti Chauhan,Female,36.0,Nagpur,Maharashtra,2023-10-26,Organic Search
CUST10191,Saanvi Menon,Female,35.0,Pune,Maharashtra,2025-08-24,Social Media
CUST10192,Naveen Gupta,Male,54.0,Bengaluru,Karnataka,2023-06-23,Organic Search
CUST10193,Kunal Rao,Male,28.0,Lucknow,Uttar Pradesh,2024-02-01,Paid Search
CUST10194,Ankit Rao,Male,35.0,Kochi,Kerala,2024-07-20,Organic Search
CUST10195,Sanjay Joshi,Male,27.0,Hyderabad,Telangana,2023-01-01,Paid Search
CUST10196,Priya Kapoor,Female,20.0,Lucknow,Uttar Pradesh,2025-08-03,Social Media
CUST10197,Ishita Sharma,Female,45.0,Chennai,Tamil Nadu,2023-05-27,Organic Search
CUST10198,Suresh Das,Male,30.0,Ahmedabad,Gujarat,2025-01-25,Organic Search
CUST10199,Nikhil Mehta,Male,40.0,Hyderabad,Telangana,2024-12-10,Referral
CUST10200,Diya Agarwal,Female,31.0,Bengaluru,Karnataka,2025-05-08,Social Media
CUST10201,Neha Nair,Female,45.0,Bengaluru,Karnataka,2024-12-29,Direct
CUST10202,Juhi Mishra,Female,23.0,Visakhapatnam,Andhra Pradesh,2025-04-07,Organic Search
CUST10203,Aman Iyer,Male,45.0,Hyderabad,Telangana,2024-06-01,Social Media
CUST10204,Tanvi Nair,Female,,Pune,Maharashtra,2024-08-05,Organic Search
CUST10205,Vikram Kumar,Male,18.0,Bengaluru,Karnataka,2025-02-10,Paid Search
CUST10206,Juhi Patel,Female,28.0,Bengaluru,Karnataka,2024-10-18,Email
CUST10207,Karthik Malhotra,Male,43.0,Jaipur,Rajasthan,2024-08-26,Organic Search
CUST10208,Komal Joshi,Female,49.0,Jaipur,Rajasthan,2023-10-10,Paid Search
CUST10209,Yash Das,Male,40.0,Kolkata,West Bengal,2023-12-11,Organic Search
CUST10210,Shreya Singh,Female,29.0,Nagpur,Maharashtra,2024-03-29,Organic Search
CUST10211,Aman Singh,Male,23.0,Lucknow,Uttar Pradesh,2023-01-15,Social Media
CUST10212,Priya Chatterjee,Female,39.0,Delhi,Delhi,2024-05-28,Organic Search
CUST10213,Abhishek Tiwari,Male,29.0,Mumbai,Maharashtra,2023-01-05,Paid Search
CUST10214,Anita Menon,Female,29.0,Bengaluru,Karnataka,2024-10-14,Social Media
CUST10215,Aman Mishra,Male,31.0,Chennai,Tamil Nadu,2025-02-12,Paid Search
CUST10216,Anjali Saxena,Female,42.0,Delhi,Delhi,2024-10-12,Organic Search
CUST10217,Meera Singh,Female,51.0,Kolkata,West Bengal,2025-02-03,Organic Search
CUST10218,Siddharth Mishra,Male,43.0,Mumbai,Maharashtra,2023-01-01,Paid Search
CUST10219,Rahul Chopra,Male,33.0,Kolkata,West Bengal,2023-04-01,Direct
CUST10220,Tarun Gupta,Male,24.0,Hyderabad,Telangana,2025-02-07,Direct
CUST10221,Naveen Chopra,Male,40.0,Noida,Uttar Pradesh,2025-05-04,Paid Search
CUST10222,Nisha Banerjee,Female,50.0,Nashik,Maharashtra,2025-02-23,Paid Search
CUST10223,Suresh Kumar,Male,43.0,Noida,Uttar Pradesh,2025-01-08,Social Media
CUST10224,Pranav Mehta,Male,35.0,Lucknow,Uttar Pradesh,2025-02-15,Referral
CUST10225,Arjun Chopra,Male,28.0,Noida,Uttar Pradesh,2025-03-13,Social Media
CUST10226,Aditya Rao,Male,36.0,Delhi,Delhi,2025-03-01,Social Media
CUST10227,Ishaan Tiwari,Male,45.0,Pune,Maharashtra,2025-03-12,Organic Search
CUST10228,Priya Yadav,Female,35.0,Thane,Maharashtra,2023-04-22,Referral
CUST10229,Nikhil Das,Male,32.0,Kolkata,West Bengal,2023-04-07,Paid Search
CUST10230,Swati Desai,Female,26.0,Bengaluru,Karnataka,2024-03-31,Paid Search
CUST10231,Priya Mishra,Female,59.0,Lucknow,Uttar Pradesh,2024-09-10,Organic Search
CUST10232,Vivaan Rao,Male,24.0,Noida,Uttar Pradesh,2025-04-01,Organic Search
CUST10233,Pooja Yadav,Female,23.0,Pune,Maharashtra,2024-03-04,Paid Search
CUST10234,Shreya Chatterjee,Female,35.0,Bengaluru,Karnataka,2023-12-30,Direct
CUST10235,Ananya Pandey,Female,31.0,Mumbai,Maharashtra,2025-04-16,Social Media
CUST10236,Siddharth Verma,Male,43.0,Mumbai,Maharashtra,2023-12-01,Paid Search
CUST10237,Priya Chopra,Female,44.0,Visakhapatnam,Andhra Pradesh,2025-05-18,Organic Search
CUST10238,Aarav Yadav,Male,21.0,Kolkata,West Bengal,2023-09-05,Organic Search
CUST10239,Meera Desai,Female,25.0,Delhi,Delhi,2024-03-30,Social Media
CUST10240,Varun Reddy,Male,24.0,Agra,Uttar Pradesh,2024-05-11,Direct
CUST10241,Sanjay Kumar,Male,41.0,Chennai,Tamil Nadu,2024-01-26,Paid Search
CUST10242,Kiran Agarwal,Female,37.0,Patna,Bihar,2023-01-06,Organic Search
CUST10243,Arjun Singh,Male,29.0,Vadodara,Gujarat,2023-11-15,Paid Search
CUST10244,Vihaan Chauhan,Male,35.0,Indore,Madhya Pradesh,2024-03-07,Paid Search
CUST10245,Juhi Mukherjee,Female,22.0,Noida,Uttar Pradesh,2024-02-10,Email
CUST10246,Vikram Iyer,Male,26.0,Coimbatore,Tamil Nadu,2025-04-20,Paid Search
CUST10247,Sanjay Mehta,Male,20.0,Delhi,Delhi,2023-03-14,Direct
CUST10248,Gaurav Sharma,Male,34.0,Hyderabad,Telangana,2024-04-29,Social Media
CUST10249,Kiran Mishra,Female,34.0,Noida,Uttar Pradesh,2023-02-28,Organic Search
CUST10250,Simran Desai,Female,23.0,Lucknow,Uttar Pradesh,2025-08-10,Organic Search
CUST10251,Priya Chopra,Female,37.0,Chennai,Tamil Nadu,2025-04-23,Social Media
CUST10252,Aditi Saxena,Female,44.0,Nashik,Maharashtra,2025-09-17,Referral
CUST10253,Radhika Shah,Female,23.0,Lucknow,Uttar Pradesh,2025-07-26,Paid Search
CUST10254,Riya Verma,Female,30.0,Ahmedabad,Gujarat,2024-02-12,Referral
CUST10255,Aditi Banerjee,Female,38.0,Bengaluru,Karnataka,2025-02-02,Organic Search
CUST10256,Anita Menon,Female,33.0,Ludhiana,Punjab,2024-02-02,Organic Search
CUST10257,Swati Verma,Female,19.0,Ludhiana,Punjab,2025-07-09,Organic Search
CUST10258,Karthik Banerjee,Male,29.0,Chandigarh,Chandigarh,2024-05-21,Paid Search
CUST10259,Arjun Das,Male,28.0,Patna,Bihar,2024-04-16,Social Media
CUST10260,Suresh Singh,Male,31.0,Delhi,Delhi,2025-07-29,Direct
CUST10261,Kunal Malhotra,Male,32.0,Ahmedabad,Gujarat,2025-05-30,Paid Search
CUST10262,Ishita Nair,Female,49.0,Hyderabad,Telangana,2025-09-06,Paid Search
CUST10263,Payal Das,Female,31.0,Bengaluru,Karnataka,2023-04-11,Social Media
CUST10264,Ananya Kapoor,Female,,Patna,Bihar,2023-11-24,Social Media
CUST10265,Neha Nair,Female,34.0,Delhi,Delhi,2024-01-27,Organic Search
CUST10266,Diya Agarwal,Female,50.0,Kolkata,West Bengal,2024-06-04,Social Media
CUST10267,Neha Kapoor,Female,31.0,Nashik,Maharashtra,2024-07-21,Paid Search
CUST10268,Siddharth Verma,Male,29.0,Patna,Bihar,2024-01-17,Paid Search
CUST10269,Vihaan Kumar,Male,30.0,Bengaluru,Karnataka,2025-04-24,Direct
CUST10270,Aarav Verma,Male,39.0,Mumbai,Maharashtra,2023-10-31,Email
CUST10271,Aarav Pandey,Male,30.0,Chennai,Tamil Nadu,2025-02-06,Referral
CUST10272,Pranav Nair,Male,18.0,Jaipur,Rajasthan,2025-06-11,Referral
CUST10273,Aditya Mukherjee,Male,26.0,Agra,Uttar Pradesh,2024-11-18,Social Media
CUST10274,Ankit Mukherjee,Male,32.0,Pune,Maharashtra,2024-03-24,Organic Search
CUST10275,Siddharth Banerjee,Male,38.0,Bengaluru,Karnataka,2023-09-19,Paid Search
CUST10276,Ishita Iyer,Female,27.0,Nagpur,Maharashtra,2023-07-13,Email
CUST10277,Vihaan Nair,Male,30.0,Ahmedabad,Gujarat,2025-03-17,Organic Search
CUST10278,Saanvi Mehta,Female,33.0,Ghaziabad,Uttar Pradesh,2024-07-17,Direct
CUST10279,Krishna Mehta,Male,25.0,Mumbai,Maharashtra,2023-03-13,Organic Search
CUST10280,Aadhya Kapoor,Female,32.0,Chennai,Tamil Nadu,2025-09-19,Social Media
CUST10281,Neha Chopra,Female,38.0,Chennai,Tamil Nadu,2025-01-15,Organic Search
CUST10282,Kiran Mehta,Female,21.0,Jaipur,Rajasthan,2025-06-05,Email
CUST10283,Kavya Kumar,Female,36.0,Ahmedabad,Gujarat,2024-06-17,Social Media
CUST10284,Juhi Bansal,Female,22.0,Ahmedabad,Gujarat,2025-08-29,Paid Search
CUST10285,Nikhil Gupta,Male,22.0,Thane,Maharashtra,2023-10-03,Organic Search
CUST10286,Nikhil Das,Male,26.0,Delhi,Delhi,2023-09-15,Paid Search
CUST10287,Radhika Banerjee,Female,47.0,Bengaluru,Karnataka,2025-07-11,Paid Search
CUST10288,Vihaan Malhotra,Male,18.0,Mumbai,Maharashtra,2025-07-12,Organic Search
CUST10289,Manish Bansal,Male,28.0,Bengaluru,Karnataka,2024-08-15,Organic Search
CUST10290,Tanvi Mishra,Female,33.0,Kolkata,West Bengal,2023-07-02,Referral
CUST10291,Nikhil Reddy,Male,45.0,Delhi,Delhi,2024-02-01,Organic Search
CUST10292,Sunita Verma,Female,52.0,Mumbai,Maharashtra,2025-03-25,Organic Search
CUST10293,Rajesh Joshi,Male,29.0,Guwahati,Assam,2025-06-06,Organic Search
CUST10294,Yash Iyer,Male,38.0,Chennai,Tamil Nadu,2024-03-17,Social Media
CUST10295,Varun Chatterjee,Male,32.0,Ghaziabad,Uttar Pradesh,2023-04-04,Paid Search
CUST10296,Vikram Chauhan,Male,32.0,Thane,Maharashtra,2025-01-11,Organic Search
CUST10297,Sneha Nair,Female,36.0,Delhi,Delhi,2025-03-13,Organic Search
CUST10298,Meera Das,Female,18.0,Kolkata,West Bengal,2024-06-03,Organic Search
CUST10299,Vivaan Kumar,Male,33.0,Pune,Maharashtra,2024-10-31,Social Media
CUST10300,Sanjay Bansal,Male,38.0,Delhi,Delhi,2025-09-21,Referral
CUST10301,Diya Banerjee,Female,24.0,Delhi,Delhi,2023-11-26,Referral
CUST10302,Kunal Rao,Male,38.0,Bengaluru,Karnataka,2024-10-22,Social Media
CUST10303,Abhishek Chatterjee,Male,18.0,Bengaluru,Karnataka,2024-11-24,Paid Search
CUST10304,Suresh Mehta,Male,34.0,Bengaluru,Karnataka,2024-09-30,Organic Search
CUST10305,Juhi Das,Female,46.0,Bengaluru,Karnataka,2025-06-24,Email
CUST10306,Manish Shah,Male,31.0,Pune,Maharashtra,2024-11-19,Referral
CUST10307,Harsh Nair,Male,23.0,Bengaluru,Karnataka,2024-08-23,Direct
CUST10308,Radhika Gupta,Female,19.0,Visakhapatnam,Andhra Pradesh,2023-06-28,Direct
CUST10309,Tanvi Rao,Female,37.0,Mumbai,Maharashtra,2025-02-11,
CUST10310,Ananya Iyer,Female,42.0,Surat,Gujarat,2023-07-10,Organic Search
CUST10311,Pooja Bansal,Female,32.0,Visakhapatnam,Andhra Pradesh,2023-02-11,Direct
CUST10312,Tanvi Kapoor,Female,28.0,Chennai,Tamil Nadu,2024-08-05,Organic Search
CUST10313,Rekha Singh,Female,18.0,Hyderabad,Telangana,2024-10-21,Organic Search
CUST10314,Priya Desai,Female,34.0,Hyderabad,Telangana,2025-09-30,Referral
CUST10315,Suresh Chatterjee,Male,26.0,Hyderabad,Telangana,2025-02-19,Paid Search
CUST10316,Kunal Menon,Male,27.0,Delhi,Delhi,2025-06-08,Organic Search
CUST10317,Juhi Singh,Female,49.0,Jaipur,Rajasthan,2024-03-16,Paid Search
CUST10318,Komal Joshi,Female,18.0,Surat,Gujarat,2024-08-24,Email
CUST10319,Abhishek Patel,Male,18.0,Ahmedabad,Gujarat,2025-09-12,Organic Search
CUST10320,Saanvi Reddy,Female,35.0,Noida,Uttar Pradesh,2024-05-28,Paid Search
CUST10321,Anita Yadav,Female,29.0,Chandigarh,Chandigarh,2025-05-07,Organic Search
CUST10322,Harsh Verma,Male,28.0,Hyderabad,Telangana,2024-09-09,Paid Search
CUST10323,Meera Bansal,Female,36.0,Thane,Maharashtra,2023-11-01,Organic Search
CUST10324,Varun Iyer,Male,36.0,Delhi,Delhi,2024-10-28,Social Media
CUST10325,Divya Reddy,Female,23.0,Bhopal,Madhya Pradesh,2023-10-25,Organic Search
CUST10326,Neha Mukherjee,Female,27.0,Thane,Maharashtra,2023-01-05,Paid Search
CUST10327,Meera Mehta,Female,33.0,Ahmedabad,Gujarat,2023-11-15,Referral
CUST10328,Diya Chauhan,Female,35.0,Ahmedabad,Gujarat,2023-09-25,Organic Search
CUST10329,Preeti Verma,Female,38.0,Jaipur,Rajasthan,2024-04-11,Social Media
CUST10330,Nikhil Malhotra,Male,27.0,Bengaluru,Karnataka,2025-07-09,
CUST10331,Sunita Yadav,Female,36.0,Pune,Maharashtra,2024-04-28,Paid Search
CUST10332,Deepak Shah,Male,43.0,Coimbatore,Tamil Nadu,2025-06-06,Social Media
CUST10333,Anjali Bansal,Female,33.0,Chennai,Tamil Nadu,2024-10-06,Direct
CUST10334,Tanvi Chatterjee,Female,32.0,Delhi,Delhi,2023-01-13,Referral
CUST10335,Anjali Saxena,Female,31.0,Pune,Maharashtra,2023-09-20,Direct
CUST10336,Ishaan Iyer,Male,,Lucknow,Uttar Pradesh,2025-08-11,Organic Search
CUST10337,Kunal Rao,Male,24.0,Pune,Maharashtra,2024-11-18,Paid Search
CUST10338,Rajesh Pandey,Male,30.0,Mumbai,Maharashtra,2025-08-09,Referral
CUST10339,Tarun Kapoor,Male,38.0,Lucknow,Uttar Pradesh,2024-02-06,Referral
CUST10340,Vihaan Bansal,Male,24.0,Mumbai,Maharashtra,2025-02-22,Paid Search
CUST10341,Pranav Menon,Male,32.0,Chennai,Tamil Nadu,2025-04-09,Organic Search
CUST10342,Payal Banerjee,Female,31.0,Chennai,Tamil Nadu,2025-09-13,Social Media
CUST10343,Tarun Saxena,Male,51.0,Ludhiana,Punjab,2023-01-29,Email
CUST10344,Rekha Das,Female,40.0,Nashik,Maharashtra,2025-08-26,Social Media
CUST10345,Ankit Agarwal,Male,40.0,Visakhapatnam,Andhra Pradesh,2024-05-02,Organic Search
CUST10346,Kavya Saxena,Female,,Ghaziabad,Uttar Pradesh,2025-05-31,Organic Search
CUST10347,Nisha Chopra,Female,28.0,Bengaluru,Karnataka,2024-09-26,Direct
CUST10348,Aadhya Chopra,Female,47.0,Indore,Madhya Pradesh,2024-10-14,Paid Search
CUST10349,Riya Singh,Female,35.0,Bhopal,Madhya Pradesh,2024-03-30,
CUST10350,Preeti Shah,Female,33.0,Visakhapatnam,Andhra Pradesh,2025-05-24,Referral
CUST10351,Rohan Bansal,Male,21.0,Patna,Bihar,2023-12-17,Direct
CUST10352,Anjali Saxena,Female,29.0,Delhi,Delhi,2024-08-08,Paid Search
CUST10353,Sanjay Chatterjee,,18.0,Bengaluru,Karnataka,2024-10-10,Social Media
CUST10354,Swati Agarwal,Female,31.0,Patna,Bihar,2025-03-16,Social Media
CUST10355,Anita Sharma,Female,27.0,Delhi,Delhi,2024-07-20,Organic Search
CUST10356,Reyansh Singh,Male,29.0,Delhi,Delhi,2025-01-23,Paid Search
CUST10357,Sunita Gupta,Female,19.0,Kochi,Kerala,2024-08-02,Paid Search
CUST10358,Yash Singh,Male,40.0,Noida,Uttar Pradesh,2025-01-05,Organic Search
CUST10359,Rekha Verma,Female,39.0,Hyderabad,Telangana,2025-01-18,Paid Search
CUST10360,Juhi Sharma,Female,50.0,Mumbai,Maharashtra,2025-02-17,Paid Search
CUST10361,Suresh Malhotra,Male,50.0,Ahmedabad,Gujarat,2025-05-20,Email
CUST10362,Kiran Chatterjee,Female,35.0,Mumbai,Maharashtra,2024-09-22,Referral
CUST10363,Pranav Das,Male,43.0,Delhi,Delhi,2023-09-25,Social Media
CUST10364,Aadhya Nair,Female,36.0,Bengaluru,Karnataka,2025-01-23,Referral
CUST10365,Anita Menon,Female,29.0,Ludhiana,Punjab,2023-04-26,Organic Search
CUST10366,Rahul Kumar,Male,30.0,Ahmedabad,Gujarat,2023-10-26,Social Media
CUST10367,Krishna Kapoor,Male,39.0,Mumbai,Maharashtra,2025-04-25,Organic Search
CUST10368,Yash Kumar,Male,65.0,Lucknow,Uttar Pradesh,2024-06-14,Paid Search
CUST10369,Riya Pandey,Female,45.0,Mumbai,Maharashtra,2024-08-14,Social Media
CUST10370,Anjali Reddy,Female,35.0,Coimbatore,Tamil Nadu,2025-09-21,Direct
CUST10371,Vikram Mehta,Male,38.0,Bengaluru,Karnataka,2023-11-14,Paid Search
CUST10372,Naveen Patel,Male,38.0,Bengaluru,Karnataka,2023-01-31,Social Media
CUST10373,Deepak Singh,Male,32.0,Ahmedabad,Gujarat,2023-06-13,Organic Search
CUST10374,Pranav Mehta,Male,41.0,Delhi,Delhi,2023-11-25,Social Media
CUST10375,Harsh Saxena,Male,31.0,Mumbai,Maharashtra,2025-03-02,Organic Search
CUST10376,Sunita Sharma,Female,23.0,Chandigarh,Chandigarh,2025-04-12,Paid Search
CUST10377,Rahul Banerjee,Male,38.0,Nashik,Maharashtra,2024-10-15,
CUST10378,Ishita Nair,Female,39.0,Chandigarh,Chandigarh,2023-12-07,Organic Search
CUST10379,Vikram Bansal,Male,32.0,Kanpur,Uttar Pradesh,2024-09-05,Email
CUST10380,Kavya Desai,Female,36.0,Mumbai,Maharashtra,2023-01-24,Social Media
CUST10381,Suresh Sharma,Male,43.0,Noida,Uttar Pradesh,2025-01-24,Referral
CUST10382,Siddharth Gupta,Male,32.0,Indore,Madhya Pradesh,2024-11-27,Direct
CUST10383,Kunal Kapoor,Male,29.0,Chennai,Tamil Nadu,2023-02-04,Paid Search
CUST10384,Anita Malhotra,Female,26.0,Thane,Maharashtra,2025-05-15,Email
CUST10385,Radhika Kapoor,Female,30.0,Pune,Maharashtra,2025-04-02,Organic Search
CUST10386,Rohan Kapoor,Male,48.0,Kanpur,Uttar Pradesh,2024-02-04,Paid Search
CUST10387,Ritu Chauhan,Female,31.0,Ghaziabad,Uttar Pradesh,2024-12-16,Referral
CUST10388,Kiran Iyer,Female,37.0,Gurugram,Haryana,2024-11-16,Direct
CUST10389,Manish Rao,Male,30.0,Patna,Bihar,2023-07-24,Paid Search
CUST10390,Riya Yadav,Female,29.0,Coimbatore,Tamil Nadu,2023-09-25,Referral
CUST10391,Abhishek Nair,Male,24.0,Pune,Maharashtra,2025-01-26,Email
CUST10392,Anita Tiwari,Female,34.0,Hyderabad,Telangana,2025-08-12,Organic Search
CUST10393,Anjali Chopra,Female,28.0,Kanpur,Uttar Pradesh,2024-10-25,Social Media
CUST10394,Kunal Chopra,Male,46.0,Pune,Maharashtra,2024-10-17,Paid Search
CUST10395,Kiran Mishra,Female,32.0,Mumbai,Maharashtra,2024-12-25,Organic Search
CUST10396,Aman Agarwal,Male,33.0,Jaipur,Rajasthan,2024-06-20,Social Media
CUST10397,Priya Verma,Female,31.0,Chennai,Tamil Nadu,2023-03-24,Direct
CUST10398,Preeti Chatterjee,Female,37.0,Ahmedabad,Gujarat,2024-05-07,Email
CUST10399,Swati Iyer,Female,48.0,Indore,Madhya Pradesh,2025-07-18,Organic Search
CUST10400,Gaurav Menon,Male,23.0,Rajkot,Gujarat,2025-05-05,Organic Search
CUST10401,Nikhil Reddy,Male,36.0,Delhi,Delhi,2025-08-08,Organic Search
CUST10402,Riya Shah,Female,18.0,Patna,Bihar,2023-08-06,Organic Search
CUST10403,Rekha Das,Female,45.0,Delhi,Delhi,2024-08-21,Organic Search
CUST10404,Tanvi Agarwal,Female,32.0,Jaipur,Rajasthan,2024-11-01,Social Media
CUST10405,Ishaan Patel,Male,18.0,Ludhiana,Punjab,2023-10-15,Social Media
CUST10406,Kavya Reddy,Female,20.0,Chandigarh,Chandigarh,2023-10-05,Social Media
CUST10407,Payal Kapoor,Female,41.0,Hyderabad,Telangana,2025-04-17,Social Media
CUST10408,Neha Malhotra,Female,18.0,Ghaziabad,Uttar Pradesh,2025-01-16,Organic Search
CUST10409,Krishna Gupta,Male,36.0,Rajkot,Gujarat,2024-12-26,Direct
CUST10410,Siddharth Gupta,Male,29.0,Delhi,Delhi,2023-12-21,Direct
CUST10411,Kunal Banerjee,Male,31.0,Ahmedabad,Gujarat,2024-08-22,Organic Search
CUST10412,Rekha Chauhan,Female,26.0,Visakhapatnam,Andhra Pradesh,2023-02-06,Organic Search
CUST10413,Simran Shah,Female,23.0,Mumbai,Maharashtra,2023-07-07,Referral
CUST10414,Anjali Saxena,Female,28.0,Surat,Gujarat,2024-09-02,Social Media
CUST10415,Gaurav Saxena,Male,39.0,Chennai,Tamil Nadu,2024-02-06,Direct
CUST10416,Sunita Desai,Female,30.0,Kolkata,West Bengal,2025-09-05,Organic Search
CUST10417,Anita Tiwari,Female,37.0,Chennai,Tamil Nadu,2024-07-20,Email
CUST10418,Nikhil Iyer,Male,31.0,Delhi,Delhi,2023-05-05,Paid Search
CUST10419,Manish Mukherjee,Male,39.0,Hyderabad,Telangana,2023-01-29,Social Media
CUST10420,Krishna Chopra,Male,37.0,Nashik,Maharashtra,2025-03-02,Organic Search
CUST10421,Anjali Gupta,Female,28.0,Surat,Gujarat,2023-08-29,Social Media
CUST10422,Rahul Bansal,Male,23.0,Kolkata,West Bengal,2023-09-19,Paid Search
CUST10423,Varun Tiwari,Male,43.0,Indore,Madhya Pradesh,2024-06-03,
CUST10424,Radhika Joshi,Female,25.0,Delhi,Delhi,2023-12-17,Referral
CUST10425,Sunita Shah,Female,38.0,Mumbai,Maharashtra,2024-11-29,Organic Search
CUST10426,Radhika Singh,Female,33.0,Pune,Maharashtra,2024-08-02,Organic Search
CUST10427,Tanvi Shah,Female,28.0,Mumbai,Maharashtra,2023-06-13,Organic Search
CUST10428,Juhi Shah,Female,37.0,Delhi,Delhi,2025-04-19,Social Media
CUST10429,Simran Chauhan,Female,47.0,Indore,Madhya Pradesh,2024-06-05,Organic Search
CUST10430,Simran Kumar,Female,39.0,Coimbatore,Tamil Nadu,2024-11-24,Direct
CUST10431,Abhishek Saxena,Male,34.0,Bengaluru,Karnataka,2023-01-07,Email
CUST10432,Nisha Bansal,Female,49.0,Ahmedabad,Gujarat,2024-12-08,Direct
CUST10433,Divya Chopra,Female,18.0,Kanpur,Uttar Pradesh,2024-01-07,Organic Search
CUST10434,Tanvi Desai,Female,22.0,Vadodara,Gujarat,2024-08-10,Social Media
CUST10435,Rohan Verma,Male,28.0,Bengaluru,Karnataka,2024-01-24,Referral
CUST10436,Suresh Chopra,Male,47.0,Ghaziabad,Uttar Pradesh,2025-09-28,Direct
CUST10437,Kunal Iyer,Male,42.0,Noida,Uttar Pradesh,2023-11-09,Social Media
CUST10438,Varun Singh,Male,18.0,Mumbai,Maharashtra,2025-07-28,Direct
CUST10439,Harsh Yadav,Male,29.0,Bengaluru,Karnataka,2025-08-01,Organic Search
CUST10440,Rohan Nair,Male,20.0,Indore,Madhya Pradesh,2024-05-31,Organic Search
CUST10441,Kunal Desai,Male,33.0,Mumbai,Maharashtra,2024-01-31,Paid Search
CUST10442,Kiran Kumar,Female,42.0,Bengaluru,Karnataka,2024-04-21,Organic Search
CUST10443,Preeti Singh,Female,43.0,Ludhiana,Punjab,2025-09-23,Direct
CUST10444,Divya Chatterjee,Female,36.0,Kanpur,Uttar Pradesh,2024-12-01,Organic Search
CUST10445,Ankit Verma,Male,29.0,Lucknow,Uttar Pradesh,2024-09-26,Organic Search
CUST10446,Aarav Desai,Male,32.0,Surat,Gujarat,2023-02-25,Paid Search
CUST10447,Aman Gupta,Male,40.0,Kolkata,West Bengal,2025-06-08,Social Media
CUST10448,Ritu Mukherjee,Female,56.0,Visakhapatnam,Andhra Pradesh,2023-05-06,Organic Search
CUST10449,Deepak Nair,Male,21.0,Nashik,Maharashtra,2023-03-14,Referral
CUST10450,Riya Rao,Female,49.0,Patna,Bihar,2023-12-29,Direct
CUST10451,Pranav Bansal,Male,35.0,Kolkata,West Bengal,2024-07-24,Paid Search
CUST10452,Yash Banerjee,Male,41.0,Visakhapatnam,Andhra Pradesh,2025-07-14,
CUST10453,Naveen Patel,Male,35.0,Bhopal,Madhya Pradesh,2025-04-23,Organic Search
CUST10454,Rajesh Iyer,Male,47.0,Chennai,Tamil Nadu,2023-10-01,Organic Search
CUST10455,Reyansh Iyer,Male,36.0,Hyderabad,Telangana,2024-04-12,Organic Search
CUST10456,Swati Mukherjee,Female,27.0,Chennai,Tamil Nadu,2025-04-15,Paid Search
CUST10457,Naveen Kapoor,Male,38.0,Kolkata,West Bengal,2024-09-10,Paid Search
CUST10458,Vikram Rao,Male,44.0,Delhi,Delhi,2023-09-02,Organic Search
CUST10459,Kunal Rao,Male,33.0,Bengaluru,Karnataka,2024-05-06,Referral
CUST10460,Aadhya Bansal,Female,18.0,Mumbai,Maharashtra,2024-12-07,
CUST10461,Simran Patel,Female,32.0,Mumbai,Maharashtra,2025-09-11,Social Media
CUST10462,Tanvi Kapoor,Female,34.0,Pune,Maharashtra,2025-01-07,Social Media
CUST10463,Vikram Saxena,Male,33.0,Nagpur,Maharashtra,2023-01-26,Referral
CUST10464,Payal Bansal,Female,28.0,Surat,Gujarat,2025-02-13,Social Media
CUST10465,Nikhil Reddy,Male,46.0,Indore,Madhya Pradesh,2023-12-02,Organic Search
CUST10466,Ishita Verma,Female,18.0,Ahmedabad,Gujarat,2025-06-19,Paid Search
CUST10467,Priya Reddy,Female,34.0,Patna,Bihar,2024-04-24,Paid Search
CUST10468,Karthik Sharma,Male,34.0,Thane,Maharashtra,2023-10-03,Organic Search
CUST10469,Karthik Joshi,Male,54.0,Indore,Madhya Pradesh,2024-07-16,Direct
CUST10470,Kiran Chatterjee,Female,33.0,Visakhapatnam,Andhra Pradesh,2023-12-07,Organic Search
CUST10471,Naveen Desai,Male,37.0,Bengaluru,Karnataka,2023-11-15,Email
CUST10472,Nikhil Bansal,Male,34.0,Pune,Maharashtra,2024-10-22,Direct
CUST10473,Pranav Shah,Male,34.0,Visakhapatnam,Andhra Pradesh,2025-04-05,Organic Search
CUST10474,Naveen Iyer,Male,51.0,Mumbai,Maharashtra,2025-05-29,Paid Search
CUST10475,Aditi Chatterjee,Female,22.0,Bengaluru,Karnataka,2024-05-08,Organic Search
CUST10476,Suresh Bansal,Male,26.0,Kolkata,West Bengal,2023-04-12,Referral
CUST10477,Anjali Chatterjee,Female,41.0,Chennai,Tamil Nadu,2024-07-31,Email
CUST10478,Aman Shah,Male,36.0,Chandigarh,Chandigarh,2024-06-13,Direct
CUST10479,Tarun Pandey,Male,30.0,Bhopal,Madhya Pradesh,2023-09-30,Organic Search
CUST10480,Aditya Verma,Male,32.0,Mumbai,Maharashtra,2025-07-15,Email
CUST10481,Preeti Kapoor,Female,42.0,Chennai,Tamil Nadu,2025-09-12,Social Media
CUST10482,Ankit Rao,Male,38.0,Bhopal,Madhya Pradesh,2023-03-21,Paid Search
CUST10483,Anita Banerjee,Female,26.0,Lucknow,Uttar Pradesh,2025-04-28,Direct
CUST10484,Ananya Saxena,Female,35.0,Pune,Maharashtra,2024-12-25,Referral
CUST10485,Tanvi Joshi,Female,33.0,Mumbai,Maharashtra,2023-12-14,Social Media
CUST10486,Vihaan Malhotra,Male,38.0,Chandigarh,Chandigarh,2024-12-15,Organic Search
CUST10487,Ishaan Kapoor,Male,30.0,Chennai,Tamil Nadu,2023-07-06,Organic Search
CUST10488,Kavya Chopra,Female,21.0,Delhi,Delhi,2023-04-15,Organic Search
CUST10489,Meera Chatterjee,Female,40.0,Mumbai,Maharashtra,2025-09-26,Organic Search
CUST10490,Tanvi Sharma,Female,38.0,Patna,Bihar,2024-12-17,Email
CUST10491,Aditi Pandey,Female,47.0,Surat,Gujarat,2023-12-05,Organic Search
CUST10492,Abhishek Das,Male,20.0,Bengaluru,Karnataka,2024-06-29,Organic Search
CUST10493,Ananya Mishra,Female,32.0,Pune,Maharashtra,2025-08-25,Organic Search
CUST10494,Swati Agarwal,Female,31.0,Gurugram,Haryana,2024-06-18,Organic Search
CUST10495,Priya Agarwal,Female,29.0,Kolkata,West Bengal,2025-07-18,Paid Search
CUST10496,Aadhya Kapoor,Female,18.0,Ahmedabad,Gujarat,2025-06-24,Organic Search
CUST10497,Ankit Tiwari,Male,22.0,Hyderabad,Telangana,2024-03-14,Social Media
CUST10498,Juhi Bansal,Female,36.0,Delhi,Delhi,2025-02-05,Organic Search
CUST10499,Simran Chatterjee,Female,28.0,Chandigarh,Chandigarh,2025-01-06,Organic Search
CUST10500,Deepak Reddy,Male,25.0,Delhi,Delhi,2025-04-08,Paid Search
CUST10501,Ritu Iyer,Female,47.0,Mumbai,Maharashtra,2024-04-05,Paid Search
CUST10502,Yash Patel,Male,57.0,Delhi,Delhi,2023-03-22,Organic Search
CUST10503,Aditya Mehta,Male,32.0,Delhi,Delhi,2023-08-29,Direct
CUST10504,Meera Kumar,Female,18.0,Chennai,Tamil Nadu,2024-11-29,Organic Search
CUST10505,Vikram Verma,Male,37.0,Chandigarh,Chandigarh,2025-04-11,Direct
CUST10506,Ritu Iyer,Female,18.0,Delhi,Delhi,2025-03-27,Direct
CUST10507,Kunal Agarwal,Male,19.0,Delhi,Delhi,2024-10-31,Direct
CUST10508,Aditi Gupta,Female,37.0,Chennai,Tamil Nadu,2023-05-07,Referral
CUST10509,Kiran Kapoor,Female,19.0,Coimbatore,Tamil Nadu,2023-01-28,Referral
CUST10510,Riya Saxena,Female,30.0,Gurugram,Haryana,2025-04-17,Organic Search
CUST10511,Naveen Chatterjee,Male,18.0,Noida,Uttar Pradesh,2024-09-30,Organic Search
CUST10512,Radhika Reddy,Female,34.0,Delhi,Delhi,2025-04-17,Social Media
CUST10513,Abhishek Desai,Male,44.0,Indore,Madhya Pradesh,2023-08-18,Paid Search
CUST10514,Ananya Malhotra,Female,27.0,Lucknow,Uttar Pradesh,2024-05-18,Social Media
CUST10515,Kunal Reddy,Male,33.0,Mumbai,Maharashtra,2025-08-02,Organic Search
CUST10516,Rajesh Iyer,Male,25.0,Kanpur,Uttar Pradesh,2023-08-30,Organic Search
CUST10517,Tanvi Tiwari,Female,26.0,Nagpur,Maharashtra,2023-04-04,Social Media
CUST10518,Nikhil Mukherjee,Male,25.0,Lucknow,Uttar Pradesh,2024-12-31,Social Media
CUST10519,Aditya Saxena,Male,41.0,Bengaluru,Karnataka,2024-11-10,Paid Search
CUST10520,Rajesh Mukherjee,Male,19.0,Hyderabad,Telangana,2025-08-26,Organic Search
CUST10521,Aman Kumar,Male,30.0,Pune,Maharashtra,2025-07-23,Referral
CUST10522,Riya Bansal,Female,37.0,Delhi,Delhi,2025-03-21,Referral
CUST10523,Neha Chauhan,Female,42.0,Delhi,Delhi,2023-01-31,Organic Search
CUST10524,Tarun Sharma,Male,37.0,Nagpur,Maharashtra,2024-07-28,Email
CUST10525,Preeti Mehta,Female,32.0,Delhi,Delhi,2025-07-15,Organic Search
CUST10526,Kiran Chatterjee,Female,27.0,Mumbai,Maharashtra,2024-06-13,Paid Search
CUST10527,Sneha Mishra,Female,42.0,Delhi,Delhi,2025-09-03,Paid Search
CUST10528,Riya Pandey,Female,24.0,Mumbai,Maharashtra,2024-12-30,
CUST10529,Naveen Kapoor,Male,24.0,Bengaluru,Karnataka,2023-06-10,Paid Search
CUST10530,Ankit Agarwal,Male,47.0,Bhopal,Madhya Pradesh,2024-08-24,Paid Search
CUST10531,Swati Kumar,Female,37.0,Patna,Bihar,2025-02-05,Social Media
CUST10532,Anjali Joshi,Female,37.0,Mumbai,Maharashtra,2023-04-10,Organic Search
CUST10533,Shreya Bansal,Female,39.0,Pune,Maharashtra,2024-03-14,Social Media
CUST10534,Abhishek Mehta,Male,32.0,Mumbai,Maharashtra,2025-02-23,Paid Search
CUST10535,Preeti Singh,Female,19.0,Delhi,Delhi,2023-08-11,Direct
CUST10536,Abhishek Joshi,Male,36.0,Patna,Bihar,2024-03-18,Social Media
CUST10537,Radhika Mishra,Female,33.0,Noida,Uttar Pradesh,2025-01-31,Referral
CUST10538,Aarav Saxena,Male,24.0,Bengaluru,Karnataka,2025-04-12,Paid Search
CUST10539,Tanvi Menon,Female,22.0,Visakhapatnam,Andhra Pradesh,2024-09-02,Organic Search
CUST10540,Meera Banerjee,Female,33.0,Hyderabad,Telangana,2025-08-30,Organic Search
CUST10541,Vikram Desai,Male,19.0,Patna,Bihar,2025-08-06,Referral
CUST10542,Ishita Verma,Female,32.0,Pune,Maharashtra,2024-07-21,Social Media
CUST10543,Diya Das,Female,30.0,Pune,Maharashtra,2023-08-15,Referral
CUST10544,Vikram Desai,Male,32.0,Vadodara,Gujarat,2025-04-10,Social Media
CUST10545,Ishaan Singh,Male,37.0,Nagpur,Maharashtra,2023-11-23,Organic Search
CUST10546,Neha Yadav,Female,39.0,Noida,Uttar Pradesh,2025-06-04,Paid Search
CUST10547,Manish Das,Male,26.0,Ahmedabad,Gujarat,2024-11-03,Organic Search
CUST10548,Vihaan Pandey,Male,42.0,Noida,Uttar Pradesh,2024-05-04,Paid Search
CUST10549,Kavya Das,Female,31.0,Ghaziabad,Uttar Pradesh,2024-10-07,Social Media
CUST10550,Tanvi Rao,Female,51.0,Kolkata,West Bengal,2024-09-15,Social Media
CUST10551,Shreya Iyer,Female,27.0,Kolkata,West Bengal,2025-08-06,Social Media
CUST10552,Neha Tiwari,Female,18.0,Coimbatore,Tamil Nadu,2023-10-21,Organic Search
CUST10553,Ankit Chatterjee,Male,41.0,Jaipur,Rajasthan,2025-08-08,Paid Search
CUST10554,Rekha Mukherjee,Female,37.0,Hyderabad,Telangana,2023-02-18,Organic Search
CUST10555,Abhishek Agarwal,Male,45.0,Mumbai,Maharashtra,2025-04-07,Paid Search
CUST10556,Karthik Yadav,Male,36.0,Hyderabad,Telangana,2025-08-02,Organic Search
CUST10557,Divya Mishra,Female,56.0,Bengaluru,Karnataka,2024-05-04,Organic Search
CUST10558,Ananya Malhotra,Female,31.0,Delhi,Delhi,2023-04-21,Direct
CUST10559,Rajesh Reddy,Male,43.0,Kanpur,Uttar Pradesh,2025-05-05,Organic Search
CUST10560,Rekha Kumar,Female,28.0,Ahmedabad,Gujarat,2025-06-04,Social Media
CUST10561,Aadhya Chatterjee,Female,38.0,Mumbai,Maharashtra,2024-03-05,Social Media
CUST10562,Yash Gupta,Male,40.0,Hyderabad,Telangana,2024-09-02,Social Media
CUST10563,Ishaan Mishra,Male,41.0,Delhi,Delhi,2025-05-09,Social Media
CUST10564,Manish Saxena,Male,41.0,Jaipur,Rajasthan,2023-09-24,Social Media
CUST10565,Riya Mukherjee,Female,18.0,Chennai,Tamil Nadu,2024-12-10,Referral
CUST10566,Aman Verma,Male,32.0,Gurugram,Haryana,2024-06-10,Organic Search
CUST10567,Naveen Reddy,Male,27.0,Surat,Gujarat,2023-09-02,Organic Search
CUST10568,Aditya Iyer,Male,29.0,Bhopal,Madhya Pradesh,2025-05-26,Social Media
CUST10569,Kiran Iyer,Female,30.0,Hyderabad,Telangana,2024-02-22,Paid Search
CUST10570,Karthik Chopra,Male,43.0,Bhopal,Madhya Pradesh,2025-08-13,Organic Search
CUST10571,Ankit Saxena,Male,35.0,Thane,Maharashtra,2024-10-18,Paid Search
CUST10572,Vihaan Sharma,Male,28.0,Kochi,Kerala,2024-08-29,Social Media
CUST10573,Yash Tiwari,Male,18.0,Lucknow,Uttar Pradesh,2024-06-03,Referral
CUST10574,Rajesh Mishra,Male,48.0,Chandigarh,Chandigarh,2024-05-11,Organic Search
CUST10575,Rekha Chauhan,Female,27.0,Nashik,Maharashtra,2025-05-15,Organic Search
CUST10576,Shreya Chatterjee,Female,32.0,Chandigarh,Chandigarh,2025-01-21,Organic Search
CUST10577,Vikram Iyer,Male,54.0,Pune,Maharashtra,2025-04-10,Direct
CUST10578,Anjali Banerjee,Female,27.0,Bengaluru,Karnataka,2024-05-31,Organic Search
CUST10579,Rajesh Kapoor,Male,30.0,Jaipur,Rajasthan,2023-12-14,Organic Search
CUST10580,Ananya Mehta,Female,35.0,Chandigarh,Chandigarh,2023-05-10,Paid Search
CUST10581,Ishaan Menon,Male,18.0,Noida,Uttar Pradesh,2025-04-13,Organic Search
CUST10582,Nisha Tiwari,Female,18.0,Gurugram,Haryana,2024-05-26,Social Media
CUST10583,Simran Gupta,Female,28.0,Chennai,Tamil Nadu,2024-08-24,Organic Search
CUST10584,Swati Shah,Female,29.0,Vadodara,Gujarat,2024-07-18,Paid Search
CUST10585,Ankit Verma,Male,34.0,Kolkata,West Bengal,2024-06-10,Organic Search
CUST10586,Sneha Joshi,Female,23.0,Nagpur,Maharashtra,2025-01-26,Social Media
CUST10587,Riya Mukherjee,Female,37.0,Chennai,Tamil Nadu,2024-11-22,Organic Search
CUST10588,Divya Verma,Female,18.0,Hyderabad,Telangana,2025-09-10,Organic Search
CUST10589,Aman Chatterjee,Male,32.0,Chennai,Tamil Nadu,2023-07-19,Referral
CUST10590,Nikhil Patel,Male,37.0,Hyderabad,Telangana,2024-10-22,Direct
CUST10591,Kunal Kapoor,Male,36.0,Chennai,Tamil Nadu,2023-04-07,
CUST10592,Harsh Yadav,Male,31.0,Kanpur,Uttar Pradesh,2025-05-07,Social Media
CUST10593,Varun Singh,Male,26.0,Delhi,Delhi,2024-11-29,Social Media
CUST10594,Anjali Agarwal,Female,31.0,Kanpur,Uttar Pradesh,2024-06-08,Email
CUST10595,Rahul Chatterjee,Male,45.0,Mumbai,Maharashtra,2025-05-03,Paid Search
CUST10596,Siddharth Mukherjee,Male,27.0,Mumbai,Maharashtra,2024-07-04,Social Media
CUST10597,Aarav Chatterjee,Male,43.0,Bengaluru,Karnataka,2023-11-05,Email
CUST10598,Nisha Chopra,Female,44.0,Delhi,Delhi,2024-07-21,Social Media
CUST10599,Rekha Chopra,Female,18.0,Ghaziabad,Uttar Pradesh,2023-04-17,Paid Search
CUST10600,Diya Joshi,Female,32.0,Bhopal,Madhya Pradesh,2025-07-16,Organic Search
CUST10601,Nisha Shah,Female,23.0,Lucknow,Uttar Pradesh,2025-03-06,Referral
CUST10602,Anjali Iyer,Female,18.0,Indore,Madhya Pradesh,2025-03-30,Paid Search
CUST10603,Vivaan Yadav,Male,41.0,Lucknow,Uttar Pradesh,2025-06-28,Social Media
CUST10604,Anita Rao,Female,38.0,Ghaziabad,Uttar Pradesh,2025-04-24,
CUST10605,Abhishek Mishra,Male,36.0,Pune,Maharashtra,2024-06-11,Social Media
CUST10606,Ishita Reddy,Female,22.0,Mumbai,Maharashtra,2023-06-22,Paid Search
CUST10607,Abhishek Das,Male,35.0,Nashik,Maharashtra,2024-04-13,Paid Search
CUST10608,Divya Desai,Female,20.0,Kolkata,West Bengal,2025-08-13,Organic Search
CUST10609,Harsh Patel,Male,34.0,Gurugram,Haryana,2025-08-24,Referral
CUST10610,Ishaan Banerjee,Male,26.0,Coimbatore,Tamil Nadu,2025-04-05,Organic Search
CUST10611,Kavya Mehta,Female,44.0,Ahmedabad,Gujarat,2023-10-09,Direct
CUST10612,Arjun Mehta,Male,29.0,Gurugram,Haryana,2023-09-27,Direct
CUST10613,Nikhil Banerjee,Male,35.0,Mumbai,Maharashtra,2025-07-03,
CUST10614,Anita Reddy,Female,35.0,Lucknow,Uttar Pradesh,2023-07-23,Organic Search
CUST10615,Payal Joshi,Female,32.0,Kanpur,Uttar Pradesh,2024-11-01,Organic Search
CUST10616,Ananya Chopra,Female,34.0,Ludhiana,Punjab,2024-04-18,Social Media
CUST10617,Rajesh Chopra,Male,36.0,Kolkata,West Bengal,2024-01-28,Organic Search
CUST10618,Nikhil Shah,Male,24.0,Bengaluru,Karnataka,2025-01-21,Direct
CUST10619,Harsh Nair,Male,37.0,Mumbai,Maharashtra,2025-09-01,Social Media
CUST10620,Riya Saxena,Female,42.0,Chennai,Tamil Nadu,2025-04-13,Referral
CUST10621,Anita Mishra,Female,37.0,Chennai,Tamil Nadu,2024-08-03,Direct
CUST10622,Aman Mishra,Male,29.0,Hyderabad,Telangana,2024-06-20,Direct
CUST10623,Tarun Desai,Male,35.0,Lucknow,Uttar Pradesh,2025-07-24,Organic Search
CUST10624,Karthik Das,Male,29.0,Pune,Maharashtra,2024-10-26,Direct
CUST10625,Nikhil Mukherjee,Male,32.0,Delhi,Delhi,2024-08-12,Organic Search
CUST10626,Karthik Chopra,Male,21.0,Mumbai,Maharashtra,2025-01-25,Email
CUST10627,Ankit Verma,Male,47.0,Coimbatore,Tamil Nadu,2023-11-16,Email
CUST10628,Deepak Kumar,Male,52.0,Thane,Maharashtra,2023-04-07,Organic Search
CUST10629,Abhishek Reddy,Male,26.0,Chennai,Tamil Nadu,2025-06-14,Paid Search
CUST10630,Deepak Kapoor,Male,41.0,Kolkata,West Bengal,2024-11-21,Social Media
CUST10631,Ritu Mehta,Female,48.0,Delhi,Delhi,2023-08-21,Paid Search
CUST10632,Preeti Kumar,Female,23.0,Bengaluru,Karnataka,2024-01-24,Social Media
CUST10633,Aarav Gupta,Male,18.0,Ghaziabad,Uttar Pradesh,2025-09-23,Organic Search
CUST10634,Vivaan Pandey,Male,48.0,Delhi,Delhi,2024-12-15,Paid Search
CUST10635,Ishita Malhotra,Female,33.0,Mumbai,Maharashtra,2024-12-16,Social Media
CUST10636,Sanjay Menon,Male,28.0,Pune,Maharashtra,2023-04-19,Organic Search
CUST10637,Reyansh Gupta,Male,33.0,Ludhiana,Punjab,2025-09-08,Social Media
CUST10638,Gaurav Kapoor,Male,29.0,Ahmedabad,Gujarat,2025-07-12,Social Media
CUST10639,Rajesh Desai,Male,63.0,Lucknow,Uttar Pradesh,2024-09-29,Direct
CUST10640,Divya Sharma,Female,28.0,Coimbatore,Tamil Nadu,2024-02-06,Direct
CUST10641,Preeti Rao,Female,36.0,Coimbatore,Tamil Nadu,2025-02-07,Social Media
CUST10642,Rajesh Agarwal,Male,46.0,Chennai,Tamil Nadu,2025-05-28,Paid Search
CUST10643,Tarun Chauhan,Male,46.0,Bengaluru,Karnataka,2025-04-20,Paid Search
CUST10644,Juhi Mehta,Female,44.0,Pune,Maharashtra,2025-09-14,Paid Search
CUST10645,Deepak Chatterjee,Male,29.0,Gurugram,Haryana,2024-12-17,Email
CUST10646,Shreya Bansal,Female,31.0,Kanpur,Uttar Pradesh,2024-02-18,Organic Search
CUST10647,Radhika Joshi,Female,18.0,Noida,Uttar Pradesh,2024-08-14,Organic Search
CUST10648,Vihaan Nair,Male,32.0,Jaipur,Rajasthan,2025-05-14,Paid Search
CUST10649,Krishna Saxena,Male,33.0,Mumbai,Maharashtra,2023-12-19,Organic Search
CUST10650,Tarun Mukherjee,Male,40.0,Chennai,Tamil Nadu,2023-11-10,Referral
CUST10651,Kavya Desai,Female,51.0,Coimbatore,Tamil Nadu,2025-03-01,Organic Search
CUST10652,Abhishek Mukherjee,Male,40.0,Mumbai,Maharashtra,2024-06-23,Paid Search
CUST10653,Riya Singh,Female,44.0,Surat,Gujarat,2025-05-14,Organic Search
CUST10654,Rekha Das,Female,33.0,Ahmedabad,Gujarat,2023-07-25,Paid Search
CUST10655,Sneha Reddy,Female,46.0,Ahmedabad,Gujarat,2024-03-05,Organic Search
CUST10656,Payal Sharma,Female,33.0,Pune,Maharashtra,2023-12-22,Social Media
CUST10657,Ankit Kumar,Male,44.0,Chennai,Tamil Nadu,2025-02-07,Referral
CUST10658,Tarun Mishra,Male,41.0,Chandigarh,Chandigarh,2025-03-30,Email
CUST10659,Ishita Yadav,Female,37.0,Hyderabad,Telangana,2024-07-05,Organic Search
CUST10660,Anita Sharma,Female,18.0,Bhopal,Madhya Pradesh,2024-07-26,Social Media
CUST10661,Pooja Desai,Female,44.0,Mumbai,Maharashtra,2023-07-10,Paid Search
CUST10662,Aadhya Joshi,Female,37.0,Hyderabad,Telangana,2025-02-10,Social Media
CUST10663,Pooja Banerjee,Female,40.0,Delhi,Delhi,2025-09-25,Referral
CUST10664,Arjun Kumar,Male,36.0,Bengaluru,Karnataka,2025-04-14,Referral
CUST10665,Abhishek Tiwari,Male,38.0,Pune,Maharashtra,2023-10-31,Direct
CUST10666,Preeti Mukherjee,Female,46.0,Hyderabad,Telangana,2024-12-05,Paid Search
CUST10667,Aditi Chopra,Female,28.0,Mumbai,Maharashtra,2024-01-21,Referral
CUST10668,Sunita Chauhan,Female,38.0,Nashik,Maharashtra,2023-02-17,Paid Search
CUST10669,Yash Tiwari,Male,25.0,Kanpur,Uttar Pradesh,2023-09-09,Organic Search
CUST10670,Tanvi Singh,Female,39.0,Noida,Uttar Pradesh,2023-06-01,Social Media
CUST10671,Tarun Iyer,Male,36.0,Vadodara,Gujarat,2023-09-28,Social Media
CUST10672,Rajesh Mukherjee,Male,27.0,Pune,Maharashtra,2025-04-28,Email
CUST10673,Karthik Joshi,Male,34.0,Chennai,Tamil Nadu,2024-01-18,Referral
CUST10674,Anita Mishra,Female,27.0,Gurugram,Haryana,2025-03-28,Direct
CUST10675,Tarun Banerjee,Male,29.0,Chennai,Tamil Nadu,2025-08-24,Social Media
CUST10676,Vivaan Agarwal,Male,37.0,Pune,Maharashtra,2024-10-23,Social Media
CUST10677,Naveen Chatterjee,Male,36.0,Hyderabad,Telangana,2024-08-02,Organic Search
CUST10678,Karthik Iyer,Male,18.0,Bengaluru,Karnataka,2025-03-22,Organic Search
CUST10679,Divya Mehta,Female,37.0,Ludhiana,Punjab,2023-05-24,Organic Search
CUST10680,Sneha Rao,Female,30.0,Bengaluru,Karnataka,2024-06-07,Organic Search
CUST10681,Saanvi Kapoor,Female,29.0,Delhi,Delhi,2024-08-15,Direct
CUST10682,Rahul Verma,Male,22.0,Indore,Madhya Pradesh,2025-05-26,Social Media
CUST10683,Deepak Rao,Male,33.0,Ludhiana,Punjab,2025-05-12,Social Media
CUST10684,Arjun Malhotra,Male,28.0,Gurugram,Haryana,2025-06-08,Organic Search
CUST10685,Swati Gupta,Female,46.0,Lucknow,Uttar Pradesh,2025-02-07,Social Media
CUST10686,Payal Das,Female,18.0,Hyderabad,Telangana,2024-09-13,Social Media
CUST10687,Arjun Chatterjee,Male,23.0,Kolkata,West Bengal,2025-05-23,Organic Search
CUST10688,Tanvi Verma,Female,23.0,Delhi,Delhi,2025-06-28,Organic Search
CUST10689,Gaurav Gupta,Male,36.0,Bengaluru,Karnataka,2024-07-28,Social Media
CUST10690,Riya Desai,Female,45.0,Coimbatore,Tamil Nadu,2025-09-20,Organic Search
CUST10691,Anita Mukherjee,Female,38.0,Ludhiana,Punjab,2025-06-29,Social Media
CUST10692,Anita Chopra,Female,22.0,Bengaluru,Karnataka,2024-08-25,Direct
CUST10693,Shreya Desai,Female,29.0,Ahmedabad,Gujarat,2023-04-15,Organic Search
CUST10694,Naveen Banerjee,Male,25.0,Noida,Uttar Pradesh,2023-11-02,Organic Search
CUST10695,Saanvi Menon,Female,38.0,Ahmedabad,Gujarat,2025-04-12,Paid Search
CUST10696,Suresh Rao,Male,29.0,Hyderabad,Telangana,2023-06-12,Organic Search
CUST10697,Sneha Verma,Female,19.0,Delhi,Delhi,2024-07-18,Social Media
CUST10698,Pranav Gupta,Male,39.0,Ahmedabad,Gujarat,2024-11-19,Organic Search
CUST10699,Yash Joshi,Male,46.0,Ahmedabad,Gujarat,2025-07-01,Organic Search
CUST10700,Payal Joshi,Female,31.0,Thane,Maharashtra,2025-06-07,Social Media
CUST10701,Aditya Verma,Male,34.0,Hyderabad,Telangana,2025-04-03,Referral
CUST10702,Rohan Chatterjee,Male,18.0,Chennai,Tamil Nadu,2024-05-18,Paid Search
CUST10703,Abhishek Tiwari,Male,18.0,Hyderabad,Telangana,2023-07-23,Organic Search
CUST10704,Aadhya Patel,Female,18.0,Hyderabad,Telangana,2025-01-14,Paid Search
CUST10705,Radhika Bansal,Female,33.0,Bengaluru,Karnataka,2023-09-11,Organic Search
CUST10706,Anjali Mukherjee,Female,30.0,Kolkata,West Bengal,2024-10-11,Organic Search
CUST10707,Ananya Bansal,Female,38.0,Chennai,Tamil Nadu,2025-09-16,Paid Search
CUST10708,Kunal Reddy,Male,31.0,Mumbai,Maharashtra,2024-10-01,Direct
CUST10709,Aditya Saxena,Male,43.0,Gurugram,Haryana,2024-12-24,Direct
CUST10710,Gaurav Nair,Male,42.0,Hyderabad,Telangana,2025-01-21,Social Media
CUST10711,Ananya Desai,Female,30.0,Bhopal,Madhya Pradesh,2025-05-25,Referral
CUST10712,Tanvi Malhotra,Female,23.0,Chandigarh,Chandigarh,2024-06-14,Paid Search
CUST10713,Abhishek Kapoor,Male,18.0,Mumbai,Maharashtra,2024-08-13,Direct
CUST10714,Ankit Mukherjee,Male,47.0,Delhi,Delhi,2023-09-04,Referral
CUST10715,Preeti Malhotra,Female,24.0,Delhi,Delhi,2024-11-28,Social Media
CUST10716,Anita Malhotra,Female,18.0,Rajkot,Gujarat,2024-01-22,Organic Search
CUST10717,Aditi Agarwal,Female,34.0,Pune,Maharashtra,2024-08-23,Email
CUST10718,Siddharth Chopra,Male,18.0,Hyderabad,Telangana,2025-04-04,Referral
CUST10719,Naveen Malhotra,Male,34.0,Mumbai,Maharashtra,2023-01-28,Paid Search
CUST10720,Sanjay Mishra,Male,30.0,Mumbai,Maharashtra,2024-10-13,Paid Search
CUST10721,Rahul Pandey,Male,42.0,Jaipur,Rajasthan,2023-09-01,
CUST10722,Sunita Verma,Female,41.0,Nagpur,Maharashtra,2024-01-04,
CUST10723,Vivaan Saxena,Male,44.0,Ahmedabad,Gujarat,2023-02-24,Direct
CUST10724,Rohan Bansal,Male,35.0,Bengaluru,Karnataka,2023-08-27,
CUST10725,Nisha Joshi,Female,24.0,Vadodara,Gujarat,2025-09-21,Organic Search
CUST10726,Kiran Desai,Female,23.0,Nashik,Maharashtra,2025-09-29,Organic Search
CUST10727,Harsh Iyer,Male,28.0,Ahmedabad,Gujarat,2025-02-25,Referral
CUST10728,Nisha Menon,Female,53.0,Bhopal,Madhya Pradesh,2024-11-25,Organic Search
CUST10729,Suresh Iyer,Male,31.0,Nashik,Maharashtra,2025-04-13,Referral
CUST10730,Kavya Tiwari,Female,35.0,Ahmedabad,Gujarat,2025-07-15,Organic Search
CUST10731,Abhishek Joshi,Male,48.0,Delhi,Delhi,2024-09-03,Organic Search
CUST10732,Nisha Kumar,Female,36.0,Ahmedabad,Gujarat,2023-02-24,Organic Search
CUST10733,Varun Bansal,Male,26.0,Mumbai,Maharashtra,2025-02-16,Organic Search
CUST10734,Vihaan Malhotra,Male,40.0,Mumbai,Maharashtra,2025-09-19,Direct
CUST10735,Aadhya Desai,Female,29.0,Ghaziabad,Uttar Pradesh,2023-12-10,Organic Search
CUST10736,Ritu Mehta,Female,36.0,Agra,Uttar Pradesh,2024-07-12,Email
CUST10737,Yash Desai,Male,38.0,Lucknow,Uttar Pradesh,2024-04-01,Direct
CUST10738,Tarun Yadav,Male,28.0,Agra,Uttar Pradesh,2024-05-01,Email
CUST10739,Deepak Patel,Male,35.0,Gurugram,Haryana,2025-02-26,Direct
CUST10740,Abhishek Das,Male,49.0,Kanpur,Uttar Pradesh,2024-04-18,Organic Search
CUST10741,Divya Shah,Female,27.0,Chandigarh,Chandigarh,2025-08-18,Social Media
CUST10742,Sanjay Das,Male,46.0,Chandigarh,Chandigarh,2025-04-23,Paid Search
CUST10743,Diya Kapoor,Female,27.0,Bengaluru,Karnataka,2023-02-13,Referral
CUST10744,Diya Yadav,Female,51.0,Noida,Uttar Pradesh,2025-05-16,Email
CUST10745,Kiran Banerjee,Female,24.0,Kochi,Kerala,2025-04-09,Email
CUST10746,Siddharth Mishra,Male,29.0,Bengaluru,Karnataka,2024-08-31,Paid Search
CUST10747,Varun Mishra,Male,48.0,Surat,Gujarat,2024-08-13,Social Media
CUST10748,Preeti Yadav,Female,49.0,Bengaluru,Karnataka,2025-05-29,
CUST10749,Yash Das,Male,41.0,Ahmedabad,Gujarat,2024-06-04,Organic Search
CUST10750,Karthik Patel,Male,22.0,Surat,Gujarat,2023-08-14,Organic Search
CUST10751,Neha Kapoor,Female,34.0,Mumbai,Maharashtra,2024-02-09,Organic Search
CUST10752,Divya Chopra,Female,33.0,Lucknow,Uttar Pradesh,2023-12-19,Referral
CUST10753,Nikhil Banerjee,Male,24.0,Kolkata,West Bengal,2025-01-24,Paid Search
CUST10754,Ishaan Saxena,Male,40.0,Delhi,Delhi,2023-09-08,Organic Search
CUST10755,Vikram Gupta,Male,25.0,Kanpur,Uttar Pradesh,2024-12-24,Direct
CUST10756,Anjali Chauhan,Female,20.0,Gurugram,Haryana,2024-07-14,Organic Search
CUST10757,Karthik Mishra,Male,18.0,Mumbai,Maharashtra,2025-06-01,Referral
CUST10758,Priya Desai,Female,50.0,Chennai,Tamil Nadu,2024-08-01,Email
CUST10759,Kiran Pandey,Female,28.0,Delhi,Delhi,2025-08-10,Paid Search
CUST10760,Rohan Shah,Male,28.0,Delhi,Delhi,2025-07-18,Organic Search
CUST10761,Priya Nair,Female,23.0,Kolkata,West Bengal,2023-09-15,Paid Search
CUST10762,Neha Patel,Female,47.0,Bengaluru,Karnataka,2025-01-28,Paid Search
CUST10763,Anita Rao,Female,19.0,Lucknow,Uttar Pradesh,2023-10-21,Organic Search
CUST10764,Arjun Kumar,Male,21.0,Bengaluru,Karnataka,2025-05-20,Social Media
CUST10765,Vihaan Kumar,Male,30.0,Visakhapatnam,Andhra Pradesh,2024-12-16,Organic Search
CUST10766,Radhika Sharma,Female,33.0,Delhi,Delhi,2024-01-20,Direct
CUST10767,Radhika Agarwal,Female,40.0,Chandigarh,Chandigarh,2023-11-30,Social Media
CUST10768,Neha Rao,Female,26.0,Ahmedabad,Gujarat,2024-06-09,Organic Search
CUST10769,Aditya Desai,Male,48.0,Mumbai,Maharashtra,2025-05-02,Social Media
CUST10770,Ishita Malhotra,Female,26.0,Mumbai,Maharashtra,2025-04-28,Paid Search
CUST10771,Manish Malhotra,Male,23.0,Pune,Maharashtra,2023-02-22,Organic Search
CUST10772,Abhishek Mishra,Male,22.0,Chandigarh,Chandigarh,2024-01-29,Organic Search
CUST10773,Reyansh Chopra,Male,25.0,Kolkata,West Bengal,2024-06-02,Organic Search
CUST10774,Vikram Desai,Male,21.0,Chennai,Tamil Nadu,2024-11-02,Social Media
CUST10775,Aditya Singh,Male,41.0,Visakhapatnam,Andhra Pradesh,2023-08-02,Organic Search
CUST10776,Reyansh Sharma,Male,23.0,Bengaluru,Karnataka,2024-03-04,Organic Search
CUST10777,Ishita Chopra,Female,32.0,Kanpur,Uttar Pradesh,2025-07-07,Referral
CUST10778,Pooja Pandey,Female,23.0,Bengaluru,Karnataka,2024-07-24,Organic Search
CUST10779,Harsh Joshi,Male,21.0,Ludhiana,Punjab,2025-03-17,Organic Search
CUST10780,Anjali Saxena,Female,44.0,Rajkot,Gujarat,2024-08-01,Paid Search
CUST10781,Deepak Pandey,Male,49.0,Delhi,Delhi,2024-07-13,Email
CUST10782,Rohan Tiwari,Male,46.0,Delhi,Delhi,2024-12-04,Social Media
CUST10783,Neha Chopra,Female,18.0,Indore,Madhya Pradesh,2023-12-12,Organic Search
CUST10784,Tarun Tiwari,Male,20.0,Lucknow,Uttar Pradesh,2023-12-01,Paid Search
CUST10785,Aman Desai,Male,53.0,Surat,Gujarat,2025-09-23,Email
CUST10786,Simran Banerjee,Female,30.0,Kolkata,West Bengal,2025-06-24,Organic Search
CUST10787,Sanjay Verma,Male,19.0,Delhi,Delhi,2025-03-12,Organic Search
CUST10788,Aditya Mishra,Male,44.0,Indore,Madhya Pradesh,2023-07-17,Social Media
CUST10789,Ishita Iyer,Female,34.0,Delhi,Delhi,2023-02-17,Paid Search
CUST10790,Ritu Gupta,Female,39.0,Pune,Maharashtra,2023-09-03,Organic Search
CUST10791,Naveen Chopra,Male,18.0,Hyderabad,Telangana,2025-08-15,Social Media
CUST10792,Meera Rao,Female,30.0,Hyderabad,Telangana,2025-05-14,Organic Search
CUST10793,Aditya Das,Male,42.0,Ghaziabad,Uttar Pradesh,2024-09-06,Paid Search
CUST10794,Harsh Saxena,Male,27.0,Chennai,Tamil Nadu,2025-09-08,Referral
CUST10795,Rohan Kapoor,Male,45.0,Kolkata,West Bengal,2023-07-29,Organic Search
CUST10796,Aarav Sharma,Male,20.0,Coimbatore,Tamil Nadu,2024-10-09,Social Media
CUST10797,Kavya Verma,Female,32.0,Pune,Maharashtra,2023-09-13,Paid Search
CUST10798,Pooja Joshi,Female,49.0,Vadodara,Gujarat,2024-02-02,Direct
CUST10799,Arjun Verma,Male,21.0,Nashik,Maharashtra,2025-08-17,Social Media
CUST10800,Rahul Sharma,Male,36.0,Nagpur,Maharashtra,2025-06-24,Paid Search
CUST10801,Deepak Rao,Male,39.0,Delhi,Delhi,2023-05-31,Paid Search
CUST10802,Ritu Verma,Female,34.0,Delhi,Delhi,2023-12-01,Paid Search
CUST10803,Aman Chauhan,Male,30.0,Chennai,Tamil Nadu,2024-11-10,Direct
CUST10804,Sneha Iyer,Female,24.0,Mumbai,Maharashtra,2023-04-04,Email
CUST10805,Aarav Banerjee,Male,35.0,Hyderabad,Telangana,2024-10-01,Social Media
CUST10806,Ankit Agarwal,Male,32.0,Delhi,Delhi,2024-11-01,Direct
CUST10807,Aadhya Rao,Female,19.0,Mumbai,Maharashtra,2024-01-16,Organic Search
CUST10808,Ishita Rao,Female,44.0,Ahmedabad,Gujarat,2024-01-19,Paid Search
CUST10809,Pranav Reddy,Male,24.0,Bengaluru,Karnataka,2023-11-07,Direct
CUST10810,Gaurav Saxena,Male,19.0,Mumbai,Maharashtra,2025-08-14,Referral
CUST10811,Radhika Shah,Female,27.0,Indore,Madhya Pradesh,2024-04-29,Organic Search
CUST10812,Divya Malhotra,Female,24.0,Chandigarh,Chandigarh,2024-11-02,Paid Search
CUST10813,Tanvi Kapoor,Female,30.0,Surat,Gujarat,2024-01-28,Organic Search
CUST10814,Ritu Chatterjee,Female,21.0,Gurugram,Haryana,2025-02-11,Social Media
CUST10815,Saanvi Agarwal,Female,37.0,Delhi,Delhi,2023-05-30,Social Media
CUST10816,Rahul Patel,Male,47.0,Visakhapatnam,Andhra Pradesh,2023-04-19,Social Media
CUST10817,Sanjay Gupta,Male,34.0,Ahmedabad,Gujarat,2025-03-17,Direct
CUST10818,Suresh Kapoor,Male,19.0,Kolkata,West Bengal,2025-03-03,Organic Search
CUST10819,Meera Mehta,Female,24.0,Lucknow,Uttar Pradesh,2023-12-18,Direct
CUST10820,Gaurav Pandey,Male,35.0,Patna,Bihar,2024-03-25,Paid Search
CUST10821,Rohan Joshi,Male,18.0,Mumbai,Maharashtra,2025-08-30,Organic Search
CUST10822,Sunita Patel,Female,21.0,Ahmedabad,Gujarat,2023-06-03,Direct
CUST10823,Sanjay Reddy,Male,18.0,Bhopal,Madhya Pradesh,2023-09-13,Direct
CUST10824,Komal Joshi,Female,34.0,Pune,Maharashtra,2024-06-09,Direct
CUST10825,Vikram Mishra,Male,55.0,Hyderabad,Telangana,2024-01-07,Referral
CUST10826,Anjali Iyer,Female,20.0,Mumbai,Maharashtra,2024-12-27,Organic Search
CUST10827,Priya Verma,Female,41.0,Mumbai,Maharashtra,2025-02-01,Organic Search
CUST10828,Kunal Malhotra,Male,27.0,Chennai,Tamil Nadu,2024-09-09,
CUST10829,Suresh Das,Male,20.0,Kolkata,West Bengal,2024-11-25,Organic Search
CUST10830,Rajesh Agarwal,Male,49.0,Bengaluru,Karnataka,2024-06-13,Direct
CUST10831,Ishita Mukherjee,Female,55.0,Patna,Bihar,2025-03-30,
CUST10832,Komal Iyer,Female,37.0,Indore,Madhya Pradesh,2023-03-07,Organic Search
CUST10833,Vikram Menon,Male,37.0,Delhi,Delhi,2024-02-09,Email
CUST10834,Yash Yadav,Male,34.0,Delhi,Delhi,2025-01-27,Social Media
CUST10835,Ritu Iyer,Female,32.0,Nashik,Maharashtra,2024-02-27,Paid Search
CUST10836,Abhishek Chatterjee,Male,36.0,Chandigarh,Chandigarh,2023-04-28,Direct
CUST10837,Payal Mehta,Female,40.0,Kochi,Kerala,2024-03-15,Social Media
CUST10838,Reyansh Sharma,Male,50.0,Kanpur,Uttar Pradesh,2025-02-18,Social Media
CUST10839,Rohan Shah,Male,28.0,Gurugram,Haryana,2023-06-27,Organic Search
CUST10840,Radhika Yadav,Female,34.0,Delhi,Delhi,2025-03-01,Social Media
CUST10841,Tarun Mishra,Male,32.0,Delhi,Delhi,2025-04-12,Paid Search
CUST10842,Anita Agarwal,Female,43.0,Mumbai,Maharashtra,2024-12-16,Email
CUST10843,Riya Chatterjee,Female,57.0,Pune,Maharashtra,2023-11-25,Organic Search
CUST10844,Preeti Malhotra,Female,44.0,Bengaluru,Karnataka,2025-05-05,Paid Search
CUST10845,Radhika Singh,Female,41.0,Pune,Maharashtra,2023-10-21,Organic Search
CUST10846,Meera Gupta,Female,42.0,Mumbai,Maharashtra,2025-07-22,Direct
CUST10847,Aadhya Patel,Female,46.0,Pune,Maharashtra,2025-02-14,Paid Search
CUST10848,Simran Desai,Female,57.0,Coimbatore,Tamil Nadu,2023-03-25,Organic Search
CUST10849,Shreya Menon,Female,18.0,Indore,Madhya Pradesh,2025-05-01,Email
CUST10850,Komal Patel,Female,39.0,Ahmedabad,Gujarat,2024-08-22,Direct
CUST10851,Rahul Das,Male,18.0,Mumbai,Maharashtra,2024-07-01,Email
CUST10852,Rahul Mishra,Male,43.0,Bengaluru,Karnataka,2024-05-31,Referral
CUST10853,Rahul Das,Male,39.0,Kolkata,West Bengal,2024-11-21,Referral
CUST10854,Nikhil Mukherjee,Male,28.0,Bengaluru,Karnataka,2025-03-01,Direct
CUST10855,Reyansh Nair,Male,18.0,Visakhapatnam,Andhra Pradesh,2025-07-15,Paid Search
CUST10856,Tarun Sharma,Male,33.0,Gurugram,Haryana,2023-12-27,Paid Search
CUST10857,Yash Mehta,Male,35.0,Delhi,Delhi,2024-12-12,Organic Search
CUST10858,Rekha Rao,Female,32.0,Mumbai,Maharashtra,2025-01-28,Referral
CUST10859,Aadhya Chatterjee,Female,27.0,Mumbai,Maharashtra,2025-01-18,Direct
CUST10860,Manish Mishra,Male,24.0,Vadodara,Gujarat,2024-08-09,Organic Search
CUST10861,Kavya Rao,Female,32.0,Mumbai,Maharashtra,2024-05-01,Social Media
CUST10862,Komal Rao,Female,25.0,Thane,Maharashtra,2025-04-01,Organic Search
CUST10863,Ananya Rao,Female,41.0,Ahmedabad,Gujarat,2024-01-26,Referral
CUST10864,Manish Shah,Male,32.0,Chennai,Tamil Nadu,2023-10-13,Organic Search
CUST10865,Arjun Menon,Male,18.0,Thane,Maharashtra,2024-09-27,Social Media
CUST10866,Aarav Agarwal,Male,35.0,Hyderabad,Telangana,2023-12-21,
CUST10867,Anjali Agarwal,Female,37.0,Vadodara,Gujarat,2023-02-21,Organic Search
CUST10868,Shreya Sharma,Female,49.0,Mumbai,Maharashtra,2023-03-21,Direct
CUST10869,Tanvi Bansal,Female,42.0,Indore,Madhya Pradesh,2025-02-04,Paid Search
CUST10870,Ishita Iyer,Female,24.0,Coimbatore,Tamil Nadu,2025-09-11,Paid Search
CUST10871,Nisha Sharma,Female,47.0,Delhi,Delhi,2024-07-03,Organic Search
CUST10872,Kavya Saxena,Female,19.0,Pune,Maharashtra,2023-07-29,Paid Search
CUST10873,Simran Pandey,Female,33.0,Lucknow,Uttar Pradesh,2025-05-16,Organic Search
CUST10874,Juhi Nair,Female,41.0,Delhi,Delhi,2023-12-14,Social Media
CUST10875,Kunal Malhotra,Male,48.0,Pune,Maharashtra,2025-09-27,
CUST10876,Rekha Kapoor,Female,52.0,Bengaluru,Karnataka,2024-10-13,Organic Search
CUST10877,Reyansh Saxena,Male,46.0,Bhopal,Madhya Pradesh,2023-11-11,Direct
CUST10878,Arjun Patel,Male,32.0,Pune,Maharashtra,2024-08-12,Organic Search
CUST10879,Juhi Shah,Female,39.0,Chennai,Tamil Nadu,2024-03-04,Social Media
CUST10880,Aditya Malhotra,Male,35.0,Thane,Maharashtra,2025-04-15,Direct
CUST10881,Karthik Gupta,Male,26.0,Thane,Maharashtra,2023-06-05,Referral
CUST10882,Kavya Yadav,Female,32.0,Bengaluru,Karnataka,2025-06-15,Email
CUST10883,Arjun Shah,Male,51.0,Mumbai,Maharashtra,2025-04-05,Organic Search
CUST10884,Rajesh Bansal,Male,39.0,Bengaluru,Karnataka,2025-06-18,Paid Search
CUST10885,Vikram Kumar,Male,54.0,Rajkot,Gujarat,2025-07-14,Email
CUST10886,Neha Agarwal,Female,22.0,Ahmedabad,Gujarat,2023-11-08,Social Media
CUST10887,Manish Gupta,Male,29.0,Delhi,Delhi,2024-09-04,Social Media
CUST10888,Naveen Singh,Male,37.0,Ahmedabad,Gujarat,2025-06-09,Direct
CUST10889,Swati Verma,Female,40.0,Ahmedabad,Gujarat,2024-04-17,Social Media
CUST10890,Siddharth Kapoor,Male,32.0,Chennai,Tamil Nadu,2023-04-03,Referral
CUST10891,Kavya Kumar,Female,41.0,Chennai,Tamil Nadu,2024-01-17,Direct
CUST10892,Rajesh Nair,Male,41.0,Hyderabad,Telangana,2023-11-22,Email
CUST10893,Rohan Pandey,Male,19.0,Hyderabad,Telangana,2025-06-25,Organic Search
CUST10894,Neha Rao,Female,41.0,Patna,Bihar,2024-07-12,Email
CUST10895,Harsh Kumar,Male,44.0,Lucknow,Uttar Pradesh,2025-01-26,Email
CUST10896,Manish Malhotra,Male,36.0,Kanpur,Uttar Pradesh,2025-09-03,Social Media
CUST10897,Aditya Kumar,Male,18.0,Delhi,Delhi,2024-01-25,Paid Search
CUST10898,Pranav Chopra,Male,30.0,Guwahati,Assam,2025-03-31,Organic Search
CUST10899,Karthik Chatterjee,Male,37.0,Mumbai,Maharashtra,2023-02-05,Social Media
CUST10900,Rahul Tiwari,Male,24.0,Kanpur,Uttar Pradesh,2023-06-03,Social Media
CUST10901,Varun Shah,Male,42.0,Thane,Maharashtra,2023-08-17,Direct
CUST10902,Aditya Banerjee,Male,40.0,Bengaluru,Karnataka,2024-02-09,Paid Search
CUST10903,Kunal Chauhan,Male,,Mumbai,Maharashtra,2024-05-13,Organic Search
CUST10904,Saanvi Kapoor,Female,33.0,Thane,Maharashtra,2024-07-25,Email
CUST10905,Manish Shah,Male,35.0,Pune,Maharashtra,2023-11-26,Direct
CUST10906,Sunita Gupta,Female,33.0,Noida,Uttar Pradesh,2023-04-11,Organic Search
CUST10907,Diya Das,Female,20.0,Indore,Madhya Pradesh,2025-01-21,Organic Search
CUST10908,Reyansh Joshi,Male,29.0,Gurugram,Haryana,2023-02-07,Direct
CUST10909,Tarun Shah,Male,34.0,Surat,Gujarat,2025-05-09,Organic Search
CUST10910,Ankit Bansal,Male,47.0,Kolkata,West Bengal,2025-08-09,
CUST10911,Saanvi Mehta,Female,40.0,Gurugram,Haryana,2025-02-17,Direct
CUST10912,Krishna Saxena,Male,48.0,Ghaziabad,Uttar Pradesh,2024-11-11,Referral
CUST10913,Nikhil Chopra,Male,19.0,Mumbai,Maharashtra,2025-01-03,Organic Search
CUST10914,Saanvi Desai,Female,29.0,Jaipur,Rajasthan,2024-12-30,Direct
CUST10915,Sunita Kapoor,Female,54.0,Delhi,Delhi,2025-08-11,Referral
CUST10916,Manish Sharma,Male,26.0,Noida,Uttar Pradesh,2025-09-04,Direct
CUST10917,Nisha Nair,Female,25.0,Kanpur,Uttar Pradesh,2024-06-06,Paid Search
CUST10918,Ishaan Pandey,Male,30.0,Chennai,Tamil Nadu,2024-11-30,Social Media
CUST10919,Reyansh Mishra,Male,53.0,Noida,Uttar Pradesh,2025-05-03,Paid Search
CUST10920,Gaurav Patel,Male,26.0,Hyderabad,Telangana,2023-01-02,Paid Search
CUST10921,Komal Pandey,Female,39.0,Chennai,Tamil Nadu,2024-09-10,Social Media
CUST10922,Abhishek Iyer,Male,37.0,Ahmedabad,Gujarat,2024-12-31,Paid Search
CUST10923,Aditi Malhotra,Female,18.0,Delhi,Delhi,2025-02-23,Paid Search
CUST10924,Anjali Pandey,Female,33.0,Delhi,Delhi,2024-04-08,Social Media
CUST10925,Sanjay Shah,Male,27.0,Jaipur,Rajasthan,2024-01-22,Organic Search
CUST10926,Varun Kumar,Male,40.0,Mumbai,Maharashtra,2023-09-12,Direct
CUST10927,Rohan Banerjee,Male,50.0,Gurugram,Haryana,2024-10-08,Referral
CUST10928,Anita Desai,Female,30.0,Hyderabad,Telangana,2025-08-02,Paid Search
CUST10929,Kunal Joshi,Male,30.0,Hyderabad,Telangana,2025-07-15,Email
CUST10930,Kiran Malhotra,Female,58.0,Delhi,Delhi,2024-03-30,Direct
CUST10931,Sanjay Mishra,Male,26.0,Hyderabad,Telangana,2023-12-10,
CUST10932,Anjali Singh,Female,20.0,Nagpur,Maharashtra,2025-04-22,Social Media
CUST10933,Rekha Tiwari,Female,47.0,Noida,Uttar Pradesh,2025-03-01,Organic Search
CUST10934,Riya Kumar,Female,32.0,Delhi,Delhi,2024-08-21,Direct
CUST10935,Siddharth Mishra,Male,36.0,Delhi,Delhi,2024-04-29,Organic Search
CUST10936,Rohan Agarwal,Male,55.0,Delhi,Delhi,2023-06-29,Referral
CUST10937,Rohan Yadav,Male,19.0,Jaipur,Rajasthan,2025-04-19,Paid Search
CUST10938,Ishaan Pandey,Male,31.0,Delhi,Delhi,2024-11-30,Social Media
CUST10939,Shreya Singh,Female,21.0,Mumbai,Maharashtra,2024-04-17,
CUST10940,Abhishek Kapoor,Male,36.0,Thane,Maharashtra,2025-08-01,Paid Search
CUST10941,Aarav Nair,Male,27.0,Patna,Bihar,2025-01-06,Direct
CUST10942,Naveen Iyer,Male,21.0,Hyderabad,Telangana,2025-08-09,Organic Search
CUST10943,Abhishek Mukherjee,Male,40.0,Jaipur,Rajasthan,2024-07-22,Organic Search
CUST10944,Saanvi Joshi,Female,33.0,Thane,Maharashtra,2024-07-03,Direct
CUST10945,Diya Chopra,Female,20.0,Mumbai,Maharashtra,2025-08-15,Organic Search
CUST10946,Aditya Desai,Male,21.0,Surat,Gujarat,2025-09-01,Organic Search
CUST10947,Arjun Shah,Male,35.0,Bengaluru,Karnataka,2025-09-02,Organic Search
CUST10948,Kavya Nair,Female,18.0,Chennai,Tamil Nadu,2025-05-16,Paid Search
CUST10949,Rekha Chauhan,Female,35.0,Hyderabad,Telangana,2024-07-11,Referral
CUST10950,Nisha Chopra,Female,46.0,Indore,Madhya Pradesh,2023-10-16,Social Media
CUST10951,Komal Chatterjee,Female,40.0,Chennai,Tamil Nadu,2024-04-23,Organic Search
CUST10952,Ishita Mehta,Female,27.0,Bhopal,Madhya Pradesh,2025-08-16,Paid Search
CUST10953,Tanvi Yadav,Female,36.0,Hyderabad,Telangana,2024-04-03,Social Media
CUST10954,Tanvi Mehta,Female,20.0,Pune,Maharashtra,2025-03-27,Referral
CUST10955,Aadhya Mishra,Female,34.0,Chandigarh,Chandigarh,2025-08-04,Social Media
CUST10956,Tanvi Chatterjee,Female,30.0,Chennai,Tamil Nadu,2025-09-09,Paid Search
CUST10957,Tanvi Kapoor,Female,23.0,Jaipur,Rajasthan,2025-08-23,Direct
CUST10958,Yash Shah,Male,39.0,Kanpur,Uttar Pradesh,2024-10-05,Organic Search
CUST10959,Nikhil Kumar,,18.0,Chandigarh,Chandigarh,2024-08-08,Direct
CUST10960,Payal Mehta,Female,21.0,Lucknow,Uttar Pradesh,2025-09-21,Organic Search
CUST10961,Komal Das,Female,22.0,Surat,Gujarat,2023-10-25,Paid Search
CUST10962,Suresh Malhotra,Male,28.0,Ghaziabad,Uttar Pradesh,2023-09-18,Organic Search
CUST10963,Pranav Banerjee,Male,46.0,Guwahati,Assam,2025-09-03,Direct
CUST10964,Rahul Bansal,Male,41.0,Coimbatore,Tamil Nadu,2025-01-31,Paid Search
CUST10965,Siddharth Kumar,Male,34.0,Delhi,Delhi,2024-09-18,Direct
CUST10966,Rekha Tiwari,,34.0,Kanpur,Uttar Pradesh,2023-07-10,Referral
CUST10967,Rajesh Joshi,Male,33.0,Hyderabad,Telangana,2024-08-28,
CUST10968,Ishaan Rao,Male,47.0,Chennai,Tamil Nadu,2025-08-20,Organic Search
CUST10969,Deepak Das,Male,18.0,Lucknow,Uttar Pradesh,2024-11-17,Direct
CUST10970,Abhishek Chatterjee,Male,41.0,Delhi,Delhi,2024-05-15,Social Media
CUST10971,Suresh Yadav,Male,28.0,Nagpur,Maharashtra,2024-10-02,Referral
CUST10972,Suresh Reddy,Male,38.0,Bengaluru,Karnataka,2025-07-07,Social Media
CUST10973,Preeti Desai,Female,38.0,Ghaziabad,Uttar Pradesh,2025-07-28,Email
CUST10974,Gaurav Chopra,Male,40.0,Ahmedabad,Gujarat,2024-05-10,Paid Search
CUST10975,Preeti Saxena,Female,49.0,Mumbai,Maharashtra,2024-11-22,Social Media
CUST10976,Payal Gupta,Female,19.0,Jaipur,Rajasthan,2024-01-03,Direct
CUST10977,Nikhil Desai,Male,43.0,Bhopal,Madhya Pradesh,2024-06-30,Social Media
CUST10978,Aditya Nair,Male,32.0,Surat,Gujarat,2023-10-27,Direct
CUST10979,Aditya Iyer,Male,28.0,Visakhapatnam,Andhra Pradesh,2024-09-14,Organic Search
CUST10980,Manish Menon,Male,53.0,Vadodara,Gujarat,2024-10-26,Referral
CUST10981,Payal Nair,Female,40.0,Mumbai,Maharashtra,2024-03-07,Paid Search
CUST10982,Anjali Mukherjee,Female,29.0,Mumbai,Maharashtra,2023-12-26,Organic Search
CUST10983,Aadhya Mehta,Female,43.0,Bengaluru,Karnataka,2023-08-04,Social Media
CUST10984,Rekha Chauhan,Female,33.0,Bengaluru,Karnataka,2023-07-20,Social Media
CUST10985,Nisha Chauhan,Female,29.0,Pune,Maharashtra,2025-02-18,Direct
CUST10986,Kavya Gupta,Female,27.0,Bengaluru,Karnataka,2023-10-29,
CUST10987,Kunal Gupta,Male,36.0,Ahmedabad,Gujarat,2023-06-21,Organic Search
CUST10988,Naveen Menon,Male,27.0,Chennai,Tamil Nadu,2025-09-30,Direct
CUST10989,Aarav Malhotra,Male,35.0,Jaipur,Rajasthan,2023-12-13,Organic Search
CUST10990,Tarun Desai,Male,42.0,Guwahati,Assam,2025-07-15,Social Media
CUST10991,Preeti Shah,Female,34.0,Nagpur,Maharashtra,2024-11-23,Social Media
CUST10992,Pranav Das,Male,53.0,Bengaluru,Karnataka,2025-02-21,Paid Search
CUST10993,Payal Sharma,Female,33.0,Hyderabad,Telangana,2024-10-11,Paid Search
CUST10994,Aman Kumar,Male,46.0,Mumbai,Maharashtra,2023-09-10,Social Media
CUST10995,Aditi Reddy,Female,43.0,Chennai,Tamil Nadu,2025-06-07,Referral
CUST10996,Vikram Chopra,Male,48.0,Jaipur,Rajasthan,2025-05-23,Direct
CUST10997,Ishaan Agarwal,Male,53.0,Noida,Uttar Pradesh,2024-03-20,Direct
CUST10998,Nisha Singh,Female,18.0,Bengaluru,Karnataka,2025-04-02,Organic Search
CUST10999,Ishaan Patel,Male,36.0,Bengaluru,Karnataka,2024-09-25,Organic Search
CUST11000,Riya Patel,Female,32.0,Mumbai,Maharashtra,2025-07-25,Organic Search
CUST11001,Rekha Joshi,Female,34.0,Jaipur,Rajasthan,2025-05-03,Direct
CUST11002,Gaurav Gupta,Male,29.0,Guwahati,Assam,2023-03-05,Organic Search
CUST11003,Ankit Bansal,Male,28.0,Ahmedabad,Gujarat,2025-07-02,Social Media
CUST11004,Harsh Malhotra,Male,22.0,Kolkata,West Bengal,2025-09-07,Direct
CUST11005,Nikhil Chopra,Male,34.0,Mumbai,Maharashtra,2025-03-16,Social Media
CUST11006,Anjali Reddy,Female,42.0,Pune,Maharashtra,2023-06-24,Organic Search
CUST11007,Anita Das,Female,28.0,Bengaluru,Karnataka,2025-05-07,Organic Search
CUST11008,Arjun Rao,Male,30.0,Mumbai,Maharashtra,2024-12-26,Social Media
CUST11009,Aadhya Menon,Female,26.0,Kanpur,Uttar Pradesh,2024-03-08,Paid Search
CUST11010,Ritu Gupta,Female,23.0,Delhi,Delhi,2025-07-06,Paid Search
CUST11011,Deepak Patel,Male,31.0,Mumbai,Maharashtra,2024-10-15,Organic Search
CUST11012,Nikhil Gupta,Male,36.0,Bengaluru,Karnataka,2025-06-12,Direct
CUST11013,Kavya Desai,Female,46.0,Delhi,Delhi,2025-01-14,Direct
CUST11014,Radhika Yadav,Female,21.0,Surat,Gujarat,2024-01-14,Social Media
CUST11015,Tarun Saxena,Male,33.0,Bengaluru,Karnataka,2025-09-12,Paid Search
CUST11016,Vikram Malhotra,Male,45.0,Kanpur,Uttar Pradesh,2024-10-20,Paid Search
CUST11017,Siddharth Chauhan,Male,21.0,Pune,Maharashtra,2024-08-31,Organic Search
CUST11018,Kavya Nair,Female,46.0,Hyderabad,Telangana,2024-05-14,Direct
CUST11019,Radhika Yadav,Female,29.0,Delhi,Delhi,2023-07-16,Paid Search
CUST11020,Aditya Shah,Male,40.0,Kanpur,Uttar Pradesh,2025-01-28,Organic Search
CUST11021,Preeti Das,Female,31.0,Pune,Maharashtra,2024-06-10,Email
CUST11022,Harsh Iyer,Male,38.0,Indore,Madhya Pradesh,2025-08-13,Direct
CUST11023,Ritu Malhotra,Female,49.0,Kolkata,West Bengal,2025-09-05,Organic Search
CUST11024,Sunita Joshi,Female,32.0,Vadodara,Gujarat,2025-04-05,Social Media
CUST11025,Vivaan Bansal,Male,43.0,Pune,Maharashtra,2023-11-23,Direct
CUST11026,Deepak Shah,Male,36.0,Vadodara,Gujarat,2025-02-22,Organic Search
CUST11027,Vihaan Pandey,Male,25.0,Pune,Maharashtra,2023-02-02,Referral
CUST11028,Meera Rao,Female,32.0,Noida,Uttar Pradesh,2025-05-22,Paid Search
CUST11029,Juhi Gupta,Female,31.0,Agra,Uttar Pradesh,2024-08-10,Social Media
CUST11030,Naveen Iyer,Male,19.0,Bengaluru,Karnataka,2025-08-15,Organic Search
CUST11031,Ritu Sharma,Female,38.0,Indore,Madhya Pradesh,2024-04-18,Organic Search
CUST11032,Payal Kapoor,Female,40.0,Delhi,Delhi,2023-12-16,Social Media
CUST11033,Naveen Patel,Male,41.0,Chandigarh,Chandigarh,2025-09-27,Organic Search
CUST11034,Vihaan Agarwal,Male,47.0,Hyderabad,Telangana,2024-09-13,Social Media
CUST11035,Swati Mishra,Female,43.0,Kolkata,West Bengal,2025-06-20,Organic Search
CUST11036,Harsh Joshi,Male,27.0,Mumbai,Maharashtra,2025-07-26,Email
CUST11037,Preeti Kapoor,Female,29.0,Nashik,Maharashtra,2024-09-02,Organic Search
CUST11038,Aadhya Menon,Female,41.0,Noida,Uttar Pradesh,2024-07-04,Social Media
CUST11039,Krishna Gupta,Male,37.0,Kolkata,West Bengal,2024-10-03,Organic Search
CUST11040,Arjun Menon,Male,33.0,Delhi,Delhi,2025-06-08,Email
CUST11041,Nikhil Menon,Male,24.0,Nagpur,Maharashtra,2025-09-05,Organic Search
CUST11042,Tarun Iyer,Male,28.0,Hyderabad,Telangana,2024-02-26,Organic Search
CUST11043,Gaurav Desai,Male,39.0,Noida,Uttar Pradesh,2025-03-13,Organic Search
CUST11044,Riya Mukherjee,Female,18.0,Hyderabad,Telangana,2024-01-10,Email
CUST11045,Riya Mishra,Female,18.0,Jaipur,Rajasthan,2024-11-24,Organic Search
CUST11046,Meera Agarwal,Female,40.0,Mumbai,Maharashtra,2025-05-05,Email
CUST11047,Manish Chopra,Male,28.0,Kochi,Kerala,2025-07-08,Organic Search
CUST11048,Vihaan Mishra,Male,38.0,Jaipur,Rajasthan,2024-06-28,Direct
CUST11049,Pooja Banerjee,Female,49.0,Kochi,Kerala,2024-04-09,Organic Search
CUST11050,Varun Mishra,Male,23.0,Hyderabad,Telangana,2023-12-05,Organic Search
CUST11051,Sanjay Menon,Male,18.0,Pune,Maharashtra,2023-07-12,Social Media
CUST11052,Shreya Reddy,Female,30.0,Mumbai,Maharashtra,2024-04-04,Organic Search
CUST11053,Anjali Bansal,Female,26.0,Visakhapatnam,Andhra Pradesh,2025-06-27,Social Media
CUST11054,Swati Yadav,Female,33.0,Delhi,Delhi,2024-05-29,Email
CUST11055,Karthik Menon,Male,38.0,Chennai,Tamil Nadu,2024-02-14,Email
CUST11056,Ishita Kapoor,Female,36.0,Kanpur,Uttar Pradesh,2025-03-13,Organic Search
CUST11057,Ankit Pandey,Male,33.0,Mumbai,Maharashtra,2023-10-22,Organic Search
CUST11058,Naveen Sharma,Male,44.0,Patna,Bihar,2023-12-08,Organic Search
CUST11059,Reyansh Agarwal,Male,40.0,Vadodara,Gujarat,2025-08-14,Paid Search
CUST11060,Meera Nair,Female,31.0,Pune,Maharashtra,2023-05-03,Email
CUST11061,Manish Mishra,Male,39.0,Jaipur,Rajasthan,2024-05-25,Social Media
CUST11062,Radhika Kumar,Female,18.0,Mumbai,Maharashtra,2024-10-25,Referral
CUST11063,Nisha Kapoor,Female,44.0,Chennai,Tamil Nadu,2023-11-08,Social Media
CUST11064,Divya Agarwal,Female,33.0,Ludhiana,Punjab,2024-01-05,Social Media
CUST11065,Reyansh Kumar,Male,21.0,Mumbai,Maharashtra,2023-10-29,Paid Search
CUST11066,Sneha Pandey,Female,29.0,Kochi,Kerala,2024-03-15,Paid Search
CUST11067,Vivaan Menon,Male,43.0,Kolkata,West Bengal,2025-07-17,Paid Search
CUST11068,Deepak Sharma,Male,25.0,Mumbai,Maharashtra,2024-06-11,Organic Search
CUST11069,Rohan Kapoor,Male,37.0,Hyderabad,Telangana,2024-05-28,Organic Search
CUST11070,Ritu Sharma,Female,42.0,Kolkata,West Bengal,2024-04-27,Direct
CUST11071,Swati Tiwari,Female,33.0,Noida,Uttar Pradesh,2025-09-04,Referral
CUST11072,Shreya Mukherjee,Female,24.0,Indore,Madhya Pradesh,2023-06-21,Organic Search
CUST11073,Harsh Pandey,Male,32.0,Jaipur,Rajasthan,2025-06-26,Organic Search
CUST11074,Rohan Malhotra,Male,19.0,Noida,Uttar Pradesh,2024-02-25,Referral
CUST11075,Ankit Tiwari,Male,28.0,Bengaluru,Karnataka,2025-08-29,Social Media
CUST11076,Divya Das,Female,22.0,Ahmedabad,Gujarat,2024-02-12,Organic Search
CUST11077,Anjali Rao,Female,33.0,Visakhapatnam,Andhra Pradesh,2023-05-05,Referral
CUST11078,Sneha Gupta,Female,20.0,Jaipur,Rajasthan,2024-09-03,Email
CUST11079,Varun Mehta,Male,34.0,Bengaluru,Karnataka,2023-11-06,Organic Search
CUST11080,Nikhil Mishra,Male,44.0,Bhopal,Madhya Pradesh,2025-03-24,Email
CUST11081,Divya Saxena,Female,45.0,Bengaluru,Karnataka,2025-01-04,Direct
CUST11082,Vivaan Verma,Male,21.0,Pune,Maharashtra,2025-01-28,Social Media
CUST11083,Aman Mehta,Male,26.0,Agra,Uttar Pradesh,2023-09-26,Email
CUST11084,Harsh Shah,Male,42.0,Bengaluru,Karnataka,2025-02-16,Organic Search
CUST11085,Kunal Mukherjee,Male,40.0,Bhopal,Madhya Pradesh,2024-02-08,Social Media
CUST11086,Ishaan Chatterjee,Male,27.0,Nashik,Maharashtra,2025-09-30,
CUST11087,Nisha Saxena,Female,28.0,Hyderabad,Telangana,2025-03-07,Paid Search
CUST11088,Diya Nair,Female,34.0,Delhi,Delhi,2024-11-06,
CUST11089,Meera Joshi,Female,18.0,Nashik,Maharashtra,2025-06-23,Social Media
CUST11090,Naveen Bansal,Male,38.0,Chennai,Tamil Nadu,2024-11-05,Social Media
CUST11091,Kiran Sharma,Female,44.0,Hyderabad,Telangana,2024-10-03,Referral
CUST11092,Ishaan Bansal,Male,29.0,Mumbai,Maharashtra,2023-11-17,
CUST11093,Gaurav Malhotra,Male,19.0,Delhi,Delhi,2025-01-21,Social Media
CUST11094,Suresh Mishra,Male,47.0,Kolkata,West Bengal,2024-04-14,Direct
CUST11095,Rohan Tiwari,Male,35.0,Ghaziabad,Uttar Pradesh,2023-03-08,Paid Search
CUST11096,Simran Das,Female,40.0,Kolkata,West Bengal,2025-05-14,Paid Search
CUST11097,Aadhya Agarwal,Female,20.0,Bengaluru,Karnataka,2023-03-21,Organic Search
CUST11098,Abhishek Saxena,Male,20.0,Gurugram,Haryana,2025-01-16,Organic Search
CUST11099,Priya Chauhan,Female,37.0,Ahmedabad,Gujarat,2023-08-11,Organic Search
CUST11100,Abhishek Joshi,Male,43.0,Delhi,Delhi,2024-06-12,Organic Search
CUST11101,Aditya Kumar,Male,22.0,Gurugram,Haryana,2025-06-17,Paid Search
CUST11102,Swati Iyer,Female,32.0,Ahmedabad,Gujarat,2023-05-21,Direct
CUST11103,Kiran Pandey,Female,18.0,Kolkata,West Bengal,2025-01-12,Email
CUST11104,Rekha Gupta,Female,26.0,Ghaziabad,Uttar Pradesh,2024-11-26,Direct
CUST11105,Siddharth Pandey,Male,30.0,Bengaluru,Karnataka,2025-06-23,Organic Search
CUST11106,Kunal Desai,Male,38.0,Pune,Maharashtra,2023-08-31,Organic Search
CUST11107,Gaurav Yadav,Male,18.0,Nashik,Maharashtra,2025-05-01,Organic Search
CUST11108,Vikram Menon,Male,46.0,Bengaluru,Karnataka,2024-06-29,Paid Search
CUST11109,Arjun Rao,Male,31.0,Coimbatore,Tamil Nadu,2024-06-08,Organic Search
CUST11110,Harsh Saxena,Male,46.0,Delhi,Delhi,2024-04-01,Organic Search
CUST11111,Nikhil Joshi,Male,40.0,Agra,Uttar Pradesh,2024-04-26,Organic Search
CUST11112,Rajesh Malhotra,Male,42.0,Ahmedabad,Gujarat,2024-09-03,Social Media
CUST11113,Rekha Mishra,Female,53.0,Pune,Maharashtra,2023-06-06,Direct
CUST11114,Naveen Banerjee,Male,25.0,Pune,Maharashtra,2024-06-04,Organic Search
CUST11115,Rohan Gupta,Male,34.0,Delhi,Delhi,2024-12-30,Organic Search
CUST11116,Anita Mehta,Female,23.0,Delhi,Delhi,2024-08-14,Organic Search
CUST11117,Kavya Desai,Female,32.0,Indore,Madhya Pradesh,2023-08-22,Social Media
CUST11118,Varun Agarwal,Male,40.0,Ghaziabad,Uttar Pradesh,2024-04-02,Paid Search
CUST11119,Rahul Mukherjee,Male,44.0,Delhi,Delhi,2024-06-22,Organic Search
CUST11120,Manish Kapoor,Male,29.0,Bhopal,Madhya Pradesh,2025-01-13,Organic Search
CUST11121,Anjali Malhotra,Female,21.0,Hyderabad,Telangana,2025-07-19,Paid Search
CUST11122,Krishna Verma,Male,34.0,Jaipur,Rajasthan,2024-10-01,Organic Search
CUST11123,Manish Banerjee,Male,24.0,Pune,Maharashtra,2025-01-20,Social Media
CUST11124,Sunita Pandey,Female,27.0,Thane,Maharashtra,2023-04-27,Referral
CUST11125,Pooja Verma,Female,40.0,Pune,Maharashtra,2025-08-28,Direct
CUST11126,Rohan Malhotra,Male,38.0,Mumbai,Maharashtra,2024-02-12,Organic Search
CUST11127,Abhishek Das,Male,41.0,Bengaluru,Karnataka,2024-03-24,Referral
CUST11128,Rohan Chopra,Male,30.0,Ahmedabad,Gujarat,2023-10-31,Paid Search
CUST11129,Rohan Pandey,Male,43.0,Pune,Maharashtra,2023-05-07,Organic Search
CUST11130,Arjun Pandey,Male,33.0,Delhi,Delhi,2025-04-23,Organic Search
CUST11131,Anita Yadav,Female,30.0,Hyderabad,Telangana,2023-11-20,Paid Search
CUST11132,Nisha Menon,Female,22.0,Mumbai,Maharashtra,2024-01-07,Referral
CUST11133,Swati Patel,Female,18.0,Hyderabad,Telangana,2023-09-11,Direct
CUST11134,Pooja Chopra,Female,18.0,Kolkata,West Bengal,2025-09-12,Paid Search
CUST11135,Ananya Agarwal,Female,35.0,Gurugram,Haryana,2025-04-16,Email
CUST11136,Vihaan Kumar,Male,24.0,Delhi,Delhi,2025-08-10,Organic Search
CUST11137,Saanvi Agarwal,Female,18.0,Mumbai,Maharashtra,2025-06-19,Email
CUST11138,Aarav Agarwal,Male,29.0,Ahmedabad,Gujarat,2025-07-23,Organic Search
CUST11139,Kunal Das,Male,36.0,Jaipur,Rajasthan,2024-07-27,Paid Search
CUST11140,Vihaan Chauhan,Male,37.0,Jaipur,Rajasthan,2023-08-28,Email
CUST11141,Riya Mishra,Female,33.0,Hyderabad,Telangana,2024-02-24,Paid Search
CUST11142,Rekha Patel,Female,32.0,Mumbai,Maharashtra,2024-01-18,Organic Search
CUST11143,Aditya Patel,Male,28.0,Chandigarh,Chandigarh,2025-02-23,
CUST11144,Nikhil Gupta,Male,39.0,Kolkata,West Bengal,2023-02-10,Organic Search
CUST11145,Meera Mishra,Female,31.0,Visakhapatnam,Andhra Pradesh,2023-07-23,Organic Search
CUST11146,Tarun Kumar,Male,32.0,Ahmedabad,Gujarat,2025-01-25,Paid Search
CUST11147,Deepak Das,Male,43.0,Ghaziabad,Uttar Pradesh,2023-06-29,Social Media
CUST11148,Shreya Gupta,Female,41.0,Patna,Bihar,2023-03-16,Paid Search
CUST11149,Anjali Joshi,Female,31.0,Mumbai,Maharashtra,2023-06-10,Direct
CUST11150,Rajesh Menon,Male,30.0,Mumbai,Maharashtra,2025-02-01,Organic Search
CUST11151,Pranav Shah,Male,30.0,Delhi,Delhi,2023-07-20,Social Media
CUST11152,Sunita Malhotra,Female,18.0,Ghaziabad,Uttar Pradesh,2023-07-29,Organic Search
CUST11153,Krishna Banerjee,Male,44.0,Bengaluru,Karnataka,2023-11-08,Organic Search
CUST11154,Saanvi Banerjee,Female,26.0,Ahmedabad,Gujarat,2025-03-23,Organic Search
CUST11155,Nisha Saxena,Female,42.0,Jaipur,Rajasthan,2023-10-04,Organic Search
CUST11156,Ananya Rao,Female,33.0,Lucknow,Uttar Pradesh,2023-02-25,Social Media
CUST11157,Karthik Saxena,Male,47.0,Chennai,Tamil Nadu,2025-07-22,Referral
CUST11158,Naveen Chauhan,Male,38.0,Chennai,Tamil Nadu,2025-06-30,Referral
CUST11159,Yash Kumar,Male,42.0,Hyderabad,Telangana,2023-09-15,Social Media
CUST11160,Reyansh Nair,Male,27.0,Mumbai,Maharashtra,2023-12-19,Paid Search
CUST11161,Suresh Rao,Male,20.0,Delhi,Delhi,2023-09-19,Organic Search
CUST11162,Kunal Chopra,Male,34.0,Coimbatore,Tamil Nadu,2025-02-25,Organic Search
CUST11163,Ankit Mehta,Male,18.0,Kochi,Kerala,2023-12-01,Paid Search
CUST11164,Kiran Reddy,Female,28.0,Ghaziabad,Uttar Pradesh,2025-08-11,Social Media
CUST11165,Deepak Agarwal,Male,21.0,Hyderabad,Telangana,2025-05-23,Social Media
CUST11166,Manish Bansal,Male,25.0,Delhi,Delhi,2024-11-04,Email
CUST11167,Rohan Agarwal,Male,39.0,Kolkata,West Bengal,2023-01-15,Organic Search
CUST11168,Riya Banerjee,Female,38.0,Mumbai,Maharashtra,2025-07-06,Organic Search
CUST11169,Naveen Agarwal,Male,31.0,Chandigarh,Chandigarh,2025-03-04,Direct
CUST11170,Shreya Joshi,Female,36.0,Visakhapatnam,Andhra Pradesh,2025-04-22,Organic Search
CUST11171,Rajesh Chauhan,Male,28.0,Noida,Uttar Pradesh,2023-04-19,Direct
CUST11172,Pooja Chopra,Female,57.0,Agra,Uttar Pradesh,2025-02-16,Organic Search
CUST11173,Radhika Desai,Female,36.0,Chennai,Tamil Nadu,2025-05-05,Organic Search
CUST11174,Ankit Desai,Male,27.0,Hyderabad,Telangana,2025-08-30,Paid Search
CUST11175,Aditi Reddy,Female,42.0,Ghaziabad,Uttar Pradesh,2024-10-28,Organic Search
CUST11176,Radhika Joshi,Female,45.0,Jaipur,Rajasthan,2024-08-23,Direct
CUST11177,Deepak Saxena,Male,25.0,Rajkot,Gujarat,2024-06-05,Paid Search
CUST11178,Vivaan Tiwari,Male,19.0,Hyderabad,Telangana,2025-02-10,Paid Search
CUST11179,Radhika Singh,Female,21.0,Pune,Maharashtra,2025-08-03,Paid Search
CUST11180,Nisha Iyer,Female,26.0,Chennai,Tamil Nadu,2024-11-14,Organic Search
CUST11181,Riya Shah,Female,32.0,Delhi,Delhi,2023-11-05,Social Media
CUST11182,Aarav Bansal,Male,18.0,Pune,Maharashtra,2023-01-28,Organic Search
CUST11183,Rohan Das,Male,29.0,Mumbai,Maharashtra,2024-12-02,Social Media
CUST11184,Divya Pandey,Female,31.0,Ahmedabad,Gujarat,2025-06-21,Paid Search
CUST11185,Aadhya Singh,Female,36.0,Pune,Maharashtra,2023-04-11,Referral
CUST11186,Ankit Desai,Male,39.0,Delhi,Delhi,2024-05-08,Paid Search
CUST11187,Nikhil Banerjee,Male,37.0,Bhopal,Madhya Pradesh,2025-08-17,Direct
CUST11188,Sunita Joshi,Female,51.0,Delhi,Delhi,2024-08-17,Organic Search
CUST11189,Radhika Yadav,Female,44.0,Indore,Madhya Pradesh,2023-10-28,Social Media
CUST11190,Aditi Chauhan,Female,35.0,Mumbai,Maharashtra,2024-03-24,Social Media
CUST11191,Krishna Sharma,Male,23.0,Nagpur,Maharashtra,2024-05-18,Organic Search
CUST11192,Vikram Chauhan,Male,26.0,Ahmedabad,Gujarat,2023-06-21,Organic Search
CUST11193,Siddharth Saxena,Male,19.0,Patna,Bihar,2025-01-07,Social Media
CUST11194,Ishaan Agarwal,Male,35.0,Pune,Maharashtra,2024-11-08,Paid Search
CUST11195,Vihaan Patel,Male,36.0,Ahmedabad,Gujarat,2024-12-26,
CUST11196,Pranav Reddy,Male,42.0,Lucknow,Uttar Pradesh,2024-11-24,Social Media
CUST11197,Abhishek Gupta,Male,36.0,Ahmedabad,Gujarat,2023-01-27,Organic Search
CUST11198,Pranav Saxena,Male,44.0,Hyderabad,Telangana,2023-09-02,Organic Search
CUST11199,Tanvi Menon,Female,44.0,Chennai,Tamil Nadu,2023-08-22,Organic Search
CUST11200,Manish Mishra,Male,23.0,Indore,Madhya Pradesh,2023-05-25,Paid Search
CUST11201,Arjun Bansal,Male,28.0,Surat,Gujarat,2025-03-10,Direct
CUST11202,Ishita Nair,Female,33.0,Chandigarh,Chandigarh,2023-06-24,Referral
CUST11203,Harsh Mehta,Male,26.0,Mumbai,Maharashtra,2025-01-13,Organic Search
CUST11204,Ishita Chatterjee,Female,31.0,Delhi,Delhi,2023-09-07,Organic Search
CUST11205,Nisha Nair,Female,36.0,Kolkata,West Bengal,2023-06-22,Referral
CUST11206,Nisha Das,Female,32.0,Kanpur,Uttar Pradesh,2023-08-18,Social Media
CUST11207,Suresh Sharma,Male,33.0,Mumbai,Maharashtra,2024-08-23,Organic Search
CUST11208,Kavya Desai,Female,24.0,Bengaluru,Karnataka,2024-12-24,Direct
CUST11209,Divya Pandey,Female,38.0,Kochi,Kerala,2025-05-11,Direct
CUST11210,Neha Shah,Female,37.0,Hyderabad,Telangana,2023-07-05,Paid Search
CUST11211,Aarav Nair,Male,25.0,Ahmedabad,Gujarat,2024-11-29,Direct
CUST11212,Ishita Mishra,Female,20.0,Bengaluru,Karnataka,2025-04-10,Social Media
CUST11213,Kiran Malhotra,Female,45.0,Mumbai,Maharashtra,2024-02-09,Referral
CUST11214,Deepak Sharma,Male,50.0,Bengaluru,Karnataka,2023-04-30,Paid Search
CUST11215,Nikhil Menon,Male,35.0,Delhi,Delhi,2023-08-10,Paid Search
CUST11216,Preeti Singh,Female,29.0,Ahmedabad,Gujarat,2023-05-17,Paid Search
CUST11217,Manish Mehta,Male,43.0,Bengaluru,Karnataka,2025-07-08,Organic Search
CUST11218,Sneha Bansal,Female,38.0,Ahmedabad,Gujarat,2024-04-17,Paid Search
CUST11219,Ishita Gupta,Female,31.0,Bengaluru,Karnataka,2024-09-06,Paid Search
CUST11220,Harsh Rao,Male,43.0,Chandigarh,Chandigarh,2025-04-06,Organic Search
CUST11221,Vivaan Kumar,Male,25.0,Bengaluru,Karnataka,2024-04-11,Direct
CUST11222,Ishita Bansal,Female,26.0,Delhi,Delhi,2024-12-27,Organic Search
CUST11223,Harsh Iyer,Male,37.0,Bhopal,Madhya Pradesh,2023-04-26,Direct
CUST11224,Kiran Banerjee,Female,34.0,Vadodara,Gujarat,2024-07-29,Paid Search
CUST11225,Siddharth Kumar,Male,39.0,Pune,Maharashtra,2023-05-23,Paid Search
CUST11226,Vihaan Mishra,Male,45.0,Hyderabad,Telangana,2023-11-29,Referral
CUST11227,Krishna Pandey,Male,18.0,Ghaziabad,Uttar Pradesh,2024-01-19,Paid Search
CUST11228,Varun Bansal,Male,33.0,Kanpur,Uttar Pradesh,2025-02-23,Organic Search
CUST11229,Riya Yadav,Female,52.0,Ahmedabad,Gujarat,2025-01-18,Organic Search
CUST11230,Vikram Saxena,Male,27.0,Ahmedabad,Gujarat,2025-03-20,Social Media
CUST11231,Abhishek Das,Male,26.0,Mumbai,Maharashtra,2023-04-04,Referral
CUST11232,Kiran Pandey,Female,18.0,Mumbai,Maharashtra,2025-09-26,Paid Search
CUST11233,Sunita Pandey,Female,34.0,Delhi,Delhi,2023-03-25,Organic Search
CUST11234,Yash Banerjee,Male,39.0,Bengaluru,Karnataka,2025-05-22,Direct
CUST11235,Tanvi Patel,Female,39.0,Gurugram,Haryana,2025-03-14,Social Media
CUST11236,Siddharth Joshi,Male,23.0,Ghaziabad,Uttar Pradesh,2024-11-07,Social Media
CUST11237,Preeti Bansal,Female,33.0,Mumbai,Maharashtra,2024-06-18,Email
CUST11238,Ishita Malhotra,Female,35.0,Mumbai,Maharashtra,2025-03-28,Organic Search
CUST11239,Riya Chopra,Female,34.0,Jaipur,Rajasthan,2025-03-14,Social Media
CUST11240,Komal Patel,Female,22.0,Ahmedabad,Gujarat,2023-07-17,Paid Search
CUST11241,Sneha Singh,Female,34.0,Vadodara,Gujarat,2025-04-25,Organic Search
CUST11242,Arjun Rao,Male,25.0,Noida,Uttar Pradesh,2023-04-28,Organic Search
CUST11243,Kavya Das,Female,18.0,Kolkata,West Bengal,2024-08-16,Direct
CUST11244,Riya Shah,Female,40.0,Delhi,Delhi,2024-12-24,
CUST11245,Abhishek Patel,Male,34.0,Coimbatore,Tamil Nadu,2025-05-18,Organic Search
CUST11246,Swati Saxena,Female,39.0,Chennai,Tamil Nadu,2024-07-12,Organic Search
CUST11247,Radhika Agarwal,Female,28.0,Chennai,Tamil Nadu,2023-11-16,Organic Search
CUST11248,Juhi Nair,Female,39.0,Nagpur,Maharashtra,2024-08-07,
CUST11249,Pranav Singh,Male,43.0,Ahmedabad,Gujarat,2023-12-02,Social Media
CUST11250,Anjali Kumar,Female,51.0,Bengaluru,Karnataka,2024-09-11,Social Media
CUST11251,Deepak Iyer,Male,41.0,Thane,Maharashtra,2024-07-11,Organic Search
CUST11252,Preeti Shah,Female,37.0,Delhi,Delhi,2025-04-16,Paid Search
CUST11253,Rohan Sharma,Male,19.0,Mumbai,Maharashtra,2023-11-20,Paid Search
CUST11254,Riya Yadav,Female,32.0,Kolkata,West Bengal,2023-10-03,
CUST11255,Ishaan Mehta,Male,19.0,Mumbai,Maharashtra,2024-07-22,Social Media
CUST11256,Saanvi Chauhan,Female,25.0,Patna,Bihar,2023-03-19,Social Media
CUST11257,Gaurav Tiwari,Male,53.0,Kochi,Kerala,2023-11-07,Social Media
CUST11258,Kavya Banerjee,Female,23.0,Noida,Uttar Pradesh,2024-03-24,Social Media
CUST11259,Simran Mehta,Female,18.0,Delhi,Delhi,2024-08-04,Direct
CUST11260,Varun Kapoor,Male,41.0,Gurugram,Haryana,2023-12-23,Social Media
CUST11261,Ritu Tiwari,Female,26.0,Delhi,Delhi,2024-10-11,Referral
CUST11262,Ritu Agarwal,Female,41.0,Hyderabad,Telangana,2025-07-01,Paid Search
CUST11263,Gaurav Kumar,Male,21.0,Mumbai,Maharashtra,2024-09-25,Organic Search
CUST11264,Ishaan Yadav,Male,29.0,Ghaziabad,Uttar Pradesh,2024-01-12,Organic Search
CUST11265,Vihaan Das,Male,45.0,Bengaluru,Karnataka,2023-04-05,Paid Search
CUST11266,Harsh Chatterjee,Male,20.0,Lucknow,Uttar Pradesh,2023-07-16,Email
CUST11267,Deepak Patel,Male,31.0,Bhopal,Madhya Pradesh,2024-10-11,Social Media
CUST11268,Preeti Das,Female,36.0,Ahmedabad,Gujarat,2025-01-26,Organic Search
CUST11269,Ishaan Agarwal,,26.0,Patna,Bihar,2023-03-18,Organic Search
CUST11270,Preeti Iyer,Female,35.0,Hyderabad,Telangana,2023-09-16,Paid Search
CUST11271,Ankit Tiwari,Male,33.0,Delhi,Delhi,2024-02-16,Paid Search
CUST11272,Preeti Patel,Female,38.0,Chennai,Tamil Nadu,2024-02-17,Social Media
CUST11273,Anjali Sharma,Female,51.0,Indore,Madhya Pradesh,2025-08-31,Organic Search
CUST11274,Preeti Mukherjee,Female,60.0,Mumbai,Maharashtra,2023-10-08,Paid Search
CUST11275,Kavya Patel,Female,38.0,Vadodara,Gujarat,2023-04-06,Paid Search
CUST11276,Aarav Kapoor,Male,32.0,Bengaluru,Karnataka,2024-03-23,Direct
CUST11277,Pooja Chatterjee,Female,37.0,Kanpur,Uttar Pradesh,2023-07-13,Direct
CUST11278,Riya Menon,Female,31.0,Delhi,Delhi,2023-07-03,Paid Search
CUST11279,Divya Chatterjee,Female,18.0,Ahmedabad,Gujarat,2024-05-18,Organic Search
CUST11280,Rahul Singh,Male,33.0,Chennai,Tamil Nadu,2024-02-02,Direct
CUST11281,Komal Reddy,Female,44.0,Chennai,Tamil Nadu,2023-05-17,Referral
CUST11282,Aarav Chatterjee,Male,18.0,Bengaluru,Karnataka,2024-11-19,Social Media
CUST11283,Pooja Agarwal,Female,23.0,Pune,Maharashtra,2024-08-17,Social Media
CUST11284,Sneha Pandey,Female,27.0,Bengaluru,Karnataka,2023-04-26,Social Media
CUST11285,Rohan Reddy,Male,37.0,Delhi,Delhi,2025-06-19,
CUST11286,Aditya Kumar,Male,57.0,Delhi,Delhi,2024-01-09,Referral
CUST11287,Karthik Nair,Male,25.0,Coimbatore,Tamil Nadu,2025-09-02,Social Media
CUST11288,Ishaan Iyer,Male,34.0,Delhi,Delhi,2025-08-11,Social Media
CUST11289,Vivaan Chatterjee,Male,33.0,Ahmedabad,Gujarat,2024-06-13,Direct
CUST11290,Aditya Desai,Male,30.0,Bengaluru,Karnataka,2023-11-06,Direct
CUST11291,Ishaan Menon,Male,33.0,Surat,Gujarat,2025-05-29,Paid Search
CUST11292,Shreya Mehta,Female,28.0,Hyderabad,Telangana,2024-04-01,Direct
CUST11293,Aadhya Gupta,Female,60.0,Bengaluru,Karnataka,2023-08-19,Paid Search
CUST11294,Pranav Yadav,Male,40.0,Noida,Uttar Pradesh,2024-10-02,Organic Search
CUST11295,Vivaan Agarwal,Male,28.0,Guwahati,Assam,2024-08-06,Organic Search
CUST11296,Meera Chauhan,Female,45.0,Delhi,Delhi,2025-06-10,Organic Search
CUST11297,Rahul Patel,Male,36.0,Nagpur,Maharashtra,2025-03-05,Paid Search
CUST11298,Varun Chauhan,Male,34.0,Coimbatore,Tamil Nadu,2025-06-30,Direct
CUST11299,Aarav Mishra,Male,31.0,Noida,Uttar Pradesh,2025-03-09,Organic Search
CUST11300,Sneha Chauhan,Female,30.0,Hyderabad,Telangana,2024-12-22,Direct
CUST11301,Deepak Verma,Male,21.0,Patna,Bihar,2024-08-16,Organic Search
CUST11302,Radhika Nair,Female,18.0,Hyderabad,Telangana,2025-09-21,Organic Search
CUST11303,Vihaan Saxena,Male,37.0,Surat,Gujarat,2025-08-31,Organic Search
CUST11304,Aman Das,Male,31.0,Kolkata,West Bengal,2025-06-09,Social Media
CUST11305,Gaurav Bansal,Male,42.0,Indore,Madhya Pradesh,2025-04-11,Direct
CUST11306,Neha Rao,Female,24.0,Chandigarh,Chandigarh,2024-10-26,Organic Search
CUST11307,Radhika Chatterjee,Female,22.0,Delhi,Delhi,2023-12-12,Organic Search
CUST11308,Kavya Iyer,Female,41.0,Bengaluru,Karnataka,2025-06-29,Referral
CUST11309,Divya Bansal,Female,30.0,Jaipur,Rajasthan,2023-01-18,Paid Search
CUST11310,Vihaan Kumar,Male,42.0,Ahmedabad,Gujarat,2023-11-05,Paid Search
CUST11311,Nikhil Chatterjee,Male,33.0,Pune,Maharashtra,2024-05-14,Paid Search
CUST11312,Diya Pandey,Female,52.0,Patna,Bihar,2024-11-02,Social Media
CUST11313,Aarav Chauhan,Male,41.0,Nagpur,Maharashtra,2024-10-11,Paid Search
CUST11314,Rekha Yadav,Female,37.0,Visakhapatnam,Andhra Pradesh,2023-09-04,Social Media
CUST11315,Juhi Singh,Female,41.0,Delhi,Delhi,2023-06-04,Referral
CUST11316,Deepak Joshi,Male,30.0,Mumbai,Maharashtra,2023-10-30,
CUST11317,Siddharth Rao,Male,18.0,Nashik,Maharashtra,2024-03-19,Email
CUST11318,Nisha Saxena,Female,37.0,Chennai,Tamil Nadu,2023-01-23,Direct
CUST11319,Tarun Joshi,Male,52.0,Lucknow,Uttar Pradesh,2025-02-02,Organic Search
CUST11320,Gaurav Mishra,Male,18.0,Mumbai,Maharashtra,2023-11-29,Organic Search
CUST11321,Reyansh Patel,Male,38.0,Indore,Madhya Pradesh,2024-03-21,Social Media
CUST11322,Ishaan Yadav,Male,18.0,Mumbai,Maharashtra,2024-03-04,Social Media
CUST11323,Krishna Menon,Male,33.0,Patna,Bihar,2024-08-27,Paid Search
CUST11324,Aadhya Banerjee,Female,34.0,Mumbai,Maharashtra,2025-06-17,Direct
CUST11325,Siddharth Yadav,Male,40.0,Mumbai,Maharashtra,2023-08-01,Organic Search
CUST11326,Aditya Patel,Male,35.0,Hyderabad,Telangana,2024-03-10,Organic Search
CUST11327,Payal Kumar,Female,47.0,Bengaluru,Karnataka,2025-02-02,Organic Search
CUST11328,Rahul Verma,Male,45.0,Kochi,Kerala,2023-03-10,Referral
CUST11329,Deepak Das,Male,31.0,Chennai,Tamil Nadu,2025-05-25,Organic Search
CUST11330,Kiran Malhotra,Female,44.0,Chennai,Tamil Nadu,2025-09-02,Social Media
CUST11331,Karthik Mishra,Male,30.0,Mumbai,Maharashtra,2024-11-21,Direct
CUST11332,Radhika Bansal,Female,28.0,Kolkata,West Bengal,2025-08-29,Organic Search
CUST11333,Aditi Desai,Female,21.0,Mumbai,Maharashtra,2024-05-23,Organic Search
CUST11334,Aditi Mukherjee,Female,46.0,Surat,Gujarat,2024-05-25,Referral
CUST11335,Harsh Chatterjee,Male,30.0,Kochi,Kerala,2023-06-06,Organic Search
CUST11336,Ankit Chatterjee,Male,18.0,Hyderabad,Telangana,2023-02-25,Paid Search
CUST11337,Sneha Yadav,Female,38.0,Vadodara,Gujarat,2023-11-25,Social Media
CUST11338,Arjun Nair,Male,29.0,Noida,Uttar Pradesh,2024-07-26,Social Media
CUST11339,Aditi Rao,Female,30.0,Noida,Uttar Pradesh,2024-08-23,Organic Search
CUST11340,Sunita Pandey,Female,31.0,Thane,Maharashtra,2023-10-24,Referral
CUST11341,Aditi Pandey,Female,30.0,Nashik,Maharashtra,2024-11-26,Email
CUST11342,Reyansh Agarwal,Male,60.0,Hyderabad,Telangana,2023-09-10,
CUST11343,Payal Kapoor,Female,50.0,Jaipur,Rajasthan,2024-02-24,Organic Search
CUST11344,Preeti Nair,Female,40.0,Lucknow,Uttar Pradesh,2023-09-28,Social Media
CUST11345,Harsh Agarwal,Male,35.0,Bengaluru,Karnataka,2025-02-06,Paid Search
CUST11346,Komal Bansal,Female,44.0,Hyderabad,Telangana,2024-08-31,Paid Search
CUST11347,Nikhil Mukherjee,Male,35.0,Ahmedabad,Gujarat,2025-03-11,Organic Search
CUST11348,Anita Iyer,Female,41.0,Mumbai,Maharashtra,2023-03-29,Social Media
CUST11349,Tarun Singh,Male,,Chennai,Tamil Nadu,2024-06-05,Organic Search
CUST11350,Abhishek Joshi,Male,34.0,Patna,Bihar,2025-09-06,Paid Search
CUST11351,Neha Mukherjee,Female,42.0,Lucknow,Uttar Pradesh,2023-03-24,Social Media
CUST11352,Vihaan Kapoor,Male,29.0,Surat,Gujarat,2024-05-29,Direct
CUST11353,Tarun Sharma,Male,34.0,Jaipur,Rajasthan,2023-03-04,Organic Search
CUST11354,Gaurav Desai,Male,23.0,Mumbai,Maharashtra,2023-07-29,Social Media
CUST11355,Rekha Yadav,Female,24.0,Mumbai,Maharashtra,2024-07-11,Organic Search
CUST11356,Ankit Joshi,Male,18.0,Delhi,Delhi,2023-08-12,Organic Search
CUST11357,Radhika Chatterjee,Female,38.0,Chandigarh,Chandigarh,2024-09-02,Organic Search
CUST11358,Riya Saxena,Female,40.0,Agra,Uttar Pradesh,2025-08-04,Referral
CUST11359,Varun Desai,Male,44.0,Jaipur,Rajasthan,2023-10-04,Paid Search
CUST11360,Aman Bansal,Male,22.0,Ahmedabad,Gujarat,2023-06-07,Direct
CUST11361,Aditya Shah,Male,37.0,Noida,Uttar Pradesh,2025-05-21,Organic Search
CUST11362,Aditi Patel,Female,33.0,Mumbai,Maharashtra,2024-07-09,Social Media
CUST11363,Ananya Mishra,Female,40.0,Mumbai,Maharashtra,2025-07-05,Paid Search
CUST11364,Sneha Mishra,Female,26.0,Surat,Gujarat,2024-02-02,Social Media
CUST11365,Ananya Singh,Female,30.0,Pune,Maharashtra,2024-12-09,Direct
CUST11366,Sunita Tiwari,Female,18.0,Kochi,Kerala,2025-08-05,Direct
CUST11367,Meera Chopra,Female,26.0,Vadodara,Gujarat,2023-08-30,Referral
CUST11368,Aarav Reddy,Male,33.0,Gurugram,Haryana,2025-05-02,Organic Search
CUST11369,Kiran Shah,Female,35.0,Indore,Madhya Pradesh,2024-12-12,Email
CUST11370,Reyansh Kapoor,Male,18.0,Gurugram,Haryana,2025-05-11,Direct
CUST11371,Ishaan Gupta,Male,28.0,Kanpur,Uttar Pradesh,2023-08-28,Paid Search
CUST11372,Krishna Chopra,Male,35.0,Pune,Maharashtra,2024-06-13,Paid Search
CUST11373,Nikhil Yadav,Male,47.0,Jaipur,Rajasthan,2023-07-06,Paid Search
CUST11374,Vivaan Mukherjee,Male,25.0,Coimbatore,Tamil Nadu,2025-09-01,Social Media
CUST11375,Radhika Yadav,Female,38.0,Delhi,Delhi,2023-04-06,Organic Search
CUST11376,Rekha Malhotra,Female,27.0,Pune,Maharashtra,2023-04-10,Organic Search
CUST11377,Ishita Joshi,Female,29.0,Ahmedabad,Gujarat,2025-07-17,Organic Search
CUST11378,Aditya Menon,Male,24.0,Lucknow,Uttar Pradesh,2024-01-27,Social Media
CUST11379,Karthik Kapoor,Male,23.0,Jaipur,Rajasthan,2024-11-12,Organic Search
CUST11380,Ritu Saxena,Female,28.0,Ahmedabad,Gujarat,2024-01-13,Direct
CUST11381,Tanvi Singh,Female,43.0,Nagpur,Maharashtra,2024-12-27,Social Media
CUST11382,Diya Patel,Female,25.0,Pune,Maharashtra,2023-09-24,Organic Search
CUST11383,Kunal Kapoor,Male,24.0,Delhi,Delhi,2024-07-07,
CUST11384,Deepak Saxena,Male,35.0,Lucknow,Uttar Pradesh,2024-09-16,Organic Search
CUST11385,Shreya Banerjee,Female,33.0,Mumbai,Maharashtra,2024-03-03,Email
CUST11386,Ankit Iyer,Male,32.0,Ghaziabad,Uttar Pradesh,2023-12-03,Direct
CUST11387,Kavya Tiwari,Female,36.0,Chandigarh,Chandigarh,2023-07-21,Paid Search
CUST11388,Tarun Reddy,Male,23.0,Mumbai,Maharashtra,2025-02-14,Organic Search
CUST11389,Vihaan Rao,Male,24.0,Bengaluru,Karnataka,2023-08-25,Paid Search
CUST11390,Anjali Menon,Female,43.0,Delhi,Delhi,2024-01-18,Social Media
CUST11391,Tarun Mukherjee,Male,32.0,Visakhapatnam,Andhra Pradesh,2024-03-06,Paid Search
CUST11392,Harsh Verma,Male,39.0,Mumbai,Maharashtra,2024-07-03,Email
CUST11393,Aadhya Menon,Female,45.0,Pune,Maharashtra,2025-02-11,Organic Search
CUST11394,Aditya Joshi,Male,41.0,Ahmedabad,Gujarat,2024-06-07,Referral
CUST11395,Ishaan Singh,Male,19.0,Bhopal,Madhya Pradesh,2025-06-26,Paid Search
CUST11396,Saanvi Chatterjee,Female,32.0,Lucknow,Uttar Pradesh,2025-01-23,Social Media
CUST11397,Karthik Rao,Male,43.0,Pune,Maharashtra,2025-06-01,Organic Search
CUST11398,Pooja Singh,Female,38.0,Kolkata,West Bengal,2025-02-22,
CUST11399,Vihaan Mishra,Male,35.0,Visakhapatnam,Andhra Pradesh,2023-08-01,Paid Search
CUST11400,Vihaan Nair,Male,18.0,Kolkata,West Bengal,2025-09-14,Social Media
CUST11401,Krishna Banerjee,Male,27.0,Chennai,Tamil Nadu,2025-04-20,Direct
CUST11402,Payal Mukherjee,Female,34.0,Mumbai,Maharashtra,2024-10-21,Organic Search
CUST11403,Harsh Kumar,Male,19.0,Bengaluru,Karnataka,2023-08-22,Direct
CUST11404,Rekha Das,Female,41.0,Ahmedabad,Gujarat,2023-08-31,Organic Search
CUST11405,Aarav Mehta,Male,32.0,Jaipur,Rajasthan,2024-11-27,Direct
CUST11406,Sanjay Desai,Male,18.0,Kanpur,Uttar Pradesh,2024-05-27,Organic Search
CUST11407,Riya Singh,Female,27.0,Noida,Uttar Pradesh,2025-01-19,Paid Search
CUST11408,Arjun Bansal,Male,30.0,Bengaluru,Karnataka,2024-04-12,Email
CUST11409,Ishita Chauhan,Female,32.0,Pune,Maharashtra,2024-08-28,Paid Search
CUST11410,Aadhya Saxena,Female,47.0,Bhopal,Madhya Pradesh,2023-09-19,Direct
CUST11411,Rekha Pandey,Female,39.0,Hyderabad,Telangana,2023-08-09,Direct
CUST11412,Manish Kapoor,Male,19.0,Pune,Maharashtra,2023-04-24,Organic Search
CUST11413,Sneha Kumar,Female,18.0,Chennai,Tamil Nadu,2025-05-17,Organic Search
CUST11414,Varun Gupta,Male,30.0,Ahmedabad,Gujarat,2024-10-06,Organic Search
CUST11415,Divya Gupta,Female,34.0,Mumbai,Maharashtra,2025-08-23,Organic Search
CUST11416,Sanjay Chauhan,Male,43.0,Mumbai,Maharashtra,2025-03-22,Social Media
CUST11417,Reyansh Agarwal,Male,50.0,Bengaluru,Karnataka,2025-04-06,Organic Search
CUST11418,Pooja Shah,Female,51.0,Chandigarh,Chandigarh,2024-08-24,Paid Search
CUST11419,Pranav Mehta,Male,29.0,Delhi,Delhi,2025-05-13,Organic Search
CUST11420,Anita Gupta,Female,42.0,Mumbai,Maharashtra,2025-08-19,Referral
CUST11421,Arjun Saxena,Male,37.0,Surat,Gujarat,2025-02-27,Organic Search
CUST11422,Siddharth Mehta,Male,22.0,Noida,Uttar Pradesh,2023-06-05,Social Media
CUST11423,Juhi Chauhan,Female,18.0,Mumbai,Maharashtra,2024-12-29,Social Media
CUST11424,Ishaan Agarwal,Male,34.0,Thane,Maharashtra,2023-06-25,Paid Search
CUST11425,Neha Yadav,,18.0,Delhi,Delhi,2023-04-27,Email
CUST11426,Rohan Desai,Male,24.0,Delhi,Delhi,2025-02-03,Organic Search
CUST11427,Tarun Shah,Male,26.0,Gurugram,Haryana,2025-05-29,Social Media
CUST11428,Krishna Shah,Male,35.0,Nagpur,Maharashtra,2023-08-14,Organic Search
CUST11429,Gaurav Tiwari,Male,46.0,Pune,Maharashtra,2023-04-22,
CUST11430,Yash Das,Male,33.0,Delhi,Delhi,2025-07-08,Direct
CUST11431,Shreya Malhotra,Female,28.0,Pune,Maharashtra,2023-07-10,Organic Search
CUST11432,Yash Mukherjee,Male,18.0,Mumbai,Maharashtra,2023-02-24,Organic Search
CUST11433,Kiran Nair,Female,38.0,Ahmedabad,Gujarat,2025-02-26,Organic Search
CUST11434,Aditi Chopra,Female,33.0,Indore,Madhya Pradesh,2025-06-08,Social Media
CUST11435,Rekha Chauhan,Female,28.0,Pune,Maharashtra,2024-08-29,Email
CUST11436,Deepak Mehta,Male,45.0,Kanpur,Uttar Pradesh,2024-09-22,Organic Search
CUST11437,Suresh Kumar,Male,21.0,Delhi,Delhi,2024-03-06,Paid Search
CUST11438,Reyansh Verma,Male,26.0,Bhopal,Madhya Pradesh,2023-11-18,Referral
CUST11439,Aadhya Mishra,Female,31.0,Noida,Uttar Pradesh,2025-03-26,Email
CUST11440,Diya Malhotra,Female,27.0,Chandigarh,Chandigarh,2025-06-09,Referral
CUST11441,Naveen Chopra,Male,39.0,Mumbai,Maharashtra,2024-02-18,Organic Search
CUST11442,Ishaan Verma,Male,38.0,Mumbai,Maharashtra,2023-12-28,Organic Search
CUST11443,Meera Iyer,Female,44.0,Kolkata,West Bengal,2023-12-22,Paid Search
CUST11444,Varun Verma,Male,38.0,Pune,Maharashtra,2023-03-19,Paid Search
CUST11445,Harsh Malhotra,Male,32.0,Agra,Uttar Pradesh,2024-01-05,Email
CUST11446,Karthik Nair,Male,30.0,Ahmedabad,Gujarat,2023-02-10,Direct
CUST11447,Suresh Saxena,Male,38.0,Kolkata,West Bengal,2025-04-22,Social Media
CUST11448,Aman Chopra,Male,31.0,Delhi,Delhi,2023-12-08,Paid Search
CUST11449,Anita Kumar,Female,33.0,Gurugram,Haryana,2025-01-31,Social Media
CUST11450,Preeti Patel,Female,38.0,Delhi,Delhi,2024-09-25,Organic Search
CUST11451,Ishita Singh,Female,34.0,Coimbatore,Tamil Nadu,2025-05-31,Paid Search
CUST11452,Rahul Mehta,Male,36.0,Coimbatore,Tamil Nadu,2025-09-01,Organic Search
CUST11453,Manish Saxena,Male,25.0,Mumbai,Maharashtra,2024-04-07,Social Media
CUST11454,Ishita Saxena,Female,46.0,Visakhapatnam,Andhra Pradesh,2023-05-12,Email
CUST11455,Karthik Reddy,Male,22.0,Hyderabad,Telangana,2025-03-22,Direct
CUST11456,Aditya Mehta,Male,37.0,Bengaluru,Karnataka,2023-02-03,Paid Search
CUST11457,Tarun Mehta,Male,28.0,Ahmedabad,Gujarat,2023-10-31,Organic Search
CUST11458,Preeti Mukherjee,Female,44.0,Gurugram,Haryana,2023-03-23,Organic Search
CUST11459,Vivaan Banerjee,Male,42.0,Ahmedabad,Gujarat,2025-07-17,Direct
CUST11460,Ishita Chatterjee,Female,33.0,Bengaluru,Karnataka,2023-01-09,Organic Search
CUST11461,Gaurav Gupta,Male,49.0,Pune,Maharashtra,2024-08-09,Paid Search
CUST11462,Rekha Mehta,Female,31.0,Chennai,Tamil Nadu,2024-06-03,Organic Search
CUST11463,Harsh Chatterjee,Male,42.0,Mumbai,Maharashtra,2024-12-31,Referral
CUST11464,Juhi Shah,Female,26.0,Delhi,Delhi,2024-01-15,Organic Search
CUST11465,Rajesh Desai,Male,37.0,Mumbai,Maharashtra,2025-06-28,Paid Search
CUST11466,Ananya Kumar,Female,24.0,Pune,Maharashtra,2025-03-09,Email
CUST11467,Rohan Nair,Male,33.0,Lucknow,Uttar Pradesh,2024-06-11,Social Media
CUST11468,Juhi Agarwal,Female,32.0,Indore,Madhya Pradesh,2024-03-28,Social Media
CUST11469,Riya Joshi,Female,42.0,Delhi,Delhi,2025-05-14,Organic Search
CUST11470,Diya Mishra,Female,26.0,Vadodara,Gujarat,2025-03-28,Organic Search
CUST11471,Suresh Reddy,Male,64.0,Chennai,Tamil Nadu,2024-05-09,Organic Search
CUST11472,Suresh Sharma,Male,19.0,Mumbai,Maharashtra,2024-03-11,Direct
CUST11473,Priya Mukherjee,Female,35.0,Gurugram,Haryana,2023-03-02,Organic Search
CUST11474,Rekha Shah,Female,36.0,Nagpur,Maharashtra,2023-05-03,Paid Search
CUST11475,Nikhil Singh,Male,38.0,Pune,Maharashtra,2023-03-24,Organic Search
CUST11476,Arjun Sharma,Male,28.0,Mumbai,Maharashtra,2023-02-08,Paid Search
CUST11477,Varun Joshi,Male,35.0,Mumbai,Maharashtra,2023-08-06,Organic Search
CUST11478,Krishna Iyer,Male,27.0,Pune,Maharashtra,2025-06-15,Referral
CUST11479,Harsh Rao,Male,52.0,Rajkot,Gujarat,2025-04-30,Direct
CUST11480,Neha Iyer,Female,27.0,Lucknow,Uttar Pradesh,2025-06-06,Paid Search
CUST11481,Krishna Agarwal,Male,32.0,Mumbai,Maharashtra,2024-12-06,Referral
CUST11482,Juhi Shah,Female,26.0,Lucknow,Uttar Pradesh,2024-12-06,Organic Search
CUST11483,Aditi Mukherjee,Female,25.0,Hyderabad,Telangana,2023-06-29,Paid Search
CUST11484,Rajesh Saxena,Male,19.0,Delhi,Delhi,2025-02-08,Organic Search
CUST11485,Pranav Verma,Male,40.0,Vadodara,Gujarat,2024-01-04,Paid Search
CUST11486,Saanvi Kapoor,Female,26.0,Jaipur,Rajasthan,2024-09-03,Paid Search
CUST11487,Deepak Malhotra,Male,25.0,Indore,Madhya Pradesh,2025-08-28,Social Media
CUST11488,Kavya Menon,Female,23.0,Delhi,Delhi,2025-06-25,Referral
CUST11489,Shreya Yadav,Female,36.0,Delhi,Delhi,2023-11-12,Direct
CUST11490,Rajesh Malhotra,Male,33.0,Kolkata,West Bengal,2025-03-11,Organic Search
CUST11491,Sneha Chopra,Female,33.0,Pune,Maharashtra,2023-06-03,Social Media
CUST11492,Aditya Singh,Male,25.0,Jaipur,Rajasthan,2023-02-11,Referral
CUST11493,Siddharth Das,Male,37.0,Thane,Maharashtra,2023-02-14,Paid Search
CUST11494,Neha Patel,Female,26.0,Lucknow,Uttar Pradesh,2023-08-28,Social Media
CUST11495,Sanjay Gupta,Male,34.0,Kanpur,Uttar Pradesh,2025-02-04,Social Media
CUST11496,Krishna Menon,Male,32.0,Delhi,Delhi,2024-04-03,Organic Search
CUST11497,Sanjay Gupta,Male,18.0,Chennai,Tamil Nadu,2023-01-26,Social Media
CUST11498,Kunal Sharma,Male,53.0,Jaipur,Rajasthan,2025-09-22,Social Media
CUST11499,Gaurav Saxena,Male,,Kolkata,West Bengal,2024-09-16,Organic Search
CUST11500,Juhi Pandey,Female,35.0,Hyderabad,Telangana,2024-05-04,Direct
CUST11501,Ankit Patel,Male,36.0,Gurugram,Haryana,2024-09-02,Organic Search
CUST11502,Rekha Kumar,Female,54.0,Delhi,Delhi,2024-09-03,Direct
CUST11503,Tarun Nair,Male,44.0,Kochi,Kerala,2024-07-18,Social Media
CUST11504,Vivaan Singh,Male,36.0,Visakhapatnam,Andhra Pradesh,2024-11-26,Organic Search
CUST11505,Ishita Nair,Female,26.0,Jaipur,Rajasthan,2025-07-07,Organic Search
CUST11506,Kavya Chopra,Female,27.0,Delhi,Delhi,2024-01-28,Email
CUST11507,Swati Mehta,Female,,Pune,Maharashtra,2024-08-03,Organic Search
CUST11508,Vihaan Bansal,Male,29.0,Mumbai,Maharashtra,2023-01-06,Organic Search
CUST11509,Vivaan Mishra,Male,40.0,Gurugram,Haryana,2025-06-17,Social Media
CUST11510,Neha Verma,Female,39.0,Bengaluru,Karnataka,2024-02-02,Direct
CUST11511,Simran Das,Female,39.0,Ahmedabad,Gujarat,2023-12-25,Paid Search
CUST11512,Juhi Gupta,Female,28.0,Lucknow,Uttar Pradesh,2025-09-29,Paid Search
CUST11513,Siddharth Das,Male,39.0,Mumbai,Maharashtra,2024-11-01,Email
CUST11514,Karthik Verma,Male,41.0,Pune,Maharashtra,2023-06-28,Social Media
CUST11515,Vihaan Banerjee,Male,18.0,Indore,Madhya Pradesh,2023-12-19,Organic Search
CUST11516,Vikram Menon,Male,36.0,Delhi,Delhi,2024-03-23,Social Media
CUST11517,Deepak Tiwari,Male,54.0,Delhi,Delhi,2025-09-20,Paid Search
CUST11518,Aditya Patel,Male,30.0,Kolkata,West Bengal,2024-06-10,Organic Search
CUST11519,Sanjay Singh,Male,18.0,Pune,Maharashtra,2023-11-08,Organic Search
CUST11520,Anjali Gupta,Female,25.0,Chennai,Tamil Nadu,2024-10-19,Social Media
CUST11521,Diya Kumar,Female,18.0,Bengaluru,Karnataka,2024-05-15,Organic Search
CUST11522,Saanvi Joshi,Female,27.0,Chennai,Tamil Nadu,2023-03-26,Email
CUST11523,Nikhil Saxena,Male,21.0,Hyderabad,Telangana,2025-06-18,Paid Search
CUST11524,Yash Joshi,Male,42.0,Bengaluru,Karnataka,2023-01-25,Organic Search
CUST11525,Aditi Kapoor,Female,41.0,Kolkata,West Bengal,2025-07-17,Direct
CUST11526,Abhishek Desai,Male,36.0,Ahmedabad,Gujarat,2025-04-25,Referral
CUST11527,Komal Patel,Female,45.0,Chennai,Tamil Nadu,2023-04-25,Social Media
CUST11528,Tarun Tiwari,Male,27.0,Mumbai,Maharashtra,2025-02-28,Email
CUST11529,Diya Saxena,Female,34.0,Nagpur,Maharashtra,2025-04-08,
CUST11530,Siddharth Kumar,Male,55.0,Mumbai,Maharashtra,2024-11-17,Organic Search
CUST11531,Simran Mehta,Female,39.0,Delhi,Delhi,2024-10-26,Social Media
CUST11532,Swati Joshi,Female,39.0,Vadodara,Gujarat,2023-03-18,Organic Search
CUST11533,Rajesh Mishra,Male,25.0,Kochi,Kerala,2023-04-01,Direct
CUST11534,Simran Joshi,Female,29.0,Guwahati,Assam,2025-03-03,Paid Search
CUST11535,Priya Iyer,Female,23.0,Jaipur,Rajasthan,2023-06-05,Social Media
CUST11536,Aadhya Iyer,Female,50.0,Bengaluru,Karnataka,2023-11-22,Organic Search
CUST11537,Aarav Menon,Male,18.0,Ludhiana,Punjab,2024-08-15,Paid Search
CUST11538,Aarav Mishra,,42.0,Lucknow,Uttar Pradesh,2023-08-20,Organic Search
CUST11539,Priya Bansal,Female,39.0,Kochi,Kerala,2025-04-23,Paid Search
CUST11540,Aadhya Yadav,Female,18.0,Pune,Maharashtra,2025-05-07,Social Media
CUST11541,Ananya Verma,Female,44.0,Pune,Maharashtra,2025-06-03,Social Media
CUST11542,Rohan Rao,Male,30.0,Mumbai,Maharashtra,2023-03-18,Paid Search
CUST11543,Preeti Bansal,Female,20.0,Delhi,Delhi,2024-06-07,Organic Search
CUST11544,Kiran Singh,Female,37.0,Lucknow,Uttar Pradesh,2025-06-07,Social Media
CUST11545,Preeti Mehta,Female,25.0,Guwahati,Assam,2024-04-03,Organic Search
CUST11546,Swati Yadav,Female,31.0,Kolkata,West Bengal,2025-02-05,Referral
CUST11547,Ishaan Das,Male,28.0,Mumbai,Maharashtra,2024-11-05,Social Media
CUST11548,Payal Das,Female,24.0,Ahmedabad,Gujarat,2024-03-17,Email
CUST11549,Anjali Reddy,Female,21.0,Delhi,Delhi,2023-12-31,Direct
CUST11550,Suresh Gupta,Male,41.0,Noida,Uttar Pradesh,2024-12-31,Organic Search
CUST11551,Vikram Chauhan,Male,36.0,Delhi,Delhi,2023-07-12,
CUST11552,Riya Patel,Female,36.0,Delhi,Delhi,2025-06-17,Social Media
CUST11553,Nikhil Mukherjee,Male,29.0,Chennai,Tamil Nadu,2024-10-25,Social Media
CUST11554,Arjun Joshi,Male,34.0,Pune,Maharashtra,2023-06-13,Social Media
CUST11555,Ishita Banerjee,Female,26.0,Indore,Madhya Pradesh,2025-02-12,Direct
CUST11556,Diya Yadav,Female,25.0,Ahmedabad,Gujarat,2024-06-10,Paid Search
CUST11557,Tanvi Sharma,Female,50.0,Coimbatore,Tamil Nadu,2023-10-08,Referral
CUST11558,Rajesh Nair,Male,42.0,Jaipur,Rajasthan,2025-09-02,Social Media
CUST11559,Vihaan Chopra,Male,27.0,Mumbai,Maharashtra,2025-02-25,Email
CUST11560,Naveen Verma,Male,18.0,Mumbai,Maharashtra,2024-11-09,
CUST11561,Arjun Mishra,Male,18.0,Chennai,Tamil Nadu,2025-06-09,Organic Search
CUST11562,Ananya Iyer,Female,27.0,Chennai,Tamil Nadu,2024-09-25,Direct
CUST11563,Pranav Joshi,Male,34.0,Chennai,Tamil Nadu,2024-06-20,Referral
CUST11564,Reyansh Sharma,Male,34.0,Mumbai,Maharashtra,2023-09-21,Paid Search
CUST11565,Kiran Das,Female,34.0,Mumbai,Maharashtra,2023-08-07,Paid Search
CUST11566,Sanjay Shah,Male,36.0,Mumbai,Maharashtra,2024-06-11,Organic Search
CUST11567,Abhishek Nair,Male,23.0,Thane,Maharashtra,2024-07-05,Organic Search
CUST11568,Pranav Tiwari,Male,48.0,Jaipur,Rajasthan,2025-03-08,Organic Search
CUST11569,Krishna Chopra,Male,31.0,Delhi,Delhi,2024-06-21,Direct
CUST11570,Gaurav Kapoor,Male,36.0,Chennai,Tamil Nadu,2024-11-09,Organic Search
CUST11571,Sunita Saxena,Female,,Gurugram,Haryana,2025-05-27,Paid Search
CUST11572,Anita Patel,Female,36.0,Mumbai,Maharashtra,2025-09-26,Social Media
CUST11573,Komal Verma,Female,54.0,Delhi,Delhi,2024-02-20,Social Media
CUST11574,Simran Bansal,Female,23.0,Ahmedabad,Gujarat,2025-07-19,Email
CUST11575,Vikram Sharma,Male,22.0,Bengaluru,Karnataka,2025-05-06,Paid Search
CUST11576,Sneha Bansal,Female,24.0,Delhi,Delhi,2023-04-13,Organic Search
CUST11577,Yash Mukherjee,Male,30.0,Noida,Uttar Pradesh,2024-03-03,Paid Search
CUST11578,Gaurav Shah,Male,28.0,Visakhapatnam,Andhra Pradesh,2023-10-26,Social Media
CUST11579,Gaurav Kapoor,Male,23.0,Indore,Madhya Pradesh,2025-01-10,Direct
CUST11580,Abhishek Banerjee,Male,33.0,Gurugram,Haryana,2024-10-06,Social Media
CUST11581,Aditya Patel,Male,49.0,Delhi,Delhi,2024-08-11,Email
CUST11582,Gaurav Yadav,Male,32.0,Coimbatore,Tamil Nadu,2025-04-02,Direct
CUST11583,Nikhil Reddy,Male,32.0,Kochi,Kerala,2024-03-02,Organic Search
CUST11584,Abhishek Mehta,Male,36.0,Jaipur,Rajasthan,2024-04-23,Organic Search
CUST11585,Aarav Malhotra,Male,39.0,Coimbatore,Tamil Nadu,2025-06-22,Organic Search
CUST11586,Diya Menon,Female,47.0,Vadodara,Gujarat,2025-09-10,Direct
CUST11587,Arjun Nair,Male,35.0,Hyderabad,Telangana,2025-04-12,Paid Search
CUST11588,Sneha Das,Female,33.0,Hyderabad,Telangana,2023-10-24,Social Media
CUST11589,Tarun Kapoor,Male,23.0,Kanpur,Uttar Pradesh,2023-06-14,Paid Search
CUST11590,Arjun Singh,Male,40.0,Pune,Maharashtra,2023-10-14,Email
CUST11591,Sneha Pandey,Female,25.0,Ahmedabad,Gujarat,2024-06-02,Paid Search
CUST11592,Meera Iyer,Female,24.0,Mumbai,Maharashtra,2023-11-16,Organic Search
CUST11593,Ishaan Patel,Male,35.0,Mumbai,Maharashtra,2025-07-19,Paid Search
CUST11594,Shreya Singh,Female,48.0,Mumbai,Maharashtra,2025-01-15,Paid Search
CUST11595,Shreya Pandey,Female,40.0,Ahmedabad,Gujarat,2024-05-27,Paid Search
CUST11596,Arjun Verma,Male,33.0,Mumbai,Maharashtra,2023-12-28,Organic Search
CUST11597,Kavya Chopra,Female,23.0,Delhi,Delhi,2024-04-21,Organic Search
CUST11598,Vivaan Sharma,Male,48.0,Noida,Uttar Pradesh,2024-07-24,Organic Search
CUST11599,Ishita Pandey,Female,32.0,Chennai,Tamil Nadu,2025-02-20,Direct
CUST11600,Aarav Mishra,Male,30.0,Gurugram,Haryana,2023-05-14,Organic Search
CUST11601,Anita Reddy,Female,39.0,Delhi,Delhi,2025-06-09,Paid Search
CUST11602,Aditi Verma,Female,29.0,Ahmedabad,Gujarat,2023-07-04,Organic Search
CUST11603,Kavya Verma,Female,25.0,Kanpur,Uttar Pradesh,2023-12-15,Organic Search
CUST11604,Rohan Tiwari,Male,26.0,Kochi,Kerala,2025-09-26,Social Media
CUST11605,Sunita Kapoor,Female,26.0,Nagpur,Maharashtra,2023-09-22,Direct
CUST11606,Krishna Tiwari,Male,22.0,Coimbatore,Tamil Nadu,2023-05-30,Paid Search
CUST11607,Abhishek Banerjee,Male,21.0,Mumbai,Maharashtra,2024-12-18,Email
CUST11608,Manish Yadav,Male,43.0,Hyderabad,Telangana,2024-05-03,Email
CUST11609,Meera Tiwari,Female,40.0,Rajkot,Gujarat,2023-05-17,Social Media
CUST11610,Neha Mehta,Female,25.0,Pune,Maharashtra,2023-01-06,Referral
CUST11611,Kavya Gupta,Female,42.0,Delhi,Delhi,2023-04-29,Organic Search
CUST11612,Naveen Reddy,Male,36.0,Delhi,Delhi,2024-09-06,Organic Search
CUST11613,Kiran Das,Female,30.0,Bhopal,Madhya Pradesh,2023-11-09,Paid Search
CUST11614,Saanvi Malhotra,Female,21.0,Delhi,Delhi,2025-04-13,Paid Search
CUST11615,Aadhya Saxena,Female,36.0,Kolkata,West Bengal,2025-06-15,Paid Search
CUST11616,Shreya Bansal,Female,52.0,Delhi,Delhi,2023-07-27,Direct
CUST11617,Vikram Gupta,Male,33.0,Delhi,Delhi,2024-03-06,Organic Search
CUST11618,Preeti Mishra,Female,43.0,Ahmedabad,Gujarat,2023-07-29,Direct
CUST11619,Sunita Chauhan,Female,31.0,Delhi,Delhi,2024-01-12,Paid Search
CUST11620,Pooja Shah,Female,42.0,Lucknow,Uttar Pradesh,2023-11-19,Referral
CUST11621,Varun Pandey,Male,31.0,Delhi,Delhi,2025-04-21,Paid Search
CUST11622,Rohan Shah,Male,18.0,Bhopal,Madhya Pradesh,2024-03-15,Paid Search
CUST11623,Krishna Mukherjee,Male,26.0,Kolkata,West Bengal,2024-08-11,Social Media
CUST11624,Suresh Bansal,Male,34.0,Hyderabad,Telangana,2025-01-18,Paid Search
CUST11625,Arjun Gupta,Male,44.0,Surat,Gujarat,2025-05-19,Referral
CUST11626,Simran Chopra,Female,31.0,Ahmedabad,Gujarat,2024-01-28,Paid Search
CUST11627,Siddharth Mukherjee,Male,33.0,Mumbai,Maharashtra,2023-10-14,Organic Search
CUST11628,Reyansh Mukherjee,Male,27.0,Hyderabad,Telangana,2025-09-15,Email
CUST11629,Karthik Desai,Male,49.0,Pune,Maharashtra,2024-02-17,Paid Search
CUST11630,Abhishek Gupta,Male,,Mumbai,Maharashtra,2025-01-15,Social Media
CUST11631,Pranav Singh,Male,26.0,Thane,Maharashtra,2025-01-21,Organic Search
CUST11632,Kavya Patel,Female,,Hyderabad,Telangana,2024-08-29,Social Media
CUST11633,Ananya Kumar,Female,18.0,Delhi,Delhi,2023-11-06,Social Media
CUST11634,Harsh Chatterjee,Male,39.0,Mumbai,Maharashtra,2023-07-22,Direct
CUST11635,Manish Desai,Male,34.0,Mumbai,Maharashtra,2024-08-03,Paid Search
CUST11636,Riya Kumar,Female,25.0,Bengaluru,Karnataka,2024-08-26,Organic Search
CUST11637,Aman Agarwal,Male,36.0,Ahmedabad,Gujarat,2025-04-10,Paid Search
CUST11638,Aadhya Chauhan,Female,21.0,Delhi,Delhi,2025-02-17,Social Media
CUST11639,Ananya Gupta,Female,41.0,Pune,Maharashtra,2025-07-27,Paid Search
CUST11640,Pooja Patel,Female,29.0,Delhi,Delhi,2025-09-09,
CUST11641,Manish Iyer,Male,22.0,Noida,Uttar Pradesh,2025-03-04,Direct
CUST11642,Kiran Kapoor,Female,29.0,Pune,Maharashtra,2023-04-26,Direct
CUST11643,Riya Gupta,Female,29.0,Patna,Bihar,2024-05-15,Organic Search
CUST11644,Vivaan Nair,Male,37.0,Chennai,Tamil Nadu,2024-11-22,Organic Search
CUST11645,Harsh Saxena,Male,45.0,Delhi,Delhi,2024-11-06,Organic Search
CUST11646,Harsh Mukherjee,Male,44.0,Chennai,Tamil Nadu,2023-09-11,Direct
CUST11647,Sanjay Patel,Male,35.0,Chennai,Tamil Nadu,2024-10-31,Email
CUST11648,Pooja Desai,Female,31.0,Surat,Gujarat,2024-03-20,Organic Search
CUST11649,Aarav Nair,Male,27.0,Chandigarh,Chandigarh,2024-03-08,Paid Search
CUST11650,Rajesh Pandey,Male,18.0,Bengaluru,Karnataka,2025-05-28,Direct
CUST11651,Yash Tiwari,Male,33.0,Mumbai,Maharashtra,2024-06-01,Organic Search
CUST11652,Nisha Mehta,Female,24.0,Indore,Madhya Pradesh,2024-09-10,Social Media
CUST11653,Riya Mishra,Female,45.0,Mumbai,Maharashtra,2024-10-13,Social Media
CUST11654,Swati Bansal,Female,31.0,Patna,Bihar,2024-10-13,Organic Search
CUST11655,Kiran Kumar,Female,40.0,Indore,Madhya Pradesh,2023-10-19,Paid Search
CUST11656,Nikhil Yadav,Male,28.0,Ghaziabad,Uttar Pradesh,2024-11-14,Direct
CUST11657,Priya Patel,Female,26.0,Mumbai,Maharashtra,2024-03-04,Organic Search
CUST11658,Manish Sharma,Male,39.0,Delhi,Delhi,2025-01-02,Social Media
CUST11659,Aditya Bansal,Male,36.0,Pune,Maharashtra,2023-07-28,Referral
CUST11660,Komal Nair,Female,36.0,Hyderabad,Telangana,2025-09-26,Paid Search
CUST11661,Ishita Mishra,Female,32.0,Ludhiana,Punjab,2025-04-09,Organic Search
CUST11662,Aditi Chatterjee,Female,41.0,Chennai,Tamil Nadu,2024-05-28,Social Media
CUST11663,Radhika Desai,Female,39.0,Chennai,Tamil Nadu,2024-01-28,Paid Search
CUST11664,Suresh Agarwal,Male,18.0,Delhi,Delhi,2024-04-28,Organic Search
CUST11665,Ishaan Chauhan,Male,30.0,Pune,Maharashtra,2025-02-26,Organic Search
CUST11666,Aadhya Patel,Female,43.0,Hyderabad,Telangana,2025-01-02,Direct
CUST11667,Saanvi Shah,Female,23.0,Chennai,Tamil Nadu,2025-02-10,Email
CUST11668,Ritu Pandey,Female,18.0,Bengaluru,Karnataka,2025-07-10,Organic Search
CUST11669,Saanvi Reddy,Female,32.0,Surat,Gujarat,2024-07-05,Organic Search
CUST11670,Ishaan Kapoor,Male,38.0,Ludhiana,Punjab,2025-01-14,Direct
CUST11671,Yash Gupta,Male,28.0,Mumbai,Maharashtra,2024-06-21,Referral
CUST11672,Aman Malhotra,Male,46.0,Bengaluru,Karnataka,2024-12-18,Paid Search
CUST11673,Aditi Patel,Female,51.0,Kanpur,Uttar Pradesh,2024-07-23,Social Media
CUST11674,Kiran Bansal,Female,18.0,Indore,Madhya Pradesh,2025-04-13,Organic Search
CUST11675,Komal Agarwal,Female,29.0,Bengaluru,Karnataka,2023-01-09,Organic Search
CUST11676,Ritu Joshi,Female,18.0,Bengaluru,Karnataka,2023-10-22,Direct
CUST11677,Ananya Kumar,Female,40.0,Thane,Maharashtra,2024-01-22,Social Media
CUST11678,Kunal Mehta,Male,26.0,Pune,Maharashtra,2025-08-21,Organic Search
CUST11679,Suresh Verma,Male,28.0,Ahmedabad,Gujarat,2024-08-22,Paid Search
CUST11680,Nikhil Rao,Male,44.0,Mumbai,Maharashtra,2024-04-04,Paid Search
CUST11681,Anita Iyer,Female,20.0,Lucknow,Uttar Pradesh,2024-05-15,Direct
CUST11682,Varun Chatterjee,Male,18.0,Bengaluru,Karnataka,2024-07-01,Organic Search
CUST11683,Ritu Saxena,Female,18.0,Jaipur,Rajasthan,2025-06-23,Social Media
CUST11684,Siddharth Chopra,Male,46.0,Indore,Madhya Pradesh,2025-09-03,Email
CUST11685,Meera Iyer,Female,43.0,Chennai,Tamil Nadu,2025-06-05,Email
CUST11686,Suresh Chauhan,Male,30.0,Bengaluru,Karnataka,2025-06-03,Email
CUST11687,Pooja Nair,Female,20.0,Bengaluru,Karnataka,2023-10-02,Social Media
CUST11688,Siddharth Nair,Male,41.0,Indore,Madhya Pradesh,2023-12-23,Paid Search
CUST11689,Kavya Verma,Female,61.0,Coimbatore,Tamil Nadu,2024-11-11,Organic Search
CUST11690,Neha Agarwal,Female,31.0,Kochi,Kerala,2025-01-03,Direct
CUST11691,Pranav Shah,Male,21.0,Vadodara,Gujarat,2023-10-07,Organic Search
CUST11692,Divya Mehta,Female,45.0,Jaipur,Rajasthan,2025-03-19,Organic Search
CUST11693,Komal Nair,Female,22.0,Nashik,Maharashtra,2023-10-03,Organic Search
CUST11694,Vihaan Yadav,Male,29.0,Ahmedabad,Gujarat,2023-12-16,Organic Search
CUST11695,Aadhya Chauhan,Female,18.0,Rajkot,Gujarat,2024-02-03,Organic Search
CUST11696,Sunita Das,Female,30.0,Chennai,Tamil Nadu,2025-06-06,Paid Search
CUST11697,Shreya Mishra,Female,20.0,Jaipur,Rajasthan,2025-03-07,Paid Search
CUST11698,Kavya Menon,Female,46.0,Delhi,Delhi,2024-09-13,Social Media
CUST11699,Diya Desai,Female,23.0,Kolkata,West Bengal,2025-05-17,Direct
CUST11700,Rajesh Mishra,Male,41.0,Hyderabad,Telangana,2025-05-11,Paid Search
CUST11701,Rajesh Mukherjee,Male,32.0,Ahmedabad,Gujarat,2024-04-30,Direct
CUST11702,Suresh Chatterjee,Male,34.0,Jaipur,Rajasthan,2025-04-16,Organic Search
CUST11703,Radhika Sharma,Female,38.0,Rajkot,Gujarat,2023-10-11,Paid Search
CUST11704,Aman Pandey,Male,32.0,Ghaziabad,Uttar Pradesh,2024-08-19,Organic Search
CUST11705,Rajesh Patel,Male,27.0,Hyderabad,Telangana,2023-06-22,Social Media
CUST11706,Payal Chatterjee,Female,25.0,Thane,Maharashtra,2024-06-06,Direct
CUST11707,Deepak Bansal,Male,38.0,Pune,Maharashtra,2024-09-04,Organic Search
CUST11708,Varun Mukherjee,Male,18.0,Hyderabad,Telangana,2023-04-30,Social Media
CUST11709,Ritu Bansal,Female,50.0,Chandigarh,Chandigarh,2024-07-11,Email
CUST11710,Sunita Chauhan,Female,34.0,Delhi,Delhi,2024-12-30,Organic Search
CUST11711,Divya Chauhan,Female,30.0,Vadodara,Gujarat,2024-11-27,Paid Search
CUST11712,Varun Gupta,Male,36.0,Bengaluru,Karnataka,2023-03-25,Organic Search
CUST11713,Meera Shah,Female,27.0,Coimbatore,Tamil Nadu,2023-05-22,Paid Search
CUST11714,Riya Mishra,Female,31.0,Indore,Madhya Pradesh,2024-03-21,Referral
CUST11715,Kunal Mehta,Male,22.0,Chennai,Tamil Nadu,2025-06-04,Organic Search
CUST11716,Deepak Chopra,Male,37.0,Mumbai,Maharashtra,2025-06-25,Direct
CUST11717,Arjun Mukherjee,Male,32.0,Delhi,Delhi,2024-02-06,Email
CUST11718,Nisha Tiwari,Female,,Delhi,Delhi,2025-02-24,Organic Search
CUST11719,Gaurav Mehta,Male,48.0,Bhopal,Madhya Pradesh,2024-10-26,Paid Search
CUST11720,Gaurav Yadav,Male,25.0,Surat,Gujarat,2025-09-18,Social Media
CUST11721,Aadhya Menon,Female,32.0,Bengaluru,Karnataka,2023-05-21,Social Media
CUST11722,Saanvi Mehta,Female,18.0,Ahmedabad,Gujarat,2024-09-29,Social Media
CUST11723,Aditya Banerjee,Male,39.0,Hyderabad,Telangana,2024-11-08,Paid Search
CUST11724,Swati Das,Female,33.0,Lucknow,Uttar Pradesh,2024-02-04,Direct
CUST11725,Saanvi Singh,Female,33.0,Hyderabad,Telangana,2023-03-14,Organic Search
CUST11726,Manish Patel,Male,31.0,Visakhapatnam,Andhra Pradesh,2023-03-21,Social Media
CUST11727,Aadhya Mishra,Female,27.0,Nagpur,Maharashtra,2024-07-02,Organic Search
CUST11728,Rahul Kapoor,Male,58.0,Bengaluru,Karnataka,2025-02-02,Social Media
CUST11729,Manish Chopra,Male,33.0,Hyderabad,Telangana,2025-02-09,Organic Search
CUST11730,Aman Nair,Male,36.0,Pune,Maharashtra,2023-09-10,Organic Search
CUST11731,Naveen Das,Male,22.0,Chandigarh,Chandigarh,2025-06-16,Organic Search
CUST11732,Varun Verma,Male,42.0,Delhi,Delhi,2024-04-17,Direct
CUST11733,Pooja Kumar,Female,32.0,Ahmedabad,Gujarat,2025-09-04,Organic Search
CUST11734,Vivaan Saxena,Male,37.0,Jaipur,Rajasthan,2023-06-22,Paid Search
CUST11735,Kunal Shah,Male,42.0,Hyderabad,Telangana,2025-05-30,Paid Search
CUST11736,Neha Banerjee,Female,32.0,Bengaluru,Karnataka,2025-07-24,Organic Search
CUST11737,Neha Mishra,Female,26.0,Chennai,Tamil Nadu,2025-05-19,Direct
CUST11738,Gaurav Kapoor,Male,18.0,Delhi,Delhi,2025-05-08,Organic Search
CUST11739,Ankit Kumar,Male,29.0,Jaipur,Rajasthan,2024-04-01,Direct
CUST11740,Vikram Chatterjee,Male,26.0,Rajkot,Gujarat,2025-02-20,Organic Search
CUST11741,Simran Chatterjee,Female,22.0,Chandigarh,Chandigarh,2024-10-27,Paid Search
CUST11742,Diya Banerjee,Female,48.0,Kolkata,West Bengal,2024-06-04,Email
CUST11743,Yash Chauhan,Male,43.0,Bengaluru,Karnataka,2025-09-25,Organic Search
CUST11744,Ishaan Das,Male,18.0,Ahmedabad,Gujarat,2024-01-16,Referral
CUST11745,Nisha Agarwal,Female,35.0,Bengaluru,Karnataka,2024-05-23,Paid Search
CUST11746,Pooja Nair,Female,25.0,Jaipur,Rajasthan,2025-07-20,
CUST11747,Naveen Malhotra,Male,37.0,Delhi,Delhi,2024-01-14,Organic Search
CUST11748,Arjun Menon,Male,25.0,Hyderabad,Telangana,2023-08-06,Organic Search
CUST11749,Aarav Bansal,Male,28.0,Delhi,Delhi,2024-02-06,Email
CUST11750,Sneha Agarwal,Female,43.0,Delhi,Delhi,2025-03-29,Organic Search
CUST11751,Radhika Nair,Female,41.0,Kanpur,Uttar Pradesh,2025-06-17,
CUST11752,Tarun Nair,Male,48.0,Guwahati,Assam,2023-06-17,Organic Search
CUST11753,Pooja Yadav,Female,31.0,Kanpur,Uttar Pradesh,2024-12-04,Organic Search
CUST11754,Vivaan Joshi,Male,18.0,Bengaluru,Karnataka,2024-10-17,Organic Search
CUST11755,Aadhya Desai,Female,42.0,Ahmedabad,Gujarat,2025-01-13,Organic Search
CUST11756,Neha Tiwari,Female,42.0,Surat,Gujarat,2025-01-15,Organic Search
CUST11757,Pooja Shah,Female,39.0,Nashik,Maharashtra,2025-09-01,Social Media
CUST11758,Varun Mukherjee,Male,26.0,Indore,Madhya Pradesh,2024-03-16,Social Media
CUST11759,Rajesh Patel,Male,22.0,Delhi,Delhi,2024-01-26,Direct
CUST11760,Priya Mehta,Female,38.0,Jaipur,Rajasthan,2024-10-29,Paid Search
CUST11761,Payal Desai,Female,24.0,Delhi,Delhi,2024-06-09,Paid Search
CUST11762,Karthik Singh,Male,30.0,Ahmedabad,Gujarat,2024-07-22,Organic Search
CUST11763,Rekha Kumar,Female,62.0,Noida,Uttar Pradesh,2023-04-15,Social Media
CUST11764,Abhishek Mehta,Male,54.0,Coimbatore,Tamil Nadu,2023-07-31,
CUST11765,Aman Mukherjee,Male,41.0,Bengaluru,Karnataka,2025-08-14,Email
CUST11766,Priya Tiwari,Female,26.0,Indore,Madhya Pradesh,2023-04-14,Organic Search
CUST11767,Nikhil Malhotra,Male,26.0,Hyderabad,Telangana,2024-11-06,Social Media
CUST11768,Vihaan Kapoor,Male,40.0,Mumbai,Maharashtra,2025-03-26,Social Media
CUST11769,Harsh Iyer,Male,48.0,Ludhiana,Punjab,2023-01-19,Paid Search
CUST11770,Ritu Gupta,Female,28.0,Ghaziabad,Uttar Pradesh,2023-10-31,Paid Search
CUST11771,Rajesh Bansal,Male,28.0,Bengaluru,Karnataka,2024-04-17,Organic Search
CUST11772,Nikhil Verma,Male,34.0,Visakhapatnam,Andhra Pradesh,2024-08-22,Organic Search
CUST11773,Gaurav Agarwal,Male,19.0,Mumbai,Maharashtra,2024-03-11,Organic Search
CUST11774,Aditya Nair,Male,19.0,Pune,Maharashtra,2024-12-27,Paid Search
CUST11775,Varun Banerjee,Male,21.0,Kochi,Kerala,2023-11-04,Organic Search
CUST11776,Manish Mukherjee,Male,38.0,Patna,Bihar,2023-02-10,Referral
CUST11777,Vikram Mehta,Male,36.0,Jaipur,Rajasthan,2023-01-03,Social Media
CUST11778,Ishita Malhotra,Female,44.0,Ahmedabad,Gujarat,2024-03-15,
CUST11779,Kunal Reddy,Male,18.0,Thane,Maharashtra,2024-04-01,Direct
CUST11780,Rohan Kumar,Male,18.0,Kochi,Kerala,2025-08-24,Social Media
CUST11781,Priya Nair,Female,38.0,Delhi,Delhi,2023-03-11,Email
CUST11782,Kunal Chauhan,Male,24.0,Mumbai,Maharashtra,2024-09-13,Paid Search
CUST11783,Naveen Menon,Male,25.0,Ahmedabad,Gujarat,2024-10-26,Email
CUST11784,Aadhya Tiwari,Female,43.0,Kolkata,West Bengal,2025-02-08,Paid Search
CUST11785,Ishita Verma,Female,27.0,Bengaluru,Karnataka,2024-12-19,Social Media
CUST11786,Payal Sharma,Female,29.0,Surat,Gujarat,2023-01-13,Organic Search
CUST11787,Vikram Pandey,Male,30.0,Hyderabad,Telangana,2024-12-13,Social Media
CUST11788,Radhika Patel,Female,31.0,Kochi,Kerala,2024-02-20,Social Media
CUST11789,Reyansh Shah,Male,40.0,Bengaluru,Karnataka,2025-04-09,Organic Search
CUST11790,Manish Bansal,Male,21.0,Vadodara,Gujarat,2023-09-19,Social Media
CUST11791,Kavya Patel,Female,31.0,Noida,Uttar Pradesh,2025-02-22,Paid Search
CUST11792,Siddharth Desai,Male,45.0,Kolkata,West Bengal,2024-12-07,Social Media
CUST11793,Pooja Verma,Female,54.0,Delhi,Delhi,2024-12-30,Social Media
CUST11794,Abhishek Pandey,Male,19.0,Coimbatore,Tamil Nadu,2023-09-04,Social Media
CUST11795,Gaurav Joshi,Male,36.0,Ahmedabad,Gujarat,2025-01-14,Social Media
CUST11796,Sneha Chatterjee,Female,31.0,Pune,Maharashtra,2025-03-11,Paid Search
CUST11797,Ritu Nair,Female,32.0,Mumbai,Maharashtra,2024-08-06,
CUST11798,Ritu Rao,Female,25.0,Hyderabad,Telangana,2024-03-10,Direct
CUST11799,Krishna Mehta,Male,41.0,Pune,Maharashtra,2023-08-23,Organic Search
CUST11800,Gaurav Saxena,Male,40.0,Nagpur,Maharashtra,2024-01-15,Email
CUST11801,Nisha Rao,Female,58.0,Noida,Uttar Pradesh,2025-04-02,Organic Search
CUST11802,Vihaan Mehta,Male,20.0,Jaipur,Rajasthan,2024-05-20,Paid Search
CUST11803,Anjali Chatterjee,Female,18.0,Bengaluru,Karnataka,2025-02-11,Organic Search
CUST11804,Krishna Mehta,Male,54.0,Pune,Maharashtra,2025-03-14,Email
CUST11805,Reyansh Reddy,Male,32.0,Mumbai,Maharashtra,2025-01-18,Organic Search
CUST11806,Yash Mehta,Male,28.0,Delhi,Delhi,2025-01-17,Social Media
CUST11807,Kavya Kumar,Female,35.0,Hyderabad,Telangana,2024-11-24,Paid Search
CUST11808,Vivaan Pandey,Male,19.0,Mumbai,Maharashtra,2024-09-02,Organic Search
CUST11809,Varun Patel,Male,37.0,Mumbai,Maharashtra,2023-10-01,Direct
CUST11810,Priya Sharma,Female,32.0,Mumbai,Maharashtra,2025-06-04,Organic Search
CUST11811,Vivaan Bansal,Male,44.0,Delhi,Delhi,2025-09-04,Organic Search
CUST11812,Anjali Chatterjee,Female,42.0,Ghaziabad,Uttar Pradesh,2024-07-15,Paid Search
CUST11813,Harsh Nair,Male,42.0,Hyderabad,Telangana,2025-08-12,Organic Search
CUST11814,Tarun Mukherjee,Male,35.0,Coimbatore,Tamil Nadu,2025-09-29,Social Media
CUST11815,Reyansh Das,Male,49.0,Rajkot,Gujarat,2024-08-03,Organic Search
CUST11816,Karthik Iyer,Male,39.0,Nashik,Maharashtra,2025-03-01,Social Media
CUST11817,Swati Chauhan,Female,28.0,Bengaluru,Karnataka,2024-12-23,Paid Search
CUST11818,Sanjay Chauhan,Male,25.0,Hyderabad,Telangana,2023-11-17,Email
CUST11819,Anjali Nair,Female,26.0,Chennai,Tamil Nadu,2023-03-14,Organic Search
CUST11820,Komal Shah,Female,39.0,Chennai,Tamil Nadu,2024-07-02,Organic Search
CUST11821,Aadhya Banerjee,Female,20.0,Mumbai,Maharashtra,2025-04-21,Email
CUST11822,Vihaan Kumar,Male,35.0,Bengaluru,Karnataka,2024-02-23,
CUST11823,Deepak Reddy,Male,25.0,Surat,Gujarat,2025-04-19,Paid Search
CUST11824,Vihaan Iyer,Male,20.0,Kanpur,Uttar Pradesh,2025-01-01,Referral
CUST11825,Komal Iyer,Female,22.0,Ahmedabad,Gujarat,2025-02-05,Direct
CUST11826,Pooja Patel,Female,33.0,Hyderabad,Telangana,2024-01-11,Organic Search
CUST11827,Neha Mukherjee,Female,41.0,Jaipur,Rajasthan,2024-07-18,Referral
CUST11828,Rahul Desai,Male,26.0,Lucknow,Uttar Pradesh,2023-09-11,Email
CUST11829,Manish Desai,Male,18.0,Indore,Madhya Pradesh,2023-11-27,Direct
CUST11830,Yash Yadav,Male,65.0,Vadodara,Gujarat,2023-05-14,Referral
CUST11831,Tarun Gupta,Male,44.0,Jaipur,Rajasthan,2023-07-03,Organic Search
CUST11832,Ishaan Kumar,Male,42.0,Ahmedabad,Gujarat,2023-10-16,Direct
CUST11833,Varun Chatterjee,Male,49.0,Hyderabad,Telangana,2024-10-28,Organic Search
CUST11834,Aarav Banerjee,Male,34.0,Mumbai,Maharashtra,2024-06-20,Paid Search
CUST11835,Sunita Shah,Female,32.0,Chennai,Tamil Nadu,2023-12-21,Paid Search
CUST11836,Karthik Reddy,Male,47.0,Nashik,Maharashtra,2025-06-18,Paid Search
CUST11837,Sanjay Kumar,Male,46.0,Surat,Gujarat,2024-09-08,Organic Search
CUST11838,Shreya Das,Female,39.0,Jaipur,Rajasthan,2025-08-04,Organic Search
CUST11839,Kiran Banerjee,Female,42.0,Bengaluru,Karnataka,2024-12-15,Referral
CUST11840,Ankit Malhotra,Male,21.0,Jaipur,Rajasthan,2023-01-26,Social Media
CUST11841,Shreya Desai,Female,30.0,Delhi,Delhi,2025-07-28,Paid Search
CUST11842,Aditya Reddy,Male,50.0,Hyderabad,Telangana,2025-06-15,Email
CUST11843,Krishna Agarwal,Male,41.0,Jaipur,Rajasthan,2024-12-16,Direct
CUST11844,Divya Kumar,Female,18.0,Mumbai,Maharashtra,2024-09-17,Organic Search
CUST11845,Nikhil Desai,Male,28.0,Hyderabad,Telangana,2024-07-02,Organic Search
CUST11846,Komal Desai,Female,48.0,Mumbai,Maharashtra,2024-07-30,Direct
CUST11847,Pranav Mehta,Male,38.0,Delhi,Delhi,2025-04-07,Social Media
CUST11848,Gaurav Patel,Male,35.0,Hyderabad,Telangana,2024-08-28,Organic Search
CUST11849,Siddharth Singh,Male,35.0,Nagpur,Maharashtra,2023-09-04,Organic Search
CUST11850,Rahul Desai,Male,32.0,Bengaluru,Karnataka,2023-03-30,Direct
CUST11851,Karthik Nair,Male,28.0,Mumbai,Maharashtra,2023-07-02,Paid Search
CUST11852,Nikhil Saxena,Male,25.0,Ahmedabad,Gujarat,2023-12-03,Referral
CUST11853,Reyansh Kapoor,Male,43.0,Bengaluru,Karnataka,2024-04-07,Social Media
CUST11854,Abhishek Sharma,Male,35.0,Visakhapatnam,Andhra Pradesh,2025-07-12,Paid Search
CUST11855,Rahul Iyer,Male,40.0,Ghaziabad,Uttar Pradesh,2023-11-19,Referral
CUST11856,Tarun Sharma,Male,38.0,Kanpur,Uttar Pradesh,2024-02-17,Paid Search
CUST11857,Tarun Desai,Male,47.0,Surat,Gujarat,2023-10-31,Email
CUST11858,Aarav Mishra,Male,38.0,Thane,Maharashtra,2024-09-27,Paid Search
CUST11859,Ritu Agarwal,Female,41.0,Ahmedabad,Gujarat,2024-11-30,Direct
CUST11860,Neha Mehta,Female,35.0,Lucknow,Uttar Pradesh,2024-09-15,Paid Search
CUST11861,Harsh Patel,Male,24.0,Chennai,Tamil Nadu,2025-08-26,Organic Search
CUST11862,Manish Pandey,Male,31.0,Chennai,Tamil Nadu,2025-09-27,Social Media
CUST11863,Radhika Singh,Female,39.0,Patna,Bihar,2025-05-31,Referral
CUST11864,Payal Chopra,Female,40.0,Patna,Bihar,2025-05-05,Referral
CUST11865,Komal Mehta,Female,48.0,Ahmedabad,Gujarat,2024-04-06,Paid Search
CUST11866,Preeti Rao,Female,,Gurugram,Haryana,2024-10-28,Paid Search
CUST11867,Divya Verma,Female,35.0,Pune,Maharashtra,2024-03-21,Organic Search
CUST11868,Suresh Patel,Male,32.0,Kolkata,West Bengal,2025-04-19,Organic Search
CUST11869,Rahul Verma,Male,49.0,Kolkata,West Bengal,2023-08-30,Direct
CUST11870,Sunita Mukherjee,Female,37.0,Visakhapatnam,Andhra Pradesh,2023-10-23,Social Media
CUST11871,Swati Chatterjee,Female,37.0,Noida,Uttar Pradesh,2023-03-02,Social Media
CUST11872,Payal Mukherjee,Female,33.0,Nagpur,Maharashtra,2024-11-23,
CUST11873,Aadhya Verma,Female,31.0,Hyderabad,Telangana,2025-01-30,Organic Search
CUST11874,Reyansh Yadav,Male,19.0,Kolkata,West Bengal,2023-01-06,Paid Search
CUST11875,Siddharth Singh,Male,20.0,Hyderabad,Telangana,2024-08-26,Direct
CUST11876,Anjali Yadav,Female,35.0,Lucknow,Uttar Pradesh,2024-04-17,Paid Search
CUST11877,Preeti Rao,Female,34.0,Guwahati,Assam,2025-04-25,Social Media
CUST11878,Neha Chatterjee,Female,35.0,Nashik,Maharashtra,2023-03-02,Paid Search
CUST11879,Neha Kapoor,Female,42.0,Kolkata,West Bengal,2023-03-16,Organic Search
CUST11880,Swati Desai,Female,34.0,Hyderabad,Telangana,2024-12-02,Organic Search
CUST11881,Yash Das,Male,30.0,Chennai,Tamil Nadu,2024-11-07,Organic Search
CUST11882,Suresh Menon,Male,31.0,Hyderabad,Telangana,2025-05-26,Social Media
CUST11883,Ishaan Banerjee,Male,35.0,Guwahati,Assam,2024-11-08,Direct
CUST11884,Rajesh Verma,Male,29.0,Delhi,Delhi,2025-08-24,Paid Search
CUST11885,Shreya Kumar,Female,44.0,Vadodara,Gujarat,2024-02-11,Referral
CUST11886,Ishaan Chopra,Male,33.0,Chennai,Tamil Nadu,2024-05-08,Organic Search
CUST11887,Sneha Malhotra,Female,36.0,Lucknow,Uttar Pradesh,2025-09-14,Paid Search
CUST11888,Sanjay Nair,Male,25.0,Gurugram,Haryana,2023-06-07,Social Media
CUST11889,Shreya Bansal,Female,44.0,Jaipur,Rajasthan,2025-04-28,Organic Search
CUST11890,Vikram Yadav,Male,47.0,Surat,Gujarat,2023-01-19,Organic Search
CUST11891,Neha Mukherjee,Female,19.0,Mumbai,Maharashtra,2024-08-03,Organic Search
CUST11892,Karthik Saxena,Male,37.0,Delhi,Delhi,2023-08-07,Organic Search
CUST11893,Naveen Mehta,Male,32.0,Pune,Maharashtra,2024-11-14,Direct
CUST11894,Reyansh Reddy,Male,36.0,Ahmedabad,Gujarat,2025-04-30,Organic Search
CUST11895,Diya Sharma,Female,38.0,Surat,Gujarat,2023-02-21,Organic Search
CUST11896,Aarav Kumar,Male,18.0,Ahmedabad,Gujarat,2023-08-20,Email
CUST11897,Swati Yadav,Female,41.0,Delhi,Delhi,2024-03-12,Organic Search
CUST11898,Diya Desai,Female,44.0,Patna,Bihar,2023-12-08,Paid Search
CUST11899,Nikhil Patel,Male,45.0,Ludhiana,Punjab,2024-04-23,Organic Search
CUST11900,Rajesh Malhotra,Male,24.0,Noida,Uttar Pradesh,2025-08-26,Direct
CUST11901,Abhishek Kumar,Male,33.0,Delhi,Delhi,2023-05-30,Direct
CUST11902,Vivaan Menon,Male,28.0,Hyderabad,Telangana,2024-06-03,Direct
CUST11903,Ankit Saxena,Male,18.0,Bengaluru,Karnataka,2024-07-06,Organic Search
CUST11904,Rekha Rao,Female,27.0,Gurugram,Haryana,2024-01-05,
CUST11905,Riya Malhotra,Female,22.0,Jaipur,Rajasthan,2024-01-03,Referral
CUST11906,Suresh Sharma,Male,36.0,Gurugram,Haryana,2025-02-21,Referral
CUST11907,Aditi Reddy,Female,18.0,Coimbatore,Tamil Nadu,2024-11-30,Paid Search
CUST11908,Sunita Rao,Female,23.0,Bengaluru,Karnataka,2025-05-11,Social Media
CUST11909,Karthik Chauhan,Male,28.0,Chennai,Tamil Nadu,2024-05-15,Paid Search
CUST11910,Kiran Patel,Female,41.0,Chennai,Tamil Nadu,2024-11-21,Organic Search
CUST11911,Sneha Rao,Female,61.0,Kolkata,West Bengal,2025-07-13,Paid Search
CUST11912,Payal Kumar,Female,36.0,Guwahati,Assam,2025-06-11,Direct
CUST11913,Anjali Banerjee,Female,23.0,Delhi,Delhi,2025-08-02,Referral
CUST11914,Vihaan Reddy,Male,26.0,Visakhapatnam,Andhra Pradesh,2023-12-23,Organic Search
CUST11915,Vikram Patel,Male,40.0,Bengaluru,Karnataka,2025-09-20,
CUST11916,Anita Menon,Female,20.0,Thane,Maharashtra,2025-05-14,Organic Search
CUST11917,Yash Banerjee,Male,44.0,Delhi,Delhi,2025-04-27,Organic Search
CUST11918,Gaurav Rao,Male,36.0,Pune,Maharashtra,2025-01-12,Organic Search
CUST11919,Vivaan Saxena,Male,32.0,Lucknow,Uttar Pradesh,2025-09-18,Organic Search
CUST11920,Rohan Kumar,Male,18.0,Chennai,Tamil Nadu,2024-06-21,Direct
CUST11921,Aditya Chopra,Male,42.0,Noida,Uttar Pradesh,2025-03-15,Referral
CUST11922,Anjali Mukherjee,Female,25.0,Indore,Madhya Pradesh,2025-02-08,Direct
CUST11923,Vihaan Iyer,Male,35.0,Delhi,Delhi,2025-03-07,Email
CUST11924,Karthik Malhotra,Male,31.0,Ahmedabad,Gujarat,2025-03-23,Email
CUST11925,Ankit Kumar,Male,18.0,Hyderabad,Telangana,2023-09-22,Email
CUST11926,Komal Mishra,Female,31.0,Bengaluru,Karnataka,2024-03-19,Social Media
CUST11927,Ishita Yadav,Female,21.0,Bengaluru,Karnataka,2024-05-02,Organic Search
CUST11928,Preeti Agarwal,Female,26.0,Delhi,Delhi,2025-03-20,Organic Search
CUST11929,Tanvi Tiwari,Female,37.0,Nashik,Maharashtra,2025-02-22,Paid Search
CUST11930,Rahul Tiwari,Male,40.0,Kochi,Kerala,2025-05-28,Social Media
CUST11931,Kavya Shah,Female,33.0,Delhi,Delhi,2025-04-22,Organic Search
CUST11932,Payal Pandey,Female,24.0,Patna,Bihar,2024-11-11,Social Media
CUST11933,Riya Bansal,Female,27.0,Bengaluru,Karnataka,2023-07-20,Direct
CUST11934,Ritu Chatterjee,Female,26.0,Kolkata,West Bengal,2024-12-16,Organic Search
CUST11935,Naveen Mukherjee,Male,18.0,Delhi,Delhi,2025-07-08,Organic Search
CUST11936,Vikram Das,Male,34.0,Bengaluru,Karnataka,2024-12-22,Direct
CUST11937,Anita Mukherjee,Female,18.0,Chennai,Tamil Nadu,2025-07-15,Organic Search
CUST11938,Pranav Menon,Male,34.0,Indore,Madhya Pradesh,2025-09-30,Organic Search
CUST11939,Priya Desai,Female,18.0,Kolkata,West Bengal,2024-03-29,Social Media
CUST11940,Gaurav Yadav,Male,21.0,Vadodara,Gujarat,2025-02-28,Direct
CUST11941,Juhi Tiwari,Female,40.0,Mumbai,Maharashtra,2024-09-22,Organic Search
CUST11942,Komal Kapoor,Female,33.0,Pune,Maharashtra,2024-07-04,Organic Search
CUST11943,Manish Tiwari,Male,18.0,Delhi,Delhi,2023-11-20,Paid Search
CUST11944,Rahul Tiwari,Male,27.0,Delhi,Delhi,2023-11-27,Paid Search
CUST11945,Tanvi Kapoor,Female,36.0,Hyderabad,Telangana,2023-09-15,Referral
CUST11946,Tarun Reddy,Male,27.0,Delhi,Delhi,2024-12-12,Direct
CUST11947,Vivaan Mukherjee,Male,30.0,Visakhapatnam,Andhra Pradesh,2023-07-23,Referral
CUST11948,Pooja Mishra,Female,35.0,Kolkata,West Bengal,2024-06-11,Organic Search
CUST11949,Suresh Singh,Male,33.0,Lucknow,Uttar Pradesh,2024-09-06,Email
CUST11950,Rekha Agarwal,Female,23.0,Mumbai,Maharashtra,2024-06-17,Social Media
CUST11951,Rahul Tiwari,Male,33.0,Bengaluru,Karnataka,2025-06-13,Paid Search
CUST11952,Varun Chopra,Male,30.0,Pune,Maharashtra,2024-06-22,Social Media
CUST11953,Karthik Tiwari,Male,50.0,Mumbai,Maharashtra,2023-05-04,Paid Search
CUST11954,Swati Chopra,Female,32.0,Delhi,Delhi,2025-09-25,Social Media
CUST11955,Preeti Saxena,Female,34.0,Mumbai,Maharashtra,2025-06-06,Social Media
CUST11956,Suresh Tiwari,Male,36.0,Chandigarh,Chandigarh,2025-01-06,Organic Search
CUST11957,Ishaan Desai,Male,30.0,Chennai,Tamil Nadu,2025-03-27,Social Media
CUST11958,Meera Desai,Female,26.0,Mumbai,Maharashtra,2023-07-05,Organic Search
CUST11959,Juhi Pandey,Female,38.0,Chennai,Tamil Nadu,2025-04-04,Organic Search
CUST11960,Aditya Bansal,Male,38.0,Coimbatore,Tamil Nadu,2023-10-13,Paid Search
CUST11961,Abhishek Joshi,Male,54.0,Delhi,Delhi,2024-08-05,Direct
CUST11962,Deepak Chopra,Male,40.0,Bengaluru,Karnataka,2023-09-06,Organic Search
CUST11963,Tanvi Gupta,Female,41.0,Kochi,Kerala,2025-03-25,Referral
CUST11964,Preeti Tiwari,Female,40.0,Agra,Uttar Pradesh,2023-11-27,Organic Search
CUST11965,Ananya Menon,Female,26.0,Pune,Maharashtra,2023-12-05,Organic Search
CUST11966,Simran Gupta,Female,20.0,Delhi,Delhi,2023-06-10,Paid Search
CUST11967,Reyansh Iyer,Male,23.0,Bengaluru,Karnataka,2025-02-26,Organic Search
CUST11968,Aditi Mukherjee,Female,40.0,Nashik,Maharashtra,2024-01-22,Referral
CUST11969,Juhi Saxena,Female,47.0,Kanpur,Uttar Pradesh,2024-09-02,Paid Search
CUST11970,Deepak Desai,Male,40.0,Hyderabad,Telangana,2024-03-01,Social Media
CUST11971,Swati Verma,Female,31.0,Mumbai,Maharashtra,2025-04-11,Email
CUST11972,Karthik Gupta,Male,50.0,Delhi,Delhi,2023-11-04,Paid Search
CUST11973,Aadhya Menon,Female,29.0,Indore,Madhya Pradesh,2025-08-18,Paid Search
CUST11974,Aditi Chauhan,Female,22.0,Lucknow,Uttar Pradesh,2024-02-18,Organic Search
CUST11975,Anjali Nair,Female,36.0,Ahmedabad,Gujarat,2023-06-02,Social Media
CUST11976,Tarun Saxena,Male,46.0,Jaipur,Rajasthan,2023-11-20,Referral
CUST11977,Anita Sharma,Female,25.0,Bhopal,Madhya Pradesh,2023-04-22,Social Media
CUST11978,Rahul Das,Male,18.0,Lucknow,Uttar Pradesh,2024-07-17,Organic Search
CUST11979,Ankit Saxena,Male,33.0,Bengaluru,Karnataka,2023-12-02,Social Media
CUST11980,Nisha Banerjee,,41.0,Noida,Uttar Pradesh,2025-07-07,Social Media
CUST11981,Sanjay Mukherjee,Male,18.0,Mumbai,Maharashtra,2024-09-01,Paid Search
CUST11982,Rekha Rao,Female,43.0,Pune,Maharashtra,2023-11-12,Paid Search
CUST11983,Reyansh Yadav,Male,19.0,Bengaluru,Karnataka,2024-06-30,Paid Search
CUST11984,Payal Mishra,Female,40.0,Indore,Madhya Pradesh,2023-09-29,Email
CUST11985,Simran Menon,Female,18.0,Pune,Maharashtra,2023-09-07,Social Media
CUST11986,Naveen Mishra,Male,18.0,Delhi,Delhi,2024-01-27,Paid Search
CUST11987,Nisha Kumar,Female,39.0,Kolkata,West Bengal,2023-06-08,Referral
CUST11988,Naveen Malhotra,Male,45.0,Kolkata,West Bengal,2023-09-20,Referral
CUST11989,Priya Rao,Female,33.0,Chennai,Tamil Nadu,2025-08-16,Organic Search
CUST11990,Saanvi Singh,Female,57.0,Mumbai,Maharashtra,2025-01-12,Organic Search
CUST11991,Anjali Desai,Female,23.0,Delhi,Delhi,2025-08-03,Paid Search
CUST11992,Rekha Das,Female,23.0,Noida,Uttar Pradesh,2023-12-09,Email
CUST11993,Anita Joshi,Female,30.0,Delhi,Delhi,2025-06-15,Organic Search
CUST11994,Rekha Agarwal,Female,30.0,Chennai,Tamil Nadu,2024-04-02,Referral
CUST11995,Juhi Banerjee,Female,36.0,Bengaluru,Karnataka,2023-07-26,Organic Search
CUST11996,Deepak Iyer,Male,26.0,Bhopal,Madhya Pradesh,2025-05-05,Social Media
CUST11997,Yash Agarwal,Male,39.0,Jaipur,Rajasthan,2023-04-01,Referral
CUST11998,Kavya Chopra,Female,38.0,Indore,Madhya Pradesh,2024-05-15,Organic Search
CUST11999,Vihaan Mukherjee,Male,,Lucknow,Uttar Pradesh,2025-05-17,Referral
CUST12000,Naveen Desai,Male,28.0,Kolkata,West Bengal,2024-11-30,Referral
