order_id,return_date,return_reason,refund_amount
ORD000011,2025-12-09,Changed Mind,274.6
ORD000022,2025-10-11,Damaged Product,2979.32
ORD000037,2025-10-23,Quality Issue,5293.89
ORD000038,2025-08-10,Changed Mind,88057.71
ORD000044,2025-03-29,Quality Issue,25330.16
ORD000055,2025-02-25,Size/Fit Issue,5000.27
ORD000060,2025-11-06,Damaged Product,3988.56
ORD000074,2025-11-11,Late Delivery,4089.76
ORD000087,2025-11-21,Damaged Product,2694.58
ORD000089,2025-02-20,Size/Fit Issue,2005.99
ORD000100,2025-11-04,Damaged Product,38209.62
ORD000112,2025-02-03,Changed Mind,1935.41
ORD000128,2025-09-08,Changed Mind,5711.36
ORD000132,2025-11-26,Quality Issue,11895.53
ORD000140,2024-11-17,Size/Fit Issue,11221.63
ORD000149,2025-03-24,Late Delivery,1876.32
ORD000168,2025-10-12,Damaged Product,663.83
ORD000189,2025-09-29,Size/Fit Issue,3988.47
ORD000215,2025-12-27,Changed Mind,500.87
ORD000235,2026-01-06,Damaged Product,90215.06
ORD000239,2025-09-09,Changed Mind,17901.9
ORD000262,2024-02-25,Changed Mind,4705.45
ORD000274,2025-06-05,Wrong Product,52412.83
ORD000280,2025-12-28,Size/Fit Issue,19167.37
ORD000282,2024-05-01,Size/Fit Issue,10846.31
ORD000340,2024-11-26,Quality Issue,3047.53
ORD000343,2025-08-29,Size/Fit Issue,37892.77
ORD000346,2025-02-05,Size/Fit Issue,13385.81
ORD000350,2025-01-03,Damaged Product,1019.78
ORD000355,2026-01-04,Quality Issue,47026.02
ORD000370,2025-05-27,Size/Fit Issue,1306.02
ORD000387,2025-11-07,Quality Issue,5621.66
ORD000397,2025-04-09,Damaged Product,29710.1
ORD000408,2025-04-25,Quality Issue,3646.82
ORD000411,2025-02-08,Quality Issue,6444.01
ORD000422,2025-06-25,Changed Mind,3931.55
ORD000426,2025-12-09,Quality Issue,1174.19
ORD000436,2025-08-25,Late Delivery,307.53
ORD000455,2025-10-01,Changed Mind,13033.23
ORD000461,2025-09-02,Damaged Product,15170.42
ORD000476,2026-01-01,Damaged Product,2966.45
ORD000477,2025-11-21,Damaged Product,18719.41
ORD000498,2024-02-04,Quality Issue,5592.1
ORD000509,2025-04-17,Late Delivery,306.15
ORD000512,2025-12-13,Damaged Product,14153.03
ORD000536,2025-06-03,Changed Mind,3529.25
ORD000551,2025-05-22,Quality Issue,3472.45
ORD000554,2025-07-11,Size/Fit Issue,6640.82
ORD000591,2024-08-01,Quality Issue,2748.42
ORD000592,2025-09-12,Damaged Product,9667.47
ORD000624,2025-03-15,Changed Mind,40408.28
ORD000632,2025-07-13,Damaged Product,7723.23
ORD000642,2024-03-08,Quality Issue,539.99
ORD000662,2025-11-22,Size/Fit Issue,6109.01
ORD000669,2025-10-29,Late Delivery,51008.07
ORD000671,2026-01-09,Changed Mind,11505.62
ORD000679,2025-10-01,Late Delivery,35261.33
ORD000713,2024-11-13,Late Delivery,22971.36
ORD000718,2024-10-21,Changed Mind,437.44
ORD000734,2025-08-11,Quality Issue,580.97
ORD000737,2025-06-08,Late Delivery,21444.23
ORD000740,2025-01-04,Changed Mind,1967.97
ORD000747,2024-10-02,Quality Issue,4958.25
ORD000753,2025-07-17,Changed Mind,3351.89
ORD000792,2025-09-24,Quality Issue,28328.5
ORD000800,2025-12-19,Changed Mind,114579.77
ORD000811,2024-12-02,Damaged Product,57255.48
ORD000828,2024-05-12,Damaged Product,14970.58
ORD000847,2025-02-09,Size/Fit Issue,71758.42
ORD000850,2024-11-26,Size/Fit Issue,7396.74
ORD000871,2026-01-13,Size/Fit Issue,1464.09
ORD000882,2025-10-06,Changed Mind,1137.61
ORD000883,2024-08-15,Damaged Product,2076.01
ORD000896,2024-11-13,Wrong Product,1207.72
ORD000905,2025-02-11,Damaged Product,61453.72
ORD000908,2025-09-29,Wrong Product,3705.93
ORD000992,2024-07-10,Late Delivery,61859.71
ORD000996,2025-10-29,Late Delivery,1558.51
ORD001008,2025-10-23,Wrong Product,10348.74
ORD001009,2024-08-06,Late Delivery,7477.52
ORD001013,2025-10-10,Quality Issue,4627.4
ORD001035,2026-01-06,Wrong Product,3779.18
ORD001036,2025-12-20,Changed Mind,6490.69
ORD001057,2025-11-28,Late Delivery,13296.08
ORD001058,2025-06-29,Changed Mind,6577.33
ORD001077,2025-10-26,Wrong Product,13051.18
ORD001107,2024-11-14,Late Delivery,124009.83
ORD001118,2025-05-11,Damaged Product,4930.74
ORD001146,2025-11-11,Changed Mind,15227.14
ORD001151,2025-11-22,Size/Fit Issue,12748.37
ORD001158,2024-02-23,Size/Fit Issue,5625.58
ORD001163,2025-12-14,Late Delivery,11641.33
ORD001168,2025-12-02,Size/Fit Issue,27088.19
ORD001169,2025-09-26,Quality Issue,107.94
ORD001172,2025-09-03,Changed Mind,5976.58
ORD001183,2025-10-15,Damaged Product,3289.37
ORD001185,2025-01-01,Changed Mind,2135.08
ORD001204,2024-11-26,Damaged Product,137766.0
ORD001236,2025-11-13,Changed Mind,16524.43
ORD001237,2025-01-31,Quality Issue,515.45
ORD001238,2024-10-14,Damaged Product,26068.1
ORD001241,2024-08-24,Wrong Product,3392.5
ORD001247,2025-07-04,Damaged Product,2237.94
ORD001281,2024-11-06,Changed Mind,556.79
ORD001298,2024-10-30,Damaged Product,7018.64
ORD001301,2024-08-26,Damaged Product,6947.43
ORD001331,2025-12-09,Changed Mind,7658.79
ORD001347,2024-09-04,Damaged Product,11266.27
ORD001355,2025-06-25,Changed Mind,51420.56
ORD001363,2025-05-25,Size/Fit Issue,7521.25
ORD001393,2025-10-28,Quality Issue,8753.22
ORD001412,2025-08-22,Late Delivery,117839.09
ORD001418,2024-09-28,Damaged Product,11488.34
ORD001434,2024-09-20,Changed Mind,645.9
ORD001437,2025-10-01,Quality Issue,731.8
ORD001460,2024-10-23,Wrong Product,7997.62
ORD001466,2024-09-25,Wrong Product,58709.58
ORD001475,2025-09-07,Late Delivery,4881.2
ORD001501,2026-01-05,Changed Mind,444.72
ORD001521,2025-12-05,Damaged Product,9810.71
ORD001530,2025-04-26,Size/Fit Issue,366.43
ORD001557,2025-08-12,Damaged Product,2759.72
ORD001561,2025-03-12,Late Delivery,29305.37
ORD001604,2025-06-29,Damaged Product,135.0
ORD001606,2025-11-06,Size/Fit Issue,61078.82
ORD001641,2025-07-02,Size/Fit Issue,397.75
ORD001643,2025-11-04,Quality Issue,2496.23
ORD001662,2025-01-16,Size/Fit Issue,16608.3
ORD001684,2024-07-05,Size/Fit Issue,468.2
ORD001697,2025-10-18,Changed Mind,1125.77
ORD001698,2025-04-17,Changed Mind,2878.01
ORD001709,2025-12-31,Wrong Product,75478.42
ORD001718,2025-07-19,Size/Fit Issue,48836.21
ORD001753,2024-09-23,Quality Issue,12332.43
ORD001773,2025-08-24,Quality Issue,20886.01
ORD001775,2025-04-07,Size/Fit Issue,2605.82
ORD001779,2024-06-17,Damaged Product,2157.63
ORD001781,2024-10-26,Damaged Product,8925.73
ORD001799,2025-09-09,Wrong Product,8455.36
ORD001813,2025-03-24,Size/Fit Issue,1868.04
ORD001830,2025-03-03,Size/Fit Issue,1974.03
ORD001843,2025-11-17,Wrong Product,2467.47
ORD001858,2025-07-20,Late Delivery,206743.28
ORD001860,2025-09-09,Quality Issue,2228.73
ORD001891,2025-07-07,Damaged Product,8785.38
ORD001904,2025-01-10,Wrong Product,14859.81
ORD001920,2025-06-17,Quality Issue,7953.31
ORD001921,2025-08-09,Damaged Product,748.14
ORD001952,2025-04-09,Damaged Product,8213.21
ORD001965,2024-01-15,Late Delivery,7482.86
ORD001972,2025-12-28,Damaged Product,22490.66
ORD001977,2025-10-21,Wrong Product,2285.19
ORD002041,2025-12-14,Damaged Product,6472.42
ORD002043,2025-01-29,Changed Mind,1505.89
ORD002054,2025-10-25,Damaged Product,6902.66
ORD002061,2025-11-16,Late Delivery,5970.83
ORD002062,2025-09-08,Late Delivery,6906.39
ORD002070,2025-04-03,Quality Issue,10300.32
ORD002078,2025-05-16,Quality Issue,5478.32
ORD002088,2025-11-20,Wrong Product,8952.69
ORD002138,2025-11-25,Quality Issue,2382.59
ORD002163,2024-07-31,Wrong Product,4911.51
ORD002164,2025-04-13,Changed Mind,17458.81
ORD002201,2025-04-15,Quality Issue,18037.48
ORD002202,2025-06-18,Changed Mind,6049.29
ORD002203,2025-11-23,Wrong Product,3098.27
ORD002227,2025-12-18,Damaged Product,16578.53
ORD002248,2025-12-29,Damaged Product,157518.81
ORD002252,2025-12-08,Changed Mind,27431.68
ORD002260,2025-10-16,Wrong Product,1032.6
ORD002299,2025-03-03,Quality Issue,1977.13
ORD002317,2025-10-12,Damaged Product,24525.21
ORD002334,2025-03-29,Changed Mind,170560.38
ORD002367,2025-11-01,Damaged Product,9736.93
ORD002376,2025-03-23,Damaged Product,6678.31
ORD002378,2025-03-02,Quality Issue,5604.35
ORD002389,2025-11-11,Size/Fit Issue,2226.53
ORD002397,2025-04-20,Changed Mind,28825.38
ORD002409,2024-08-25,Late Delivery,431.19
ORD002410,2024-07-20,Wrong Product,1113.8
ORD002416,2024-09-08,Changed Mind,3819.24
ORD002428,2024-11-24,Changed Mind,7771.31
ORD002482,2024-11-28,Damaged Product,3732.14
ORD002499,2025-06-09,Late Delivery,1590.25
ORD002515,2025-12-08,Quality Issue,3657.56
ORD002522,2025-12-15,Quality Issue,666.35
ORD002532,2025-08-11,Changed Mind,3283.94
ORD002562,2025-01-01,Wrong Product,24214.06
ORD002595,2024-12-05,Changed Mind,5218.04
ORD002604,2024-06-01,Damaged Product,3419.2
ORD002613,2025-04-15,Quality Issue,1572.73
ORD002625,2024-10-28,Quality Issue,1108.14
ORD002651,2024-06-13,Damaged Product,10121.27
ORD002666,2025-08-19,Quality Issue,339.08
ORD002679,2025-09-08,Damaged Product,14692.86
ORD002681,2025-04-23,Damaged Product,2342.98
ORD002682,2025-03-19,Damaged Product,3595.72
ORD002695,2025-05-30,Damaged Product,76437.79
ORD002713,2024-10-22,Damaged Product,9304.41
ORD002742,2026-01-07,Damaged Product,20252.9
ORD002743,2025-07-03,Changed Mind,1356.28
ORD002758,2024-11-14,Size/Fit Issue,1752.96
ORD002764,2024-09-27,Size/Fit Issue,19133.64
ORD002796,2025-01-10,Wrong Product,6478.65
ORD002805,2025-06-25,Wrong Product,2275.86
ORD002808,2024-07-17,Quality Issue,740.43
ORD002817,2025-08-08,Wrong Product,2671.01
ORD002824,2025-10-16,Quality Issue,7130.72
ORD002826,2024-11-26,Late Delivery,615.94
ORD002854,2025-11-04,Changed Mind,20281.7
ORD002856,2025-06-08,Quality Issue,34212.49
ORD002872,2025-09-07,Quality Issue,2886.49
ORD002882,2025-11-05,Changed Mind,7554.63
ORD002884,2026-01-02,Changed Mind,3027.93
ORD002893,2025-08-20,Wrong Product,1727.77
ORD002901,2024-09-04,Wrong Product,5838.2
ORD002902,2024-09-26,Wrong Product,4025.68
ORD002908,2025-12-08,Quality Issue,1139.7
ORD002915,2024-09-17,Damaged Product,513.87
ORD002952,2025-07-10,Damaged Product,2211.97
ORD002973,2025-04-27,Damaged Product,3389.3
ORD002982,2025-04-02,Size/Fit Issue,58369.85
ORD003003,2025-03-13,Damaged Product,11649.2
ORD003043,2025-05-14,Size/Fit Issue,9547.45
ORD003047,2024-12-28,Late Delivery,2229.14
ORD003049,2025-06-15,Wrong Product,4360.85
ORD003053,2025-11-11,Wrong Product,1897.28
ORD003061,2024-02-19,Wrong Product,652.35
ORD003068,2025-10-14,Late Delivery,10224.94
ORD003073,2024-05-14,Size/Fit Issue,31592.5
ORD003077,2024-08-29,Wrong Product,5051.53
ORD003079,2024-06-24,Damaged Product,13255.37
ORD003116,2025-11-18,Quality Issue,39241.55
ORD003128,2025-07-10,Damaged Product,15328.25
ORD003132,2024-10-23,Wrong Product,2939.04
ORD003154,2024-05-16,Changed Mind,5154.09
ORD003164,2025-07-12,Changed Mind,7535.23
ORD003165,2025-11-11,Late Delivery,3333.61
ORD003170,2025-01-09,Damaged Product,17005.84
ORD003208,2025-06-01,Size/Fit Issue,12656.99
ORD003230,2025-02-12,Quality Issue,1799.39
ORD003239,2025-12-04,Damaged Product,29915.88
ORD003256,2024-12-12,Damaged Product,4683.97
ORD003347,2025-08-25,Wrong Product,557.87
ORD003416,2025-03-21,Damaged Product,17820.14
ORD003443,2025-11-11,Wrong Product,49520.65
ORD003445,2024-10-13,Damaged Product,3338.55
ORD003487,2025-09-29,Damaged Product,15025.06
ORD003490,2024-01-16,Damaged Product,440.61
ORD003522,2025-10-09,Changed Mind,1880.95
ORD003525,2024-09-15,Changed Mind,2218.15
ORD003540,2025-11-05,Late Delivery,942.05
ORD003566,2025-10-08,Quality Issue,2366.13
ORD003569,2025-11-17,Size/Fit Issue,5802.97
ORD003617,2025-06-25,Damaged Product,5033.12
ORD003642,2024-04-25,Size/Fit Issue,9611.57
ORD003651,2025-12-22,Late Delivery,64764.5
ORD003671,2025-04-24,Late Delivery,34886.06
ORD003688,2024-08-30,Damaged Product,1021.42
ORD003693,2024-03-20,Quality Issue,500.16
ORD003714,2024-12-04,Wrong Product,31356.67
ORD003722,2025-07-22,Size/Fit Issue,3738.23
ORD003737,2025-07-06,Quality Issue,7605.31
ORD003763,2025-08-02,Changed Mind,779.73
ORD003779,2025-10-01,Damaged Product,76633.98
ORD003801,2024-06-12,Damaged Product,50057.68
ORD003803,2025-01-29,Damaged Product,25126.62
ORD003810,2025-06-13,Changed Mind,10515.65
ORD003824,2025-10-10,Quality Issue,44393.15
ORD003871,2025-10-08,Wrong Product,839.63
ORD003895,2025-09-14,Wrong Product,772.52
ORD003922,2025-07-16,Damaged Product,50131.25
ORD003923,2025-12-07,Damaged Product,126438.07
ORD003957,2025-12-14,Late Delivery,26356.12
ORD003959,2024-09-26,Damaged Product,3605.12
ORD003965,2025-12-21,Damaged Product,9076.02
ORD003970,2025-12-15,Size/Fit Issue,2244.96
ORD003972,2024-12-06,Changed Mind,4032.6
ORD003975,2025-10-24,Wrong Product,1871.28
ORD003977,2025-08-07,Damaged Product,5213.11
ORD003983,2025-05-23,Damaged Product,15556.59
ORD003988,2025-11-18,Late Delivery,3270.61
ORD004000,2025-05-15,Size/Fit Issue,1572.04
ORD004033,2025-10-24,Size/Fit Issue,6384.92
ORD004057,2024-11-08,Damaged Product,25675.88
ORD004063,2025-12-25,Size/Fit Issue,1735.59
ORD004065,2025-04-21,Size/Fit Issue,7555.68
ORD004101,2024-03-22,Damaged Product,9155.03
ORD004143,2025-12-23,Quality Issue,265469.05
ORD004156,2024-06-25,Changed Mind,6794.52
ORD004191,2025-11-16,Size/Fit Issue,3815.1
ORD004193,2025-07-14,Late Delivery,38835.19
ORD004197,2025-04-27,Changed Mind,7498.44
ORD004217,2025-09-29,Changed Mind,7127.63
ORD004232,2025-05-25,Damaged Product,26560.74
ORD004254,2025-02-28,Changed Mind,9576.45
ORD004263,2025-02-20,Damaged Product,6987.64
ORD004268,2025-12-23,Damaged Product,30209.08
ORD004287,2024-02-02,Quality Issue,4235.74
ORD004298,2025-10-11,Changed Mind,6724.9
ORD004319,2025-10-31,Size/Fit Issue,17578.24
ORD004336,2025-02-12,Size/Fit Issue,3203.26
ORD004364,2024-09-16,Size/Fit Issue,8140.64
ORD004371,2025-12-12,Damaged Product,9423.4
ORD004401,2024-12-15,Damaged Product,4860.78
ORD004406,2025-09-15,Quality Issue,42055.75
ORD004448,2025-07-31,Quality Issue,16043.41
ORD004461,2025-11-04,Damaged Product,2615.21
ORD004476,2025-06-24,Quality Issue,6519.94
ORD004477,2025-11-06,Size/Fit Issue,111051.04
ORD004493,2025-11-25,Size/Fit Issue,4354.7
ORD004500,2025-11-18,Wrong Product,1629.93
ORD004514,2024-08-31,Size/Fit Issue,1609.0
ORD004538,2024-12-06,Quality Issue,8123.18
ORD004544,2025-11-08,Damaged Product,2428.73
ORD004551,2024-06-06,Size/Fit Issue,3713.29
ORD004556,2025-03-30,Size/Fit Issue,26073.41
ORD004600,2025-10-29,Damaged Product,797.24
ORD004610,2024-12-22,Damaged Product,39087.17
ORD004635,2024-06-09,Damaged Product,7194.67
ORD004636,2025-07-13,Quality Issue,18422.02
ORD004646,2024-09-20,Damaged Product,45507.7
ORD004648,2025-03-15,Late Delivery,942.74
ORD004685,2025-07-29,Wrong Product,49573.6
ORD004687,2025-07-08,Damaged Product,1552.09
ORD004693,2024-08-09,Late Delivery,517.41
ORD004702,2025-04-08,Quality Issue,1092.15
ORD004709,2026-01-06,Changed Mind,2730.76
ORD004711,2025-10-27,Wrong Product,23063.0
ORD004722,2025-06-07,Late Delivery,4813.49
ORD004735,2025-09-28,Changed Mind,31849.46
ORD004741,2025-05-03,Late Delivery,4591.87
ORD004745,2025-04-02,Damaged Product,13490.95
ORD004747,2025-09-25,Quality Issue,338.18
ORD004749,2025-06-02,Changed Mind,1015.8
ORD004777,2025-01-09,Size/Fit Issue,10570.05
ORD004807,2025-07-29,Damaged Product,3234.15
ORD004813,2025-12-30,Wrong Product,16447.13
ORD004839,2025-11-07,Changed Mind,941.81
ORD004841,2025-05-31,Size/Fit Issue,8858.79
ORD004842,2025-05-31,Size/Fit Issue,2094.98
ORD004873,2025-03-17,Size/Fit Issue,2106.49
ORD004878,2024-07-08,Quality Issue,8170.62
ORD004901,2024-08-17,Size/Fit Issue,3904.12
ORD004909,2025-01-23,Damaged Product,107619.39
ORD004916,2025-10-02,Size/Fit Issue,4129.49
ORD004935,2025-09-29,Quality Issue,91953.31
ORD004951,2025-10-05,Changed Mind,5821.54
ORD004961,2024-10-24,Quality Issue,18503.86
ORD005012,2025-01-24,Quality Issue,7412.71
ORD005032,2025-12-09,Size/Fit Issue,7599.34
ORD005036,2025-09-08,Changed Mind,7821.22
ORD005053,2025-10-01,Quality Issue,11687.21
ORD005055,2025-10-11,Size/Fit Issue,544.27
ORD005072,2025-12-30,Late Delivery,33492.91
ORD005084,2025-11-14,Wrong Product,30483.24
ORD005089,2025-05-30,Quality Issue,2715.65
ORD005091,2024-03-31,Changed Mind,378.38
ORD005104,2024-04-06,Damaged Product,22491.49
ORD005108,2024-10-18,Late Delivery,3191.26
ORD005120,2025-09-25,Changed Mind,6708.46
ORD005132,2025-08-08,Size/Fit Issue,726.71
ORD005140,2024-04-09,Size/Fit Issue,27063.96
ORD005149,2025-02-16,Quality Issue,7491.99
ORD005154,2025-09-26,Wrong Product,6028.47
ORD005159,2024-10-16,Late Delivery,15567.21
ORD005197,2024-06-26,Wrong Product,13845.47
ORD005207,2025-11-07,Size/Fit Issue,874.49
ORD005253,2025-07-21,Size/Fit Issue,2053.71
ORD005276,2025-07-27,Quality Issue,14829.75
ORD005283,2025-10-09,Late Delivery,11363.18
ORD005289,2025-11-10,Size/Fit Issue,3106.17
ORD005295,2025-10-16,Quality Issue,12872.61
ORD005296,2025-06-09,Changed Mind,70751.61
ORD005300,2025-12-09,Size/Fit Issue,16410.68
ORD005313,2024-08-27,Late Delivery,4820.04
ORD005315,2025-08-07,Size/Fit Issue,4233.05
ORD005320,2025-09-16,Changed Mind,293.46
ORD005324,2025-12-05,Size/Fit Issue,4747.41
ORD005333,2024-11-11,Changed Mind,2150.71
ORD005337,2024-10-21,Changed Mind,419.1
ORD005348,2025-01-29,Quality Issue,31415.75
ORD005351,2024-12-13,Wrong Product,7344.71
ORD005360,2025-11-29,Quality Issue,27424.47
ORD005371,2025-12-07,Late Delivery,59644.15
ORD005375,2025-10-18,Changed Mind,2692.35
ORD005388,2025-07-09,Size/Fit Issue,18632.39
ORD005389,2025-06-20,Size/Fit Issue,21891.01
ORD005406,2025-04-09,Wrong Product,1758.64
ORD005407,2024-09-14,Quality Issue,4175.47
ORD005426,2025-10-13,Quality Issue,6397.26
ORD005428,2025-10-17,Late Delivery,300.85
ORD005436,2025-05-26,Quality Issue,18465.47
ORD005478,2025-09-06,Quality Issue,3244.14
ORD005480,2025-10-12,Quality Issue,6348.84
ORD005496,2024-01-22,Damaged Product,757.28
ORD005499,2025-02-04,Damaged Product,23613.92
ORD005502,2025-09-23,Changed Mind,4818.93
ORD005512,2025-02-23,Quality Issue,17942.42
ORD005513,2025-09-01,Quality Issue,843.7
ORD005548,2025-06-03,Damaged Product,12301.11
ORD005554,2024-09-29,Changed Mind,15601.68
ORD005561,2024-09-30,Damaged Product,5066.45
ORD005582,2025-03-15,Damaged Product,8201.57
ORD005583,2025-01-13,Size/Fit Issue,27573.92
ORD005590,2026-01-03,Damaged Product,17028.21
ORD005603,2025-11-27,Damaged Product,4868.63
ORD005627,2025-07-06,Quality Issue,2963.36
ORD005665,2024-09-04,Changed Mind,39471.16
ORD005721,2025-02-18,Quality Issue,2128.97
ORD005744,2024-09-16,Wrong Product,15893.87
ORD005764,2025-08-07,Size/Fit Issue,3093.59
ORD005776,2025-08-25,Damaged Product,4062.63
ORD005793,2025-12-09,Wrong Product,565.89
ORD005794,2025-10-12,Wrong Product,8183.23
ORD005823,2025-06-09,Damaged Product,400.73
ORD005849,2024-09-07,Quality Issue,9974.93
ORD005856,2024-05-30,Damaged Product,1577.96
ORD005866,2025-03-13,Changed Mind,2065.94
ORD005867,2025-12-21,Damaged Product,669.43
ORD005888,2025-09-09,Quality Issue,1277.24
ORD005934,2025-06-19,Damaged Product,9166.91
ORD005938,2024-02-04,Late Delivery,3370.98
ORD005948,2025-03-14,Wrong Product,20525.88
ORD005951,2025-08-19,Changed Mind,2562.5
ORD005953,2025-06-05,Late Delivery,22172.86
ORD005982,2024-11-28,Changed Mind,45767.32
ORD005986,2024-07-13,Changed Mind,1557.05
ORD005999,2025-05-05,Wrong Product,9475.62
ORD006012,2025-01-28,Wrong Product,20850.48
ORD006032,2025-06-14,Size/Fit Issue,1611.61
ORD006055,2025-03-02,Changed Mind,27225.18
ORD006079,2024-11-12,Damaged Product,3058.9
ORD006084,2025-07-31,Wrong Product,15858.18
ORD006091,2025-07-25,Damaged Product,7996.46
ORD006101,2024-12-03,Quality Issue,25641.01
ORD006115,2025-08-04,Damaged Product,24165.77
ORD006116,2025-09-02,Damaged Product,84348.51
ORD006123,2025-10-11,Damaged Product,39224.39
ORD006152,2024-10-10,Damaged Product,12061.22
ORD006153,2025-02-01,Damaged Product,49592.83
ORD006154,2025-12-12,Wrong Product,4167.77
ORD006155,2025-06-06,Damaged Product,48334.26
ORD006168,2025-12-01,Changed Mind,18895.06
ORD006178,2025-08-16,Changed Mind,4177.23
ORD006192,2025-12-08,Quality Issue,33626.85
ORD006197,2025-09-29,Late Delivery,30640.84
ORD006210,2025-10-01,Late Delivery,7174.55
ORD006211,2025-08-27,Quality Issue,10715.02
ORD006216,2025-04-20,Wrong Product,1749.66
ORD006218,2025-12-06,Quality Issue,8198.55
ORD006223,2025-12-28,Size/Fit Issue,6838.54
ORD006229,2025-11-04,Quality Issue,51767.07
ORD006244,2025-10-06,Size/Fit Issue,650.09
ORD006259,2025-12-22,Changed Mind,4876.33
ORD006272,2025-10-06,Wrong Product,2412.23
ORD006274,2024-10-23,Quality Issue,5182.85
ORD006289,2025-09-04,Quality Issue,210182.64
ORD006297,2024-08-28,Changed Mind,25932.4
ORD006315,2024-08-01,Wrong Product,22677.91
ORD006321,2025-08-20,Damaged Product,123.0
ORD006353,2025-10-25,Wrong Product,1411.13
ORD006391,2025-06-11,Quality Issue,15899.58
ORD006423,2025-06-13,Wrong Product,19693.22
ORD006434,2025-06-01,Quality Issue,5930.58
ORD006442,2025-08-02,Changed Mind,16122.08
ORD006444,2024-11-08,Wrong Product,1921.25
ORD006456,2025-06-10,Late Delivery,657.86
ORD006469,2025-02-06,Quality Issue,18091.93
ORD006478,2025-11-01,Size/Fit Issue,9724.23
ORD006503,2025-10-11,Quality Issue,5452.11
ORD006508,2025-10-01,Size/Fit Issue,909.19
ORD006511,2025-04-01,Size/Fit Issue,4191.03
ORD006542,2025-09-18,Changed Mind,22485.35
ORD006557,2025-05-19,Size/Fit Issue,10629.83
ORD006562,2026-01-05,Late Delivery,7190.66
ORD006567,2025-04-04,Size/Fit Issue,1645.1
ORD006583,2025-12-14,Damaged Product,13121.09
ORD006597,2024-02-27,Quality Issue,1449.24
ORD006602,2024-04-10,Size/Fit Issue,885.5
ORD006636,2024-11-06,Late Delivery,58860.99
ORD006645,2025-10-24,Quality Issue,8703.11
ORD006667,2026-01-01,Quality Issue,7284.93
ORD006684,2024-12-13,Quality Issue,19972.75
ORD006696,2024-12-21,Changed Mind,10729.97
ORD006702,2025-05-24,Size/Fit Issue,3108.19
ORD006709,2024-06-06,Damaged Product,708.88
ORD006716,2025-10-15,Damaged Product,10610.33
ORD006759,2025-10-10,Wrong Product,677.44
ORD006761,2025-11-11,Wrong Product,26236.75
ORD006763,2025-03-12,Damaged Product,12771.03
ORD006792,2025-12-03,Quality Issue,845.02
ORD006833,2025-12-12,Quality Issue,10535.82
ORD006839,2025-11-27,Changed Mind,7119.28
ORD006848,2024-06-11,Size/Fit Issue,1287.17
ORD006852,2025-05-18,Changed Mind,9629.46
ORD006914,2025-09-30,Quality Issue,9268.41
ORD006920,2025-04-27,Quality Issue,163.97
ORD006925,2025-05-23,Changed Mind,11131.54
ORD006961,2024-02-25,Size/Fit Issue,2028.86
ORD006972,2025-11-18,Changed Mind,1587.85
ORD006984,2025-12-22,Size/Fit Issue,282.25
ORD007043,2025-01-21,Size/Fit Issue,37970.42
ORD007078,2024-10-04,Damaged Product,8537.48
ORD007121,2025-04-24,Size/Fit Issue,114222.63
ORD007126,2025-10-19,Wrong Product,31868.29
ORD007128,2025-10-29,Changed Mind,5930.63
ORD007137,2025-11-02,Late Delivery,7135.19
ORD007140,2024-09-01,Changed Mind,15073.38
ORD007168,2025-11-21,Wrong Product,14415.48
ORD007197,2025-10-10,Quality Issue,20277.93
ORD007208,2025-10-23,Damaged Product,4355.51
ORD007217,2025-02-06,Quality Issue,6080.14
ORD007221,2025-09-01,Changed Mind,168568.79
ORD007239,2025-06-30,Quality Issue,11642.64
ORD007246,2024-11-11,Size/Fit Issue,6115.3
ORD007266,2025-11-04,Changed Mind,2552.84
ORD007292,2025-01-29,Changed Mind,30961.1
ORD007294,2025-11-20,Late Delivery,5382.45
ORD007347,2025-05-17,Changed Mind,23496.44
ORD007353,2025-09-11,Late Delivery,188567.86
ORD007365,2024-10-22,Late Delivery,83710.33
ORD007369,2025-09-09,Damaged Product,325.79
ORD007382,2025-09-12,Wrong Product,15595.44
ORD007405,2025-09-14,Wrong Product,9125.89
ORD007419,2026-01-06,Damaged Product,4359.49
ORD007463,2025-09-25,Quality Issue,1986.33
ORD007480,2025-12-22,Size/Fit Issue,17648.37
ORD007482,2025-06-27,Wrong Product,725.88
ORD007509,2025-11-29,Wrong Product,2655.65
ORD007515,2025-11-11,Quality Issue,3017.64
ORD007523,2025-08-22,Wrong Product,12884.64
ORD007543,2025-04-13,Damaged Product,1227.9
ORD007544,2025-06-29,Damaged Product,2106.76
ORD007555,2025-10-12,Wrong Product,3569.89
ORD007563,2025-08-16,Late Delivery,1856.12
ORD007574,2024-01-31,Changed Mind,4382.5
ORD007577,2025-02-24,Quality Issue,1436.76
ORD007596,2024-12-27,Size/Fit Issue,62565.45
ORD007597,2024-04-05,Changed Mind,581.24
ORD007604,2025-07-05,Quality Issue,507.37
ORD007607,2025-11-14,Size/Fit Issue,2792.47
ORD007615,2025-08-31,Changed Mind,27280.6
ORD007627,2025-10-08,Changed Mind,5770.38
ORD007653,2025-05-17,Damaged Product,72178.97
ORD007658,2025-08-15,Quality Issue,4414.23
ORD007702,2025-11-06,Wrong Product,9940.99
ORD007708,2024-07-19,Damaged Product,10731.02
ORD007716,2025-03-10,Size/Fit Issue,13391.74
ORD007721,2025-09-16,Size/Fit Issue,1500.44
ORD007741,2025-08-20,Late Delivery,12300.66
ORD007777,2025-08-30,Damaged Product,45229.33
ORD007788,2025-05-08,Size/Fit Issue,56333.0
ORD007798,2024-10-24,Damaged Product,4816.4
ORD007815,2024-11-17,Changed Mind,10179.8
ORD007822,2025-10-13,Quality Issue,4928.89
ORD007857,2024-10-16,Size/Fit Issue,7916.42
ORD007877,2025-03-04,Changed Mind,819.25
ORD007898,2025-11-20,Quality Issue,13070.75
ORD007899,2025-09-25,Changed Mind,19115.88
ORD007902,2025-09-16,Quality Issue,263.91
ORD007905,2025-02-09,Late Delivery,531.17
ORD007910,2025-12-11,Size/Fit Issue,885.98
ORD007923,2024-06-06,Changed Mind,125414.22
ORD007961,2024-10-31,Size/Fit Issue,1181.29
ORD007966,2024-03-05,Quality Issue,6988.68
ORD007979,2025-02-13,Damaged Product,672.85
ORD007981,2025-04-07,Wrong Product,1133.75
ORD007984,2025-04-02,Size/Fit Issue,21607.68
ORD008006,2025-01-28,Quality Issue,5151.5
ORD008015,2025-11-17,Changed Mind,197.59
ORD008025,2025-12-29,Changed Mind,8728.86
ORD008027,2025-10-28,Quality Issue,841.22
ORD008030,2025-03-02,Damaged Product,2006.72
ORD008048,2025-07-23,Quality Issue,4994.46
ORD008050,2025-12-19,Quality Issue,96461.12
ORD008055,2025-11-10,Quality Issue,43922.66
ORD008059,2025-04-19,Damaged Product,27665.58
ORD008063,2025-08-13,Changed Mind,76999.38
ORD008082,2025-05-05,Wrong Product,3683.14
ORD008084,2025-11-20,Changed Mind,10763.73
ORD008103,2025-11-16,Wrong Product,6320.34
ORD008105,2025-06-19,Damaged Product,1257.64
ORD008113,2024-03-08,Late Delivery,4157.52
ORD008136,2025-09-13,Damaged Product,2667.0
ORD008140,2025-02-04,Wrong Product,697.07
ORD008151,2025-05-11,Damaged Product,564.56
ORD008152,2024-02-07,Damaged Product,8789.4
ORD008160,2025-10-25,Changed Mind,115443.75
ORD008174,2025-03-07,Damaged Product,1976.47
ORD008220,2026-01-05,Changed Mind,347.16
ORD008235,2025-12-22,Quality Issue,9226.95
ORD008247,2025-12-31,Quality Issue,21957.25
ORD008254,2025-11-05,Quality Issue,1494.74
ORD008258,2025-10-06,Damaged Product,539.03
ORD008299,2025-05-07,Wrong Product,687.54
ORD008307,2025-04-13,Size/Fit Issue,6770.97
ORD008319,2025-09-19,Wrong Product,1433.41
ORD008323,2025-11-03,Late Delivery,319.57
ORD008352,2024-04-17,Quality Issue,3021.92
ORD008362,2024-10-18,Quality Issue,800.09
ORD008366,2025-12-13,Changed Mind,18420.41
ORD008371,2025-01-17,Quality Issue,7179.07
ORD008377,2025-10-06,Changed Mind,4462.62
ORD008381,2025-09-15,Quality Issue,9204.3
ORD008395,2025-10-16,Damaged Product,22832.35
ORD008438,2025-10-11,Size/Fit Issue,7556.47
ORD008470,2025-04-19,Wrong Product,64670.05
ORD008480,2025-11-14,Changed Mind,73736.37
ORD008489,2025-04-30,Quality Issue,430.0
ORD008509,2025-11-16,Quality Issue,9446.45
ORD008513,2025-11-05,Damaged Product,8110.22
ORD008557,2025-07-24,Damaged Product,975.41
ORD008577,2024-09-23,Late Delivery,7683.64
ORD008600,2024-12-26,Damaged Product,2041.66
ORD008603,2024-11-12,Late Delivery,24592.9
ORD008606,2026-01-05,Wrong Product,7694.87
ORD008607,2024-10-18,Late Delivery,1105.46
ORD008617,2024-11-06,Damaged Product,12436.35
ORD008618,2025-06-20,Quality Issue,2724.06
ORD008635,2025-09-11,Damaged Product,565.92
ORD008638,2025-10-09,Wrong Product,5282.77
ORD008644,2025-10-19,Wrong Product,737.78
ORD008645,2025-10-10,Late Delivery,1072.64
ORD008648,2025-12-11,Changed Mind,1792.01
ORD008662,2025-08-05,Changed Mind,10569.33
ORD008663,2024-11-19,Size/Fit Issue,1337.05
ORD008701,2025-12-23,Wrong Product,2082.08
ORD008710,2025-11-10,Changed Mind,19739.41
ORD008726,2024-10-19,Damaged Product,90.6
ORD008736,2024-12-12,Wrong Product,245.63
ORD008743,2025-09-30,Damaged Product,1100.92
ORD008789,2025-01-27,Damaged Product,534.68
ORD008830,2025-12-01,Quality Issue,918.27
ORD008833,2025-08-30,Changed Mind,87783.67
ORD008835,2025-05-07,Changed Mind,7731.35
ORD008856,2025-11-03,Late Delivery,21797.9
ORD008859,2026-01-13,Wrong Product,23737.26
ORD008864,2025-09-18,Changed Mind,2310.47
ORD008866,2025-12-27,Wrong Product,9011.46
ORD008885,2025-03-14,Size/Fit Issue,73487.79
ORD008898,2025-12-21,Damaged Product,995.43
ORD008915,2025-10-24,Wrong Product,1314.65
ORD008916,2024-09-24,Quality Issue,3354.31
ORD008952,2025-08-28,Size/Fit Issue,1370.75
ORD008991,2026-01-07,Wrong Product,7724.82
ORD009001,2025-10-11,Damaged Product,20082.13
ORD009008,2025-10-27,Quality Issue,1695.98
ORD009013,2025-02-19,Damaged Product,3603.93
ORD009037,2025-11-21,Changed Mind,8307.61
ORD009042,2025-05-18,Size/Fit Issue,8278.61
ORD009067,2025-12-03,Wrong Product,69525.98
ORD009093,2024-08-09,Changed Mind,1225.05
ORD009105,2025-10-24,Damaged Product,16242.43
ORD009120,2025-11-22,Size/Fit Issue,25487.81
ORD009123,2024-07-23,Damaged Product,1164.24
ORD009153,2025-10-08,Quality Issue,2430.92
ORD009165,2024-02-18,Changed Mind,35325.18
ORD009180,2025-12-11,Size/Fit Issue,38115.24
ORD009183,2025-06-20,Changed Mind,1402.65
ORD009196,2024-12-19,Damaged Product,40083.82
ORD009219,2025-10-21,Wrong Product,10394.4
ORD009220,2025-06-15,Quality Issue,7164.7
ORD009221,2025-06-15,Late Delivery,6866.51
ORD009236,2025-03-25,Size/Fit Issue,266.58
ORD009239,2025-05-04,Quality Issue,7034.93
ORD009266,2025-08-28,Wrong Product,3136.82
ORD009267,2025-12-30,Damaged Product,210.9
ORD009272,2024-06-21,Changed Mind,10275.26
ORD009276,2024-08-03,Size/Fit Issue,9609.64
ORD009277,2025-10-25,Quality Issue,196499.32
ORD009291,2025-06-06,Damaged Product,15030.26
ORD009307,2025-05-20,Wrong Product,8054.9
ORD009315,2025-05-06,Wrong Product,2446.72
ORD009408,2025-08-20,Changed Mind,6377.56
ORD009443,2024-07-23,Size/Fit Issue,188.02
ORD009447,2025-11-02,Changed Mind,4486.55
ORD009449,2025-08-11,Size/Fit Issue,1215.62
ORD009451,2025-02-26,Size/Fit Issue,12999.92
ORD009455,2025-05-24,Late Delivery,2066.98
ORD009459,2025-09-14,Wrong Product,10777.34
ORD009485,2025-01-10,Size/Fit Issue,1487.33
ORD009488,2024-04-02,Wrong Product,4662.82
ORD009495,2024-02-12,Wrong Product,491.68
ORD009502,2025-11-12,Damaged Product,968.51
ORD009514,2026-01-01,Size/Fit Issue,5567.12
ORD009520,2025-12-04,Size/Fit Issue,33358.39
ORD009531,2024-12-07,Late Delivery,2316.3
ORD009534,2024-09-08,Wrong Product,25957.0
ORD009535,2025-12-28,Damaged Product,22277.01
ORD009536,2024-09-07,Changed Mind,3272.77
ORD009570,2025-08-12,Changed Mind,122381.0
ORD009583,2025-10-04,Size/Fit Issue,8050.53
ORD009599,2025-10-19,Quality Issue,761.69
ORD009606,2025-11-28,Late Delivery,984.79
ORD009635,2025-04-23,Damaged Product,835.06
ORD009647,2025-05-08,Late Delivery,23270.86
ORD009655,2025-08-24,Changed Mind,2406.48
ORD009667,2025-09-04,Size/Fit Issue,770.32
ORD009671,2025-05-13,Late Delivery,841.03
ORD009685,2025-04-18,Quality Issue,1354.84
ORD009727,2025-12-05,Changed Mind,43232.7
ORD009733,2025-07-03,Damaged Product,1012.9
ORD009751,2024-02-22,Wrong Product,5380.6
ORD009762,2025-09-12,Damaged Product,22722.96
ORD009797,2024-05-26,Damaged Product,4178.75
ORD009807,2025-10-21,Late Delivery,4695.98
ORD009813,2025-05-01,Late Delivery,7031.33
ORD009838,2025-06-17,Wrong Product,9270.17
ORD009850,2024-11-03,Size/Fit Issue,2498.78
ORD009851,2024-10-14,Quality Issue,7282.43
ORD009852,2025-08-15,Wrong Product,18063.74
ORD009876,2025-10-11,Quality Issue,2764.18
ORD009881,2025-12-30,Quality Issue,76979.85
ORD009893,2025-11-18,Damaged Product,51881.67
ORD009906,2025-10-26,Changed Mind,532.27
ORD009910,2025-11-23,Size/Fit Issue,1929.69
ORD009913,2024-11-26,Size/Fit Issue,4157.25
ORD009921,2025-07-09,Late Delivery,9829.28
ORD009923,2024-01-19,Changed Mind,1557.02
ORD009938,2025-10-30,Damaged Product,29487.15
ORD009955,2025-11-15,Changed Mind,29984.99
ORD009979,2025-12-16,Late Delivery,20305.36
ORD009986,2025-12-15,Wrong Product,20774.85
ORD009999,2025-02-14,Damaged Product,5431.82
ORD010020,2025-04-13,Quality Issue,5830.79
ORD010027,2025-02-11,Size/Fit Issue,27390.13
ORD010040,2025-11-20,Damaged Product,10426.03
ORD010041,2025-12-06,Quality Issue,4242.09
ORD010075,2025-06-26,Size/Fit Issue,10274.98
ORD010081,2024-10-11,Quality Issue,930.3
ORD010087,2025-12-08,Damaged Product,693.92
ORD010109,2025-06-15,Damaged Product,3368.71
ORD010113,2025-06-22,Wrong Product,2996.71
ORD010127,2025-12-27,Damaged Product,24915.89
ORD010134,2025-09-29,Quality Issue,6905.09
ORD010148,2025-10-08,Late Delivery,1023.11
ORD010166,2025-09-10,Size/Fit Issue,6596.48
ORD010230,2025-03-20,Wrong Product,476.99
ORD010235,2025-03-29,Wrong Product,5963.3
ORD010239,2025-09-28,Wrong Product,1950.49
ORD010245,2024-06-26,Damaged Product,853.83
ORD010249,2025-09-20,Damaged Product,3228.12
ORD010257,2024-12-12,Damaged Product,640.5
ORD010295,2025-06-13,Size/Fit Issue,1650.48
ORD010311,2025-10-13,Damaged Product,1917.03
ORD010351,2024-09-06,Changed Mind,5221.18
ORD010362,2024-11-26,Damaged Product,11149.57
ORD010384,2026-01-01,Damaged Product,55315.22
ORD010385,2025-02-05,Changed Mind,922.68
ORD010413,2025-05-24,Damaged Product,1411.2
ORD010427,2025-12-09,Damaged Product,1017.73
ORD010454,2024-04-07,Damaged Product,73934.99
ORD010462,2025-04-11,Damaged Product,627.88
ORD010474,2024-10-19,Damaged Product,2487.0
ORD010476,2025-10-31,Quality Issue,8977.58
ORD010487,2024-06-12,Damaged Product,431.17
ORD010495,2024-02-29,Size/Fit Issue,162.04
ORD010528,2024-10-27,Quality Issue,2895.83
ORD010533,2025-05-15,Quality Issue,5730.56
ORD010537,2025-11-02,Late Delivery,1428.65
ORD010544,2025-04-13,Quality Issue,1783.75
ORD010549,2024-11-03,Changed Mind,17366.39
ORD010560,2025-11-10,Size/Fit Issue,20214.14
ORD010621,2025-10-31,Quality Issue,21065.53
ORD010667,2024-10-12,Quality Issue,28394.86
ORD010678,2025-10-17,Quality Issue,4056.4
ORD010691,2024-09-26,Wrong Product,2311.26
ORD010715,2025-12-15,Size/Fit Issue,24620.37
ORD010736,2025-10-01,Quality Issue,54000.05
ORD010787,2025-04-28,Quality Issue,7061.83
ORD010844,2025-02-13,Changed Mind,3843.39
ORD010845,2025-03-25,Quality Issue,1834.13
ORD010850,2025-11-26,Damaged Product,3740.71
ORD010851,2025-05-16,Damaged Product,52105.19
ORD010857,2025-08-27,Wrong Product,59379.43
ORD010863,2025-10-01,Wrong Product,2552.9
ORD010884,2025-07-12,Changed Mind,710.63
ORD010927,2025-11-07,Changed Mind,1640.87
ORD010929,2024-02-20,Late Delivery,17688.91
ORD010952,2025-07-22,Changed Mind,2510.03
ORD010982,2025-07-22,Damaged Product,391.29
ORD011000,2025-05-01,Quality Issue,2677.76
ORD011007,2025-08-27,Damaged Product,17838.27
ORD011011,2025-11-20,Size/Fit Issue,3385.29
ORD011016,2025-08-28,Changed Mind,155796.71
ORD011017,2024-09-16,Damaged Product,1069.6
ORD011023,2025-07-03,Wrong Product,4752.2
ORD011024,2024-05-31,Changed Mind,8719.09
ORD011045,2025-11-02,Changed Mind,1377.07
ORD011060,2025-06-16,Quality Issue,872.58
ORD011082,2025-12-01,Size/Fit Issue,15490.2
ORD011089,2025-12-08,Damaged Product,6378.48
ORD011102,2024-08-02,Size/Fit Issue,37646.33
ORD011103,2025-10-27,Late Delivery,743.89
ORD011111,2025-04-21,Quality Issue,5053.27
ORD011119,2025-08-11,Damaged Product,2521.83
ORD011121,2025-11-13,Quality Issue,19542.69
ORD011132,2024-10-04,Damaged Product,3404.5
ORD011159,2025-02-20,Changed Mind,87343.15
ORD011180,2025-11-08,Wrong Product,19589.7
ORD011192,2025-04-19,Damaged Product,254.99
ORD011208,2024-04-15,Changed Mind,17878.14
ORD011263,2025-08-14,Changed Mind,1422.23
ORD011273,2024-12-29,Changed Mind,1146.52
ORD011281,2025-07-27,Changed Mind,30371.02
ORD011289,2025-03-14,Damaged Product,8450.38
ORD011296,2025-11-18,Changed Mind,8004.49
ORD011312,2025-08-18,Changed Mind,30478.88
ORD011324,2024-11-23,Late Delivery,5421.66
ORD011331,2025-10-15,Size/Fit Issue,10646.02
ORD011340,2025-08-29,Quality Issue,1161.9
ORD011354,2025-05-13,Late Delivery,5543.4
ORD011355,2025-11-15,Late Delivery,2143.71
ORD011356,2025-09-08,Late Delivery,4995.23
ORD011393,2025-09-21,Quality Issue,18201.69
ORD011401,2025-07-03,Changed Mind,15748.37
ORD011424,2024-09-16,Damaged Product,40165.96
ORD011465,2025-11-17,Damaged Product,338.22
ORD011490,2025-05-28,Quality Issue,64012.1
ORD011535,2025-06-20,Changed Mind,49726.77
ORD011547,2025-10-13,Wrong Product,322.82
ORD011568,2024-08-07,Wrong Product,639.26
ORD011578,2025-11-18,Size/Fit Issue,905.07
ORD011579,2024-09-21,Size/Fit Issue,31542.18
ORD011600,2025-05-13,Size/Fit Issue,6527.71
ORD011621,2025-12-17,Wrong Product,55651.31
ORD011628,2025-01-16,Size/Fit Issue,4786.61
ORD011642,2025-10-03,Damaged Product,3781.65
ORD011671,2024-11-29,Size/Fit Issue,2418.85
ORD011685,2025-05-23,Changed Mind,3770.92
ORD011711,2025-10-24,Quality Issue,3883.27
ORD011725,2025-10-01,Changed Mind,2931.76
ORD011732,2025-04-26,Wrong Product,501.85
ORD011738,2025-03-14,Size/Fit Issue,1373.61
ORD011759,2025-10-12,Quality Issue,12439.73
ORD011789,2024-03-09,Damaged Product,3453.31
ORD011792,2025-06-07,Wrong Product,11607.51
ORD011799,2025-11-04,Quality Issue,1006.52
ORD011815,2025-10-05,Quality Issue,2866.8
ORD011832,2025-10-01,Late Delivery,2068.88
ORD011839,2025-08-20,Size/Fit Issue,4065.34
ORD011843,2025-03-14,Changed Mind,13716.88
ORD011861,2025-10-31,Size/Fit Issue,16909.68
ORD011873,2025-09-11,Changed Mind,4760.29
ORD011883,2025-08-06,Damaged Product,858.03
ORD011894,2025-01-27,Changed Mind,7713.33
ORD011895,2025-11-03,Changed Mind,461.72
ORD011907,2025-04-05,Changed Mind,5557.63
ORD011941,2025-11-18,Wrong Product,6507.61
ORD011960,2025-12-14,Damaged Product,1892.74
ORD011991,2025-03-31,Damaged Product,821.73
ORD012001,2024-03-24,Damaged Product,7438.55
ORD012006,2026-01-01,Damaged Product,3802.09
ORD012070,2025-04-15,Quality Issue,22184.03
ORD012071,2025-01-30,Quality Issue,5282.61
ORD012090,2025-07-11,Late Delivery,1793.96
ORD012108,2024-08-23,Damaged Product,15731.75
ORD012118,2025-06-15,Wrong Product,24617.49
ORD012127,2024-05-30,Late Delivery,1639.91
ORD012138,2025-12-26,Size/Fit Issue,5512.23
ORD012152,2025-09-13,Size/Fit Issue,1066.29
ORD012156,2025-01-03,Wrong Product,1752.42
ORD012217,2025-09-09,Changed Mind,52031.49
ORD012218,2025-11-09,Quality Issue,55663.59
ORD012225,2025-10-16,Size/Fit Issue,5375.7
ORD012243,2025-08-28,Damaged Product,15373.78
ORD012249,2024-10-07,Wrong Product,42234.63
ORD012266,2024-05-20,Wrong Product,5978.15
ORD012269,2024-08-13,Damaged Product,9975.4
ORD012272,2025-01-19,Size/Fit Issue,1516.8
ORD012278,2025-10-29,Size/Fit Issue,18341.55
ORD012336,2025-05-06,Late Delivery,8035.96
ORD012352,2025-03-13,Damaged Product,2681.08
ORD012369,2025-11-28,Size/Fit Issue,2107.12
ORD012404,2025-09-17,Damaged Product,16891.56
ORD012411,2025-04-16,Size/Fit Issue,7401.09
ORD012426,2025-09-19,Quality Issue,16324.76
ORD012458,2025-10-11,Changed Mind,31486.8
ORD012465,2025-10-16,Changed Mind,1153.51
ORD012481,2025-04-20,Late Delivery,20951.53
ORD012496,2024-09-13,Late Delivery,388.58
ORD012533,2025-11-17,Wrong Product,50583.17
ORD012537,2025-05-14,Wrong Product,2755.52
ORD012541,2025-10-03,Changed Mind,9187.98
ORD012554,2025-06-24,Damaged Product,7534.54
ORD012561,2024-01-23,Damaged Product,797.28
ORD012609,2025-09-03,Size/Fit Issue,2178.08
ORD012632,2025-08-21,Late Delivery,715.0
ORD012639,2025-12-28,Changed Mind,681.24
ORD012640,2024-04-06,Quality Issue,12618.73
ORD012644,2024-10-04,Size/Fit Issue,4446.24
ORD012645,2025-04-22,Damaged Product,6309.88
ORD012656,2025-09-30,Damaged Product,990.77
ORD012666,2024-05-01,Quality Issue,57086.53
ORD012673,2024-05-09,Wrong Product,64815.05
ORD012685,2025-08-20,Changed Mind,2409.59
ORD012703,2024-12-26,Changed Mind,92692.74
ORD012705,2025-08-20,Size/Fit Issue,6706.12
ORD012714,2024-10-08,Damaged Product,2993.62
ORD012726,2025-06-08,Quality Issue,15116.22
ORD012760,2025-07-06,Size/Fit Issue,394.84
ORD012761,2025-02-04,Wrong Product,1651.49
ORD012762,2025-12-12,Damaged Product,26951.3
ORD012777,2025-09-17,Quality Issue,1144.49
ORD012790,2025-07-03,Damaged Product,1790.64
ORD012801,2024-05-20,Wrong Product,2336.96
ORD012819,2024-03-09,Size/Fit Issue,32058.85
ORD012821,2024-03-23,Quality Issue,2415.98
ORD012839,2025-10-14,Damaged Product,1261.6
ORD012856,2025-01-20,Wrong Product,27312.07
ORD012918,2025-11-20,Damaged Product,12300.32
ORD012937,2024-04-25,Quality Issue,9135.28
ORD012953,2025-06-10,Wrong Product,14921.2
ORD012982,2025-12-06,Changed Mind,6082.49
ORD012987,2026-01-11,Damaged Product,10648.57
ORD012992,2025-09-24,Late Delivery,6105.12
ORD012998,2024-06-03,Size/Fit Issue,4551.88
ORD013004,2025-12-21,Quality Issue,9103.52
ORD013013,2025-11-10,Late Delivery,3153.62
ORD013023,2025-01-16,Size/Fit Issue,25149.4
ORD013024,2025-05-04,Quality Issue,1214.43
ORD013043,2024-02-15,Wrong Product,2122.07
ORD013051,2025-08-14,Wrong Product,1526.47
ORD013054,2025-11-01,Size/Fit Issue,1662.78
ORD013063,2024-06-15,Size/Fit Issue,2324.49
ORD013073,2025-08-27,Changed Mind,1574.8
ORD013098,2025-12-10,Changed Mind,14175.41
ORD013109,2025-10-24,Quality Issue,11604.68
ORD013112,2024-09-01,Size/Fit Issue,1461.72
ORD013119,2024-09-29,Size/Fit Issue,24058.79
ORD013136,2024-08-09,Wrong Product,40511.11
ORD013143,2025-08-22,Size/Fit Issue,8318.36
ORD013144,2025-10-27,Quality Issue,651.73
ORD013155,2025-11-11,Quality Issue,7188.79
ORD013164,2024-07-07,Damaged Product,210975.38
ORD013171,2024-03-13,Size/Fit Issue,5075.51
ORD013187,2024-12-24,Late Delivery,3410.82
ORD013201,2025-05-19,Quality Issue,27383.64
ORD013220,2024-04-29,Quality Issue,4876.65
ORD013223,2025-08-08,Changed Mind,5884.75
ORD013236,2025-06-04,Changed Mind,5674.9
ORD013239,2025-12-03,Wrong Product,2684.78
ORD013243,2025-12-23,Quality Issue,7017.73
ORD013250,2025-10-14,Quality Issue,6354.02
ORD013263,2025-01-08,Size/Fit Issue,2595.79
ORD013284,2025-07-21,Wrong Product,1870.16
ORD013312,2025-05-06,Size/Fit Issue,4005.68
ORD013330,2025-06-07,Changed Mind,634.75
ORD013342,2025-09-04,Damaged Product,11708.36
ORD013345,2024-06-29,Changed Mind,45517.86
ORD013353,2025-12-11,Wrong Product,3238.7
ORD013355,2025-10-23,Wrong Product,16989.24
ORD013387,2024-11-10,Damaged Product,6889.12
ORD013397,2025-07-25,Changed Mind,17219.47
ORD013405,2025-07-28,Size/Fit Issue,82747.99
ORD013411,2025-08-25,Quality Issue,669.93
ORD013422,2025-10-15,Damaged Product,8852.47
ORD013429,2025-06-16,Changed Mind,111929.09
ORD013430,2025-12-05,Quality Issue,754.78
ORD013450,2025-06-09,Changed Mind,953.46
ORD013460,2025-03-13,Size/Fit Issue,4440.86
ORD013482,2025-12-25,Size/Fit Issue,6244.51
ORD013491,2025-07-29,Size/Fit Issue,18840.86
ORD013517,2025-12-20,Damaged Product,13162.73
ORD013527,2025-12-14,Wrong Product,11560.35
ORD013542,2024-10-05,Late Delivery,9419.86
ORD013561,2025-09-21,Wrong Product,34127.23
ORD013565,2025-09-18,Quality Issue,12159.75
ORD013570,2025-01-01,Wrong Product,1340.73
ORD013586,2024-04-29,Damaged Product,40378.82
ORD013632,2025-11-13,Changed Mind,3315.1
ORD013635,2025-11-13,Changed Mind,7370.5
ORD013641,2024-08-26,Damaged Product,1728.62
ORD013657,2025-12-31,Size/Fit Issue,24311.49
ORD013696,2025-05-11,Size/Fit Issue,1322.9
ORD013712,2025-12-23,Changed Mind,108981.57
ORD013722,2025-06-26,Late Delivery,1704.21
ORD013738,2025-06-30,Quality Issue,130.33
ORD013762,2025-09-02,Late Delivery,4779.3
ORD013764,2025-05-03,Size/Fit Issue,4712.98
ORD013767,2024-10-19,Quality Issue,26814.5
ORD013786,2025-06-06,Quality Issue,3981.33
ORD013796,2025-04-21,Late Delivery,14417.17
ORD013797,2025-08-08,Size/Fit Issue,8000.99
ORD013809,2025-06-02,Changed Mind,8139.51
ORD013822,2024-10-30,Quality Issue,7275.21
ORD013835,2025-04-23,Quality Issue,16201.14
ORD013856,2025-07-13,Damaged Product,3317.62
ORD013868,2025-10-21,Quality Issue,83447.83
ORD013889,2025-01-02,Changed Mind,1490.2
ORD013924,2024-10-19,Wrong Product,2672.26
ORD013925,2025-11-17,Changed Mind,6303.41
ORD013942,2025-12-20,Damaged Product,27223.26
ORD013944,2025-09-04,Wrong Product,176971.44
ORD013962,2025-10-29,Changed Mind,4129.5
ORD013976,2024-02-13,Late Delivery,2129.36
ORD014049,2025-12-27,Late Delivery,7075.23
ORD014050,2024-09-30,Wrong Product,1224.99
ORD014056,2025-09-30,Damaged Product,3790.85
ORD014092,2024-06-07,Damaged Product,9844.06
ORD014095,2025-10-28,Damaged Product,736.14
ORD014106,2025-12-09,Late Delivery,1152.69
ORD014113,2024-10-04,Late Delivery,23761.58
ORD014119,2025-07-10,Quality Issue,1443.85
ORD014157,2025-03-05,Wrong Product,1973.53
ORD014158,2025-06-21,Changed Mind,10656.27
ORD014183,2025-05-22,Changed Mind,1388.96
ORD014184,2025-08-18,Changed Mind,40436.82
ORD014190,2024-10-24,Damaged Product,7008.84
ORD014195,2025-02-22,Changed Mind,36071.2
ORD014211,2024-10-20,Damaged Product,3293.41
ORD014215,2024-08-27,Damaged Product,13146.06
ORD014231,2025-09-23,Damaged Product,5599.61
ORD014236,2024-11-29,Damaged Product,10825.2
ORD014238,2025-09-13,Quality Issue,45858.28
ORD014241,2025-12-16,Changed Mind,1714.1
ORD014257,2025-03-29,Wrong Product,530.24
ORD014292,2025-05-22,Damaged Product,5879.88
ORD014320,2025-06-28,Late Delivery,4058.7
ORD014324,2024-12-29,Damaged Product,22477.17
ORD014329,2026-01-03,Damaged Product,5391.18
ORD014338,2025-04-16,Size/Fit Issue,12912.01
ORD014383,2024-09-13,Late Delivery,5852.81
ORD014398,2024-06-08,Damaged Product,582.43
ORD014420,2025-04-11,Damaged Product,21852.74
ORD014426,2025-09-27,Damaged Product,713.91
ORD014520,2024-08-29,Damaged Product,30983.44
ORD014535,2025-11-13,Damaged Product,4505.05
ORD014550,2025-09-27,Changed Mind,7299.41
ORD014562,2024-07-19,Changed Mind,39605.6
ORD014585,2025-11-05,Quality Issue,42840.43
ORD014597,2025-05-31,Changed Mind,12946.66
ORD014613,2025-10-28,Wrong Product,8692.93
ORD014615,2025-01-29,Damaged Product,3590.9
ORD014633,2025-05-02,Changed Mind,37668.69
ORD014640,2025-09-06,Damaged Product,4114.74
ORD014642,2025-09-08,Size/Fit Issue,228.04
ORD014647,2026-01-01,Changed Mind,1975.88
ORD014649,2025-12-23,Size/Fit Issue,44928.45
ORD014693,2025-03-08,Late Delivery,3112.51
ORD014739,2024-12-07,Wrong Product,13652.38
ORD014760,2025-08-03,Changed Mind,12302.01
ORD014765,2024-06-11,Quality Issue,19002.67
ORD014798,2025-08-23,Size/Fit Issue,82925.66
ORD014820,2024-11-01,Damaged Product,25781.41
ORD014828,2025-06-24,Damaged Product,68077.33
ORD014852,2025-12-27,Changed Mind,4844.63
ORD014873,2025-04-18,Damaged Product,910.2
ORD014893,2025-06-13,Late Delivery,8712.95
ORD014944,2025-09-27,Damaged Product,57873.82
ORD014956,2025-08-22,Size/Fit Issue,11118.47
ORD014963,2025-05-29,Quality Issue,9259.52
ORD014974,2025-05-13,Damaged Product,38424.84
ORD014981,2025-11-27,Size/Fit Issue,1767.27
ORD014983,2025-11-27,Wrong Product,273008.33
ORD014991,2024-08-07,Wrong Product,4390.98
ORD015073,2025-09-20,Changed Mind,21266.32
ORD015083,2024-04-10,Wrong Product,20773.48
ORD015133,2025-03-24,Quality Issue,7497.98
ORD015145,2024-08-05,Size/Fit Issue,24280.78
ORD015186,2024-07-15,Quality Issue,10292.24
ORD015192,2025-05-09,Quality Issue,6466.67
ORD015205,2024-03-29,Damaged Product,3630.13
ORD015216,2024-12-19,Size/Fit Issue,19077.05
ORD015224,2024-11-24,Size/Fit Issue,5352.82
ORD015235,2025-06-21,Wrong Product,2005.84
ORD015256,2024-08-31,Damaged Product,22714.6
ORD015268,2025-10-13,Wrong Product,105597.12
ORD015289,2025-02-15,Size/Fit Issue,979.6
ORD015293,2025-09-07,Damaged Product,5383.37
ORD015306,2025-12-28,Size/Fit Issue,13702.9
ORD015315,2025-10-23,Changed Mind,82105.5
ORD015328,2025-08-26,Damaged Product,5239.58
ORD015352,2025-10-14,Late Delivery,18575.09
ORD015369,2025-05-11,Size/Fit Issue,1529.25
ORD015370,2025-10-22,Late Delivery,6624.92
ORD015377,2026-01-07,Size/Fit Issue,2759.69
ORD015378,2025-12-01,Changed Mind,33058.63
ORD015390,2025-10-05,Changed Mind,1107.11
ORD015413,2025-06-30,Changed Mind,21079.9
ORD015417,2025-08-13,Changed Mind,1249.23
ORD015426,2025-05-03,Damaged Product,2007.99
ORD015440,2025-07-06,Late Delivery,1687.5
ORD015452,2025-06-12,Changed Mind,910.69
ORD015454,2025-10-05,Quality Issue,9849.26
ORD015474,2025-04-06,Damaged Product,1693.57
ORD015475,2025-12-14,Late Delivery,4227.6
ORD015488,2025-07-30,Damaged Product,7314.68
ORD015493,2025-04-25,Quality Issue,1551.11
ORD015500,2024-01-23,Damaged Product,4501.65
ORD015515,2025-03-13,Damaged Product,31972.34
ORD015611,2024-10-27,Damaged Product,150443.79
ORD015629,2024-10-14,Damaged Product,13669.02
ORD015632,2024-12-15,Damaged Product,3478.96
ORD015638,2025-10-11,Damaged Product,1481.82
ORD015640,2025-08-27,Damaged Product,3386.14
ORD015676,2025-01-11,Quality Issue,53519.85
ORD015694,2024-12-11,Quality Issue,5639.16
ORD015714,2025-03-08,Damaged Product,1944.11
ORD015717,2025-10-20,Damaged Product,3037.46
ORD015745,2026-01-11,Quality Issue,15171.13
ORD015749,2025-12-10,Size/Fit Issue,20301.34
ORD015751,2024-10-24,Changed Mind,9832.78
ORD015766,2024-11-08,Wrong Product,1361.68
ORD015789,2024-01-30,Damaged Product,30790.56
ORD015793,2024-10-09,Wrong Product,1743.87
ORD015816,2025-04-11,Late Delivery,38036.18
ORD015857,2025-03-26,Size/Fit Issue,1841.54
ORD015860,2025-08-26,Damaged Product,69550.05
ORD015906,2025-05-09,Late Delivery,3888.06
ORD015920,2025-07-06,Damaged Product,45699.51
ORD015931,2025-11-14,Wrong Product,5272.17
ORD015933,2025-06-18,Damaged Product,11392.31
ORD015943,2024-08-22,Damaged Product,1513.8
ORD015949,2025-07-16,Damaged Product,3693.5
ORD015957,2025-10-04,Wrong Product,4137.63
ORD015959,2025-01-10,Changed Mind,5850.94
ORD015963,2025-06-21,Damaged Product,29600.73
ORD015978,2025-06-22,Changed Mind,5740.72
ORD015983,2025-05-31,Quality Issue,5429.77
ORD015988,2025-04-12,Changed Mind,3714.97
ORD016000,2024-10-05,Quality Issue,1473.58
ORD016022,2024-12-31,Quality Issue,22186.63
ORD016036,2025-08-18,Size/Fit Issue,34965.05
ORD016040,2025-05-16,Wrong Product,17341.22
ORD016064,2025-06-20,Damaged Product,6244.72
ORD016079,2025-10-24,Wrong Product,8001.87
ORD016091,2025-12-24,Size/Fit Issue,2746.63
ORD016117,2025-05-30,Damaged Product,41758.81
ORD016136,2025-08-23,Changed Mind,1353.43
ORD016137,2025-12-10,Wrong Product,6357.61
ORD016138,2025-12-03,Late Delivery,67542.83
ORD016150,2025-03-12,Quality Issue,53056.88
ORD016153,2024-04-08,Damaged Product,14500.04
ORD016193,2025-12-30,Changed Mind,6283.63
ORD016198,2025-08-05,Wrong Product,964.1
ORD016208,2025-03-02,Size/Fit Issue,4202.18
ORD016229,2025-03-22,Quality Issue,5591.92
ORD016234,2025-03-28,Wrong Product,4968.73
ORD016249,2025-11-08,Quality Issue,3003.34
ORD016271,2025-11-19,Damaged Product,3415.32
ORD016275,2025-08-26,Size/Fit Issue,3053.65
ORD016278,2025-12-16,Size/Fit Issue,39690.65
ORD016283,2024-10-14,Quality Issue,3480.07
ORD016284,2025-09-14,Changed Mind,81432.17
ORD016306,2025-11-28,Wrong Product,982.87
ORD016335,2025-12-14,Wrong Product,38511.0
ORD016336,2025-10-19,Wrong Product,6744.23
ORD016373,2025-03-11,Size/Fit Issue,7345.51
ORD016377,2025-10-22,Damaged Product,57352.35
ORD016399,2024-12-04,Size/Fit Issue,179.9
ORD016403,2025-08-01,Changed Mind,8576.18
ORD016421,2025-06-26,Size/Fit Issue,551.02
ORD016422,2025-10-28,Late Delivery,33016.08
ORD016425,2025-07-09,Late Delivery,33909.32
ORD016434,2024-01-29,Damaged Product,482.74
ORD016443,2025-08-22,Quality Issue,5858.88
ORD016460,2025-10-28,Quality Issue,215.3
ORD016479,2024-11-17,Quality Issue,6699.2
ORD016480,2025-11-08,Changed Mind,3498.38
ORD016491,2025-01-03,Late Delivery,43714.23
ORD016493,2025-06-25,Size/Fit Issue,7277.94
ORD016495,2025-11-23,Damaged Product,2940.79
ORD016507,2024-07-28,Late Delivery,6163.12
ORD016511,2025-07-21,Wrong Product,5115.78
ORD016522,2024-12-07,Wrong Product,7497.56
ORD016523,2025-12-14,Size/Fit Issue,21474.91
ORD016525,2025-07-06,Damaged Product,1861.19
ORD016529,2024-11-26,Damaged Product,47306.21
ORD016531,2025-09-04,Changed Mind,1596.24
ORD016534,2025-01-25,Quality Issue,96999.48
ORD016593,2024-11-09,Damaged Product,17544.36
ORD016594,2024-07-24,Late Delivery,46603.28
ORD016627,2024-10-24,Quality Issue,3992.98
ORD016659,2025-10-26,Damaged Product,32302.68
ORD016673,2025-08-22,Damaged Product,6159.01
ORD016683,2024-11-18,Late Delivery,1224.61
ORD016686,2024-04-22,Wrong Product,3233.2
ORD016701,2024-08-29,Quality Issue,5154.13
ORD016704,2025-10-23,Changed Mind,2791.23
ORD016710,2025-12-08,Wrong Product,12328.93
ORD016713,2025-08-08,Damaged Product,3105.28
ORD016739,2025-06-27,Size/Fit Issue,9153.99
ORD016772,2025-10-02,Changed Mind,14804.36
ORD016777,2025-01-30,Late Delivery,25389.0
ORD016800,2025-09-03,Quality Issue,5612.73
ORD016815,2025-10-14,Damaged Product,585.55
ORD016817,2025-04-22,Changed Mind,8375.97
ORD016820,2025-12-12,Quality Issue,803.93
ORD016824,2024-03-08,Changed Mind,9584.75
ORD016844,2024-03-24,Late Delivery,4682.54
ORD016849,2025-05-17,Wrong Product,4952.78
ORD016858,2025-04-15,Damaged Product,600.02
ORD016864,2025-09-15,Quality Issue,11608.51
ORD016869,2024-10-01,Damaged Product,58261.37
ORD016875,2025-02-25,Damaged Product,8001.07
ORD016922,2025-07-04,Wrong Product,19014.9
ORD016928,2025-09-03,Wrong Product,32828.26
ORD016931,2025-12-19,Size/Fit Issue,1051.06
ORD016933,2025-01-28,Damaged Product,3156.33
ORD016945,2025-03-29,Quality Issue,394.63
ORD016959,2025-11-02,Damaged Product,25255.4
ORD016960,2025-11-15,Late Delivery,2053.32
ORD016963,2025-12-16,Wrong Product,17333.81
ORD017023,2025-09-11,Wrong Product,17529.83
ORD017036,2025-02-20,Size/Fit Issue,3634.87
ORD017043,2025-01-09,Changed Mind,1853.83
ORD017055,2025-07-25,Quality Issue,733.38
ORD017060,2025-10-07,Quality Issue,34993.35
ORD017068,2025-05-09,Damaged Product,22701.35
ORD017086,2024-12-17,Changed Mind,8244.5
ORD017095,2025-05-04,Damaged Product,5890.66
ORD017126,2024-10-22,Changed Mind,3699.49
ORD017129,2025-09-24,Size/Fit Issue,71219.45
ORD017133,2025-08-09,Quality Issue,354.58
ORD017147,2025-08-09,Changed Mind,4002.16
ORD017150,2024-12-01,Size/Fit Issue,8285.87
ORD017164,2025-02-13,Wrong Product,4542.13
ORD017174,2025-06-05,Late Delivery,1662.24
ORD017183,2025-12-12,Changed Mind,67157.4
ORD017190,2025-10-25,Size/Fit Issue,1570.05
ORD017243,2026-01-11,Quality Issue,23844.3
ORD017245,2024-10-10,Damaged Product,4403.69
ORD017252,2025-01-03,Size/Fit Issue,56693.33
ORD017263,2025-03-25,Size/Fit Issue,103921.45
ORD017269,2025-09-07,Size/Fit Issue,2160.94
ORD017282,2024-07-12,Size/Fit Issue,1103.31
ORD017284,2025-04-03,Quality Issue,2074.86
ORD017286,2025-09-07,Size/Fit Issue,8742.21
ORD017321,2025-12-20,Size/Fit Issue,1245.18
ORD017342,2024-12-10,Quality Issue,12993.31
ORD017352,2025-01-18,Late Delivery,1940.52
ORD017359,2025-11-03,Size/Fit Issue,18292.83
ORD017369,2025-02-10,Quality Issue,24359.66
ORD017396,2025-10-28,Size/Fit Issue,4588.78
ORD017398,2025-11-10,Quality Issue,2561.48
ORD017411,2024-09-02,Late Delivery,22266.08
ORD017413,2025-05-14,Wrong Product,6718.3
ORD017423,2025-10-27,Damaged Product,15333.89
ORD017452,2025-12-21,Size/Fit Issue,3219.27
ORD017481,2025-02-19,Damaged Product,3028.26
ORD017495,2025-08-20,Late Delivery,7537.16
ORD017496,2025-05-10,Wrong Product,2550.38
ORD017499,2025-12-13,Wrong Product,4579.75
ORD017507,2025-06-24,Quality Issue,31386.65
ORD017532,2025-02-04,Quality Issue,55441.44
ORD017570,2025-12-10,Quality Issue,156.1
ORD017577,2025-10-23,Damaged Product,10236.76
ORD017590,2025-10-18,Damaged Product,14413.59
ORD017598,2026-01-04,Quality Issue,1132.97
ORD017634,2025-07-13,Size/Fit Issue,1454.27
ORD017641,2025-11-27,Size/Fit Issue,8529.03
ORD017646,2025-06-25,Damaged Product,28428.92
ORD017706,2025-06-25,Quality Issue,9797.84
ORD017709,2025-11-06,Damaged Product,10491.9
ORD017712,2025-11-16,Quality Issue,98398.64
ORD017713,2025-12-31,Damaged Product,21052.12
ORD017718,2024-07-25,Size/Fit Issue,12779.28
ORD017752,2025-12-10,Damaged Product,953.9
ORD017796,2025-12-06,Quality Issue,90066.18
ORD017820,2025-12-17,Wrong Product,26776.88
ORD017837,2025-07-16,Changed Mind,588.97
ORD017849,2025-01-07,Quality Issue,1850.62
ORD017868,2025-04-28,Wrong Product,84773.35
ORD017980,2024-12-08,Wrong Product,7748.82
ORD017993,2025-11-23,Damaged Product,45449.06
ORD017998,2024-06-06,Size/Fit Issue,21435.22
ORD018010,2025-09-27,Changed Mind,5014.45
ORD018013,2025-10-09,Damaged Product,29676.48
ORD018024,2024-07-06,Changed Mind,11196.39
ORD018026,2024-10-26,Wrong Product,31757.2
ORD018028,2024-09-15,Size/Fit Issue,18988.08
ORD018034,2025-10-21,Changed Mind,2513.03
ORD018061,2025-08-26,Changed Mind,37667.4
ORD018063,2024-05-30,Late Delivery,405.6
ORD018071,2025-09-24,Changed Mind,17709.24
ORD018119,2025-11-17,Quality Issue,50705.79
ORD018139,2025-06-15,Quality Issue,1062.64
ORD018175,2025-10-26,Wrong Product,20467.51
ORD018180,2024-01-21,Size/Fit Issue,6006.16
ORD018225,2025-06-24,Size/Fit Issue,4610.66
ORD018226,2025-10-11,Wrong Product,643.73
ORD018232,2025-01-12,Changed Mind,6145.93
ORD018234,2026-01-08,Damaged Product,12277.86
ORD018237,2024-07-31,Changed Mind,6616.13
ORD018241,2026-01-12,Damaged Product,2448.65
ORD018245,2025-12-17,Damaged Product,981.33
ORD018255,2026-01-01,Quality Issue,1772.9
ORD018259,2025-11-15,Quality Issue,6320.39
ORD018296,2025-11-12,Changed Mind,2824.67
ORD018310,2025-10-11,Damaged Product,8475.34
ORD018313,2025-08-22,Late Delivery,26183.1
ORD018321,2025-10-27,Damaged Product,19289.6
ORD018332,2024-10-10,Damaged Product,3991.67
ORD018352,2024-11-15,Size/Fit Issue,245169.14
ORD018365,2024-10-20,Changed Mind,4617.94
ORD018367,2024-08-21,Size/Fit Issue,3631.8
ORD018417,2025-12-01,Changed Mind,154501.41
ORD018418,2025-04-21,Size/Fit Issue,4229.42
ORD018474,2024-02-08,Damaged Product,295.73
ORD018517,2024-05-08,Changed Mind,4297.79
ORD018522,2025-08-23,Quality Issue,68127.62
ORD018532,2025-06-04,Damaged Product,12444.78
ORD018581,2024-12-24,Size/Fit Issue,533.83
ORD018593,2025-01-15,Damaged Product,2723.75
ORD018596,2024-08-13,Size/Fit Issue,3100.6
ORD018608,2025-04-15,Wrong Product,11577.26
ORD018614,2025-12-10,Changed Mind,10197.9
ORD018623,2025-05-30,Late Delivery,4261.32
ORD018632,2025-06-21,Late Delivery,600.52
ORD018635,2024-07-02,Size/Fit Issue,482.0
ORD018652,2025-11-10,Late Delivery,4082.25
ORD018656,2025-05-17,Size/Fit Issue,9977.28
ORD018675,2025-12-03,Quality Issue,337.56
ORD018711,2025-08-15,Damaged Product,1553.41
ORD018712,2025-10-06,Damaged Product,4541.69
ORD018720,2025-11-06,Changed Mind,1620.32
ORD018728,2024-07-19,Changed Mind,11442.0
ORD018742,2025-04-25,Size/Fit Issue,239.02
ORD018745,2025-05-04,Size/Fit Issue,1323.9
ORD018765,2025-11-22,Wrong Product,1761.65
ORD018779,2025-12-15,Size/Fit Issue,4365.81
ORD018794,2025-09-14,Damaged Product,34065.7
ORD018798,2025-04-06,Damaged Product,7053.33
ORD018814,2025-07-25,Changed Mind,1243.2
ORD018820,2024-12-02,Changed Mind,8753.65
ORD018825,2026-01-01,Damaged Product,9877.48
ORD018829,2025-01-31,Damaged Product,9488.44
ORD018845,2025-10-23,Wrong Product,9851.51
ORD018879,2024-09-01,Wrong Product,99198.03
ORD018900,2024-11-21,Late Delivery,4211.15
ORD018907,2024-02-19,Changed Mind,30992.13
ORD018919,2025-10-17,Size/Fit Issue,1780.24
ORD018931,2025-12-14,Damaged Product,301.84
ORD018936,2024-05-25,Damaged Product,5993.51
ORD018937,2024-07-01,Damaged Product,18652.84
ORD018946,2024-07-09,Changed Mind,49715.56
ORD018964,2024-10-02,Changed Mind,30041.18
ORD018979,2025-06-08,Quality Issue,1315.64
ORD018981,2025-04-13,Size/Fit Issue,852.73
ORD018992,2025-10-26,Damaged Product,1017.1
ORD019022,2025-02-06,Changed Mind,37125.58
ORD019035,2024-06-02,Wrong Product,9368.47
ORD019057,2025-04-27,Late Delivery,27241.51
ORD019076,2024-05-03,Quality Issue,1869.77
ORD019097,2025-01-25,Late Delivery,4692.05
ORD019105,2025-06-13,Changed Mind,609.08
ORD019108,2024-10-26,Damaged Product,14252.47
ORD019110,2025-11-29,Changed Mind,2739.87
ORD019111,2025-12-15,Changed Mind,10229.81
ORD019119,2025-11-06,Late Delivery,1927.48
ORD019144,2025-10-22,Damaged Product,16934.8
ORD019162,2024-10-11,Late Delivery,2384.34
ORD019201,2025-02-20,Size/Fit Issue,6776.04
ORD019217,2025-07-25,Damaged Product,198794.73
ORD019235,2025-10-04,Damaged Product,1833.17
ORD019238,2025-10-18,Quality Issue,5351.86
ORD019242,2025-11-18,Damaged Product,5339.59
ORD019257,2025-07-21,Quality Issue,282.27
ORD019261,2026-01-09,Damaged Product,8624.63
ORD019270,2024-11-17,Late Delivery,3944.23
ORD019278,2025-11-10,Late Delivery,10356.72
ORD019291,2025-02-13,Damaged Product,10954.75
ORD019293,2024-01-26,Changed Mind,36255.19
ORD019305,2024-10-21,Damaged Product,112809.15
ORD019313,2024-06-24,Quality Issue,5286.47
ORD019356,2025-05-03,Quality Issue,6008.85
ORD019373,2025-09-12,Changed Mind,13977.74
ORD019378,2024-09-15,Quality Issue,9075.13
ORD019395,2025-12-22,Size/Fit Issue,3957.95
ORD019400,2025-08-28,Quality Issue,20083.97
ORD019404,2025-06-01,Late Delivery,1103.79
ORD019410,2024-05-23,Damaged Product,2809.77
ORD019411,2024-10-04,Damaged Product,1198.04
ORD019419,2025-07-15,Damaged Product,44193.44
ORD019437,2025-04-14,Damaged Product,42817.27
ORD019448,2024-09-27,Size/Fit Issue,9287.67
ORD019450,2025-12-31,Changed Mind,3331.57
ORD019457,2025-12-26,Changed Mind,1233.12
ORD019465,2025-08-08,Quality Issue,1930.7
ORD019472,2024-11-18,Changed Mind,6236.59
ORD019484,2024-04-22,Quality Issue,3376.69
ORD019494,2026-01-05,Quality Issue,9852.35
ORD019498,2025-06-27,Size/Fit Issue,2960.44
ORD019499,2025-02-21,Changed Mind,7870.07
ORD019520,2025-11-02,Wrong Product,46080.62
ORD019523,2025-08-31,Changed Mind,20841.73
ORD019532,2025-08-05,Wrong Product,5559.49
ORD019569,2024-10-31,Size/Fit Issue,7085.66
ORD019572,2025-08-02,Changed Mind,7538.95
ORD019584,2025-05-15,Late Delivery,4834.96
ORD019601,2025-01-09,Wrong Product,14080.47
ORD019622,2025-12-16,Size/Fit Issue,6823.74
ORD019635,2025-11-12,Wrong Product,11408.07
ORD019642,2024-12-06,Damaged Product,377.0
ORD019678,2024-01-18,Size/Fit Issue,28736.74
ORD019687,2025-03-20,Changed Mind,618.26
ORD019691,2025-12-17,Wrong Product,6015.77
ORD019697,2025-12-10,Quality Issue,9316.34
ORD019704,2024-10-10,Damaged Product,4531.32
ORD019707,2025-05-14,Changed Mind,2457.49
ORD019739,2026-01-04,Damaged Product,3433.33
ORD019752,2025-09-06,Late Delivery,8430.19
ORD019771,2025-08-04,Late Delivery,5312.09
ORD019772,2026-01-07,Wrong Product,202781.5
ORD019785,2024-03-13,Size/Fit Issue,995.02
ORD019799,2025-06-27,Size/Fit Issue,5145.65
ORD019800,2025-11-08,Wrong Product,14209.71
ORD019812,2025-12-31,Late Delivery,386.18
ORD019815,2025-11-08,Wrong Product,4872.32
ORD019827,2025-12-29,Size/Fit Issue,2196.99
ORD019876,2025-11-16,Changed Mind,1353.05
ORD019877,2024-12-23,Changed Mind,4045.34
ORD019886,2025-12-27,Quality Issue,3197.99
ORD019890,2025-08-18,Damaged Product,556.99
ORD019902,2025-07-15,Quality Issue,11688.15
ORD019907,2025-12-25,Damaged Product,2020.7
ORD019930,2025-12-14,Size/Fit Issue,3266.64
ORD019931,2025-10-13,Damaged Product,2173.51
ORD019952,2025-05-26,Damaged Product,642.75
ORD019982,2025-11-05,Wrong Product,3554.98
ORD019993,2025-07-09,Late Delivery,27413.24
ORD019999,2025-12-09,Damaged Product,1033.22
ORD020010,2025-11-23,Changed Mind,4927.1
ORD020014,2026-01-12,Changed Mind,7205.17
ORD020017,2025-08-07,Quality Issue,11243.39
ORD020049,2024-11-02,Damaged Product,3258.77
ORD020059,2024-10-05,Quality Issue,3539.14
ORD020063,2025-12-17,Size/Fit Issue,25898.51
ORD020072,2025-02-03,Damaged Product,12346.63
ORD020073,2025-11-18,Quality Issue,21393.54
ORD020077,2025-12-25,Changed Mind,3144.22
ORD020079,2025-08-26,Damaged Product,44528.13
ORD020115,2024-10-04,Damaged Product,33696.36
ORD020128,2024-12-09,Quality Issue,1613.9
ORD020143,2024-05-18,Changed Mind,13633.34
ORD020146,2025-11-05,Changed Mind,1744.55
ORD020168,2025-11-10,Wrong Product,1356.67
ORD020174,2025-12-28,Changed Mind,4232.18
ORD020179,2025-06-26,Wrong Product,10297.6
ORD020198,2025-09-20,Changed Mind,19789.06
ORD020209,2025-10-31,Wrong Product,3875.78
ORD020234,2025-11-28,Damaged Product,382.06
ORD020254,2025-05-12,Size/Fit Issue,478.28
ORD020265,2025-10-17,Damaged Product,38220.81
ORD020271,2024-10-08,Wrong Product,3123.62
ORD020303,2024-10-18,Late Delivery,11608.96
ORD020341,2025-08-16,Wrong Product,6778.57
ORD020350,2024-10-21,Changed Mind,3116.52
ORD020358,2026-01-08,Damaged Product,8549.58
ORD020362,2025-12-27,Quality Issue,4684.08
ORD020367,2025-04-26,Quality Issue,8433.6
ORD020378,2024-11-17,Size/Fit Issue,23990.6
ORD020383,2025-03-25,Damaged Product,29184.8
ORD020396,2025-08-18,Wrong Product,12126.27
ORD020401,2024-06-04,Damaged Product,16674.11
ORD020419,2025-10-17,Wrong Product,1233.12
ORD020422,2025-10-29,Damaged Product,36814.46
ORD020429,2025-08-20,Changed Mind,7122.84
ORD020444,2025-10-28,Wrong Product,5209.47
ORD020469,2025-09-10,Changed Mind,8679.96
ORD020510,2025-12-29,Size/Fit Issue,26357.89
ORD020570,2025-03-23,Changed Mind,114158.03
ORD020573,2025-09-19,Size/Fit Issue,5498.07
ORD020591,2025-09-12,Quality Issue,153.05
ORD020604,2025-11-16,Quality Issue,2868.42
ORD020615,2024-10-12,Wrong Product,3143.62
ORD020627,2025-11-13,Quality Issue,2117.96
ORD020651,2024-10-31,Size/Fit Issue,14630.66
ORD020667,2025-11-04,Quality Issue,783.29
ORD020669,2025-07-11,Wrong Product,48684.61
ORD020690,2025-05-29,Damaged Product,15443.74
ORD020694,2025-11-08,Changed Mind,35521.41
ORD020699,2025-08-25,Damaged Product,4241.37
ORD020700,2025-12-09,Wrong Product,517.85
ORD020703,2024-08-22,Size/Fit Issue,4199.77
ORD020717,2025-05-21,Size/Fit Issue,564.82
ORD020841,2025-05-28,Quality Issue,1592.22
ORD020895,2025-04-26,Size/Fit Issue,112003.38
ORD020899,2025-10-18,Damaged Product,10609.77
ORD020901,2024-02-01,Size/Fit Issue,14785.64
ORD020907,2025-11-25,Damaged Product,7412.29
ORD020922,2025-12-14,Late Delivery,10715.97
ORD020925,2024-06-28,Wrong Product,34109.69
ORD020935,2025-12-09,Changed Mind,3245.56
ORD020945,2025-01-23,Size/Fit Issue,7072.8
ORD020955,2025-05-26,Damaged Product,9483.61
ORD020974,2024-11-21,Changed Mind,7206.46
ORD020982,2024-11-07,Damaged Product,798.9
ORD020995,2024-09-23,Wrong Product,1741.82
ORD020999,2025-11-01,Size/Fit Issue,66790.68
ORD021020,2025-03-08,Damaged Product,280.21
ORD021047,2025-07-27,Damaged Product,4958.44
ORD021048,2025-03-21,Quality Issue,2031.91
ORD021069,2024-09-16,Damaged Product,708.72
ORD021078,2024-08-28,Damaged Product,23741.11
ORD021079,2025-03-02,Late Delivery,5242.17
ORD021091,2025-01-07,Size/Fit Issue,2697.93
ORD021093,2025-10-28,Size/Fit Issue,18457.68
ORD021094,2025-08-23,Size/Fit Issue,921.86
ORD021095,2024-06-25,Quality Issue,7527.08
ORD021108,2024-06-13,Size/Fit Issue,5308.18
ORD021112,2025-01-30,Changed Mind,18356.99
ORD021120,2024-11-27,Damaged Product,24251.92
ORD021146,2025-04-19,Quality Issue,393.61
ORD021149,2025-09-01,Size/Fit Issue,16482.47
ORD021165,2025-03-28,Changed Mind,829.31
ORD021196,2026-01-12,Quality Issue,3976.43
ORD021247,2024-05-14,Wrong Product,538.28
ORD021259,2025-06-15,Damaged Product,14474.11
ORD021272,2024-05-24,Wrong Product,1103.47
ORD021275,2025-12-09,Late Delivery,13244.66
ORD021293,2024-01-13,Wrong Product,2832.45
ORD021302,2024-07-02,Size/Fit Issue,9983.03
ORD021317,2025-11-09,Changed Mind,4046.57
ORD021320,2024-12-21,Late Delivery,898.2
ORD021339,2024-07-03,Size/Fit Issue,9843.1
ORD021344,2025-06-16,Quality Issue,361.46
ORD021373,2025-05-12,Wrong Product,1513.27
ORD021392,2024-10-28,Damaged Product,653.68
ORD021439,2025-11-28,Wrong Product,72556.59
ORD021444,2025-09-07,Quality Issue,5195.25
ORD021446,2025-05-22,Changed Mind,3807.76
ORD021479,2025-08-06,Size/Fit Issue,84037.12
ORD021480,2025-02-25,Damaged Product,30678.01
ORD021497,2025-05-03,Quality Issue,10456.85
ORD021505,2024-10-14,Changed Mind,6136.24
ORD021552,2025-02-19,Size/Fit Issue,1853.21
ORD021555,2025-12-01,Quality Issue,3407.83
ORD021568,2025-08-03,Damaged Product,15012.07
ORD021571,2024-07-29,Quality Issue,59814.62
ORD021578,2025-05-03,Late Delivery,12720.14
ORD021605,2025-11-15,Size/Fit Issue,1785.57
ORD021622,2024-04-20,Damaged Product,45918.87
ORD021623,2025-12-03,Late Delivery,488.15
ORD021639,2024-02-23,Changed Mind,265.86
ORD021665,2024-09-11,Wrong Product,880.53
ORD021704,2025-05-24,Size/Fit Issue,8744.94
ORD021730,2025-06-03,Late Delivery,2228.95
ORD021734,2024-01-22,Quality Issue,10648.88
ORD021739,2024-11-01,Size/Fit Issue,8385.37
ORD021747,2024-02-01,Late Delivery,7755.13
ORD021766,2025-07-13,Quality Issue,17647.01
ORD021806,2025-05-29,Wrong Product,717.96
ORD021827,2024-05-30,Changed Mind,13053.28
ORD021834,2024-03-17,Damaged Product,1129.94
ORD021860,2025-09-23,Changed Mind,14509.96
ORD021870,2025-09-23,Changed Mind,2756.14
ORD021906,2025-08-28,Quality Issue,3694.92
ORD021914,2024-12-19,Late Delivery,27356.08
ORD021970,2025-12-05,Quality Issue,44406.41
ORD021977,2025-03-19,Damaged Product,13075.06
ORD022015,2024-07-12,Late Delivery,4469.73
ORD022020,2025-11-14,Changed Mind,5044.77
ORD022021,2025-03-27,Changed Mind,48512.68
ORD022036,2025-11-26,Damaged Product,19668.78
ORD022039,2025-06-07,Changed Mind,2635.02
ORD022056,2025-10-29,Late Delivery,6861.46
ORD022070,2024-04-13,Late Delivery,56696.82
ORD022075,2025-08-07,Quality Issue,3762.32
ORD022076,2025-08-05,Quality Issue,1509.6
ORD022077,2025-11-23,Changed Mind,3062.98
ORD022094,2025-11-14,Damaged Product,18954.41
ORD022100,2025-01-26,Wrong Product,155.69
ORD022104,2024-12-14,Wrong Product,800.43
ORD022105,2024-05-30,Size/Fit Issue,945.7
ORD022132,2024-11-10,Damaged Product,3980.63
ORD022150,2025-09-24,Quality Issue,743.28
ORD022155,2025-10-08,Damaged Product,309.65
ORD022173,2025-04-28,Quality Issue,1236.44
ORD022179,2025-11-28,Quality Issue,16292.03
ORD022190,2024-06-25,Wrong Product,20803.63
ORD022201,2025-01-20,Changed Mind,3224.47
ORD022204,2025-07-09,Wrong Product,1715.07
ORD022210,2025-02-20,Quality Issue,133.79
ORD022216,2025-09-22,Size/Fit Issue,685.39
ORD022225,2025-10-07,Damaged Product,8418.15
ORD022245,2024-12-10,Late Delivery,3134.14
ORD022246,2024-03-07,Quality Issue,53811.98
ORD022258,2024-06-14,Damaged Product,953.22
ORD022261,2025-07-25,Size/Fit Issue,298.55
ORD022272,2025-10-03,Changed Mind,602.35
ORD022274,2025-10-22,Damaged Product,11911.37
ORD022282,2024-07-21,Size/Fit Issue,63100.81
ORD022293,2025-11-30,Size/Fit Issue,9400.71
ORD022294,2025-11-06,Late Delivery,21062.52
ORD022299,2025-11-15,Late Delivery,19141.75
ORD022300,2025-08-02,Wrong Product,11678.77
ORD022314,2025-07-11,Quality Issue,390.19
ORD022322,2024-05-06,Changed Mind,51444.9
ORD022323,2024-02-03,Quality Issue,3015.1
ORD022326,2025-12-21,Size/Fit Issue,2236.62
ORD022355,2025-12-24,Quality Issue,12432.01
ORD022361,2025-07-30,Size/Fit Issue,14714.3
ORD022363,2024-09-03,Quality Issue,5004.1
ORD022364,2025-11-07,Changed Mind,4463.23
ORD022388,2025-01-12,Wrong Product,219.64
ORD022399,2024-05-29,Quality Issue,4522.78
ORD022406,2025-12-21,Late Delivery,12866.27
ORD022409,2025-04-11,Size/Fit Issue,2199.99
ORD022427,2025-09-20,Damaged Product,4825.79
ORD022429,2025-10-05,Changed Mind,2679.03
ORD022482,2025-07-26,Wrong Product,12353.24
ORD022493,2025-02-15,Damaged Product,517.81
ORD022501,2025-08-21,Changed Mind,173992.91
ORD022543,2025-11-28,Late Delivery,130508.49
ORD022556,2024-09-18,Quality Issue,1211.76
ORD022573,2026-01-03,Changed Mind,9517.99
ORD022575,2025-05-04,Size/Fit Issue,11675.4
ORD022592,2025-11-20,Changed Mind,14833.5
ORD022615,2024-01-24,Quality Issue,15499.45
ORD022627,2025-02-08,Wrong Product,50200.75
ORD022630,2024-07-27,Damaged Product,1284.87
ORD022656,2025-05-27,Late Delivery,22572.99
ORD022672,2025-01-20,Quality Issue,297.88
ORD022691,2025-08-21,Wrong Product,6079.54
ORD022693,2025-11-03,Damaged Product,984.74
ORD022706,2025-04-10,Quality Issue,4070.85
ORD022723,2025-11-05,Wrong Product,11795.82
ORD022724,2025-08-05,Wrong Product,1112.12
ORD022733,2025-12-26,Wrong Product,20736.69
ORD022737,2025-03-10,Size/Fit Issue,440.06
ORD022767,2024-02-01,Size/Fit Issue,6003.17
ORD022777,2025-10-25,Size/Fit Issue,9073.03
ORD022790,2025-12-26,Damaged Product,44652.46
ORD022808,2024-08-02,Wrong Product,6913.2
ORD022824,2025-12-07,Damaged Product,544.78
ORD022826,2024-12-26,Damaged Product,3828.98
ORD022839,2025-10-14,Damaged Product,7425.46
ORD022847,2024-02-08,Late Delivery,538.65
ORD022863,2024-09-04,Damaged Product,2135.96
ORD022868,2025-05-11,Size/Fit Issue,7445.54
ORD022878,2025-04-24,Wrong Product,1823.73
ORD022884,2025-06-27,Size/Fit Issue,1429.23
ORD022903,2024-12-10,Quality Issue,25962.81
ORD022909,2024-12-31,Size/Fit Issue,10343.61
ORD022917,2025-06-23,Size/Fit Issue,45902.36
ORD022922,2025-05-25,Late Delivery,14954.61
ORD022940,2024-07-21,Late Delivery,7106.39
ORD022947,2025-05-16,Quality Issue,3046.2
ORD022953,2024-04-27,Quality Issue,4114.01
ORD022954,2025-12-27,Quality Issue,77022.37
ORD023003,2025-11-13,Damaged Product,6242.04
ORD023015,2025-01-04,Late Delivery,7115.16
ORD023048,2025-10-25,Damaged Product,1601.51
ORD023073,2025-11-17,Damaged Product,18791.09
ORD023085,2026-01-01,Damaged Product,1477.57
ORD023092,2024-10-11,Size/Fit Issue,4217.83
ORD023100,2025-03-13,Quality Issue,28737.21
ORD023104,2025-03-12,Size/Fit Issue,4790.81
ORD023119,2024-12-28,Changed Mind,10885.67
ORD023142,2025-10-13,Damaged Product,2524.39
ORD023149,2025-07-21,Wrong Product,6553.63
ORD023150,2025-10-26,Quality Issue,33223.67
ORD023178,2024-10-28,Quality Issue,2986.76
ORD023179,2024-11-01,Wrong Product,13471.05
ORD023193,2025-02-13,Size/Fit Issue,28348.6
ORD023223,2025-08-25,Wrong Product,3694.75
ORD023254,2025-11-01,Wrong Product,14083.62
ORD023258,2025-07-07,Damaged Product,12000.17
ORD023262,2025-11-14,Wrong Product,45627.22
ORD023266,2025-09-29,Late Delivery,5928.24
ORD023275,2025-12-23,Late Delivery,622.3
ORD023276,2025-07-08,Quality Issue,10347.05
ORD023277,2025-04-28,Changed Mind,13446.5
ORD023285,2025-01-24,Size/Fit Issue,38700.92
ORD023300,2024-12-11,Quality Issue,3851.17
ORD023318,2025-08-03,Size/Fit Issue,111256.37
ORD023335,2025-04-28,Quality Issue,548.0
ORD023426,2025-10-30,Damaged Product,3179.84
ORD023429,2025-01-12,Size/Fit Issue,121016.79
ORD023469,2024-09-09,Wrong Product,101270.05
ORD023480,2025-06-24,Wrong Product,27008.62
ORD023507,2025-08-07,Wrong Product,5350.63
ORD023517,2025-12-19,Wrong Product,91843.74
ORD023521,2025-05-18,Quality Issue,24826.96
ORD023525,2025-10-15,Wrong Product,6350.2
ORD023527,2025-12-29,Damaged Product,9309.29
ORD023536,2025-10-31,Late Delivery,762.04
ORD023556,2025-11-24,Quality Issue,4199.14
ORD023561,2024-10-07,Late Delivery,4189.35
ORD023590,2024-10-30,Changed Mind,8246.42
ORD023593,2025-09-17,Size/Fit Issue,1448.26
ORD023607,2025-12-06,Size/Fit Issue,31384.51
ORD023611,2025-09-06,Damaged Product,915.33
ORD023614,2025-08-30,Changed Mind,2079.03
ORD023667,2025-10-13,Wrong Product,32134.07
ORD023679,2025-12-31,Quality Issue,16919.38
ORD023681,2025-08-19,Size/Fit Issue,11143.82
ORD023696,2024-12-17,Wrong Product,914.17
ORD023708,2024-10-27,Size/Fit Issue,1581.26
ORD023720,2024-11-03,Wrong Product,689.14
ORD023721,2025-08-31,Damaged Product,902.48
ORD023724,2025-06-04,Changed Mind,52130.38
ORD023725,2025-03-14,Damaged Product,612.79
ORD023781,2025-03-17,Size/Fit Issue,2772.13
ORD023812,2025-10-08,Changed Mind,16449.47
ORD023860,2025-06-25,Size/Fit Issue,4759.94
ORD023863,2026-01-13,Late Delivery,30713.37
ORD023864,2025-05-16,Wrong Product,7494.09
ORD023874,2025-08-12,Wrong Product,1654.42
ORD023877,2025-09-19,Damaged Product,564.71
ORD023883,2024-11-25,Late Delivery,17960.7
ORD023893,2025-07-01,Quality Issue,1677.1
ORD023902,2025-11-26,Damaged Product,8022.54
ORD023910,2025-10-09,Quality Issue,58456.71
ORD023918,2025-11-18,Damaged Product,1335.99
ORD023924,2025-12-02,Changed Mind,6815.92
ORD023936,2025-12-20,Quality Issue,47862.63
ORD023951,2025-09-04,Changed Mind,7106.76
ORD024017,2025-10-07,Wrong Product,1328.58
ORD024025,2025-02-07,Changed Mind,27428.92
ORD024038,2025-03-04,Damaged Product,1980.29
ORD024043,2024-09-24,Quality Issue,2496.49
ORD024053,2024-10-16,Late Delivery,5996.6
ORD024086,2025-10-01,Quality Issue,2811.65
ORD024099,2025-08-17,Quality Issue,1571.87
ORD024123,2024-08-31,Quality Issue,4558.27
ORD024143,2025-02-20,Damaged Product,4755.63
ORD024150,2026-01-08,Size/Fit Issue,2514.08
ORD024151,2025-03-01,Size/Fit Issue,10414.95
ORD024152,2025-03-21,Quality Issue,19281.51
ORD024154,2025-12-20,Quality Issue,22989.1
ORD024162,2025-07-11,Damaged Product,877.97
ORD024176,2025-12-03,Damaged Product,59397.85
ORD024190,2025-06-17,Size/Fit Issue,2450.78
ORD024198,2025-10-19,Damaged Product,10757.52
ORD024208,2025-07-05,Changed Mind,1939.44
ORD024213,2025-12-28,Wrong Product,2190.38
ORD024216,2025-12-01,Changed Mind,14770.61
ORD024243,2025-11-02,Size/Fit Issue,3285.4
ORD024257,2025-08-10,Changed Mind,5379.05
ORD024272,2025-05-26,Wrong Product,2410.0
ORD024274,2025-12-05,Changed Mind,7788.04
ORD024282,2025-08-17,Changed Mind,22293.57
ORD024291,2025-03-25,Size/Fit Issue,438.72
ORD024293,2025-10-02,Late Delivery,2695.75
ORD024306,2025-10-12,Quality Issue,2896.6
ORD024315,2025-07-19,Damaged Product,13007.53
ORD024367,2024-10-13,Size/Fit Issue,5200.06
ORD024376,2025-09-12,Changed Mind,7072.88
ORD024386,2025-10-15,Wrong Product,1448.47
ORD024391,2025-02-04,Wrong Product,3853.1
ORD024393,2025-10-01,Size/Fit Issue,5405.55
ORD024404,2025-08-13,Damaged Product,206683.61
ORD024409,2025-03-17,Changed Mind,15138.77
ORD024424,2025-08-02,Wrong Product,18964.78
ORD024450,2024-06-03,Quality Issue,7166.84
ORD024453,2025-09-28,Changed Mind,1280.23
ORD024470,2024-06-27,Changed Mind,15433.11
ORD024471,2026-01-01,Changed Mind,4645.23
ORD024494,2024-06-17,Changed Mind,4800.75
ORD024503,2024-10-21,Quality Issue,4590.08
ORD024513,2025-12-16,Damaged Product,4606.8
ORD024515,2025-09-27,Changed Mind,11868.57
ORD024524,2025-11-24,Changed Mind,55330.5
ORD024527,2025-07-24,Changed Mind,7410.25
ORD024549,2025-11-24,Changed Mind,1526.25
ORD024566,2025-10-18,Damaged Product,5921.67
ORD024575,2025-11-11,Damaged Product,28654.35
ORD024618,2025-06-18,Quality Issue,7879.41
ORD024639,2025-10-24,Quality Issue,47449.24
ORD024647,2025-12-15,Changed Mind,22458.43
ORD024652,2025-01-30,Damaged Product,15739.46
ORD024660,2025-09-05,Damaged Product,4744.92
ORD024667,2025-12-25,Wrong Product,1121.39
ORD024674,2025-09-04,Late Delivery,202.5
ORD024691,2025-03-18,Wrong Product,40463.7
ORD024696,2025-11-16,Wrong Product,2106.28
ORD024711,2025-06-26,Late Delivery,1455.37
ORD024727,2025-12-27,Changed Mind,3718.49
ORD024728,2025-10-07,Damaged Product,33859.4
ORD024733,2025-10-05,Late Delivery,3314.15
ORD024740,2025-11-27,Size/Fit Issue,44436.39
ORD024770,2025-09-13,Size/Fit Issue,228.82
ORD024789,2025-09-27,Quality Issue,18831.81
ORD024803,2025-10-17,Late Delivery,669.13
ORD024808,2024-10-26,Damaged Product,12085.25
ORD024836,2025-11-24,Late Delivery,35680.7
ORD024837,2025-12-17,Changed Mind,711.06
ORD024849,2025-04-19,Changed Mind,3160.71
ORD024855,2025-09-07,Late Delivery,7279.12
ORD024878,2025-11-17,Damaged Product,1340.55
ORD024897,2025-02-01,Changed Mind,2380.42
ORD024902,2025-11-18,Quality Issue,1858.78
ORD024918,2025-10-12,Quality Issue,22600.76
ORD024919,2024-10-10,Damaged Product,7228.75
ORD024922,2025-10-27,Size/Fit Issue,3900.4
ORD024943,2025-04-12,Late Delivery,26542.16
ORD024952,2025-01-29,Wrong Product,985.69
ORD024956,2024-08-22,Size/Fit Issue,5297.61
ORD024968,2025-11-28,Changed Mind,745.87
ORD024996,2025-10-09,Quality Issue,452.96
ORD025027,2024-10-12,Late Delivery,10056.05
ORD025028,2025-03-23,Damaged Product,96065.72
ORD025055,2025-12-22,Late Delivery,3132.66
ORD025059,2025-10-25,Quality Issue,526.56
ORD025069,2025-10-15,Damaged Product,29973.28
ORD025075,2025-09-12,Damaged Product,6246.41
ORD025107,2025-04-23,Wrong Product,56776.34
ORD025109,2025-09-04,Size/Fit Issue,1077.67
ORD025123,2024-12-13,Quality Issue,6774.46
ORD025160,2025-06-01,Damaged Product,8615.48
ORD025165,2024-08-25,Wrong Product,134835.58
ORD025174,2025-11-07,Changed Mind,468.67
ORD025211,2025-10-31,Wrong Product,426.18
ORD025215,2025-05-06,Size/Fit Issue,825.03
ORD025222,2025-12-29,Size/Fit Issue,33368.54
ORD025248,2024-03-24,Damaged Product,16588.75
ORD025269,2025-01-20,Wrong Product,913.47
ORD025298,2024-04-15,Wrong Product,6281.69
ORD025305,2025-07-02,Changed Mind,43828.2
ORD025309,2025-07-20,Damaged Product,14201.47
ORD025322,2025-10-04,Damaged Product,429.46
ORD025329,2025-04-03,Wrong Product,45480.52
ORD025339,2025-11-20,Damaged Product,6386.99
ORD025360,2025-11-05,Quality Issue,847.85
ORD025369,2025-12-19,Late Delivery,4465.47
ORD025384,2025-06-13,Size/Fit Issue,17076.2
ORD025389,2025-06-30,Quality Issue,6440.93
ORD025404,2024-06-06,Wrong Product,8393.76
ORD025406,2025-08-04,Quality Issue,15850.29
ORD025409,2024-07-15,Size/Fit Issue,98713.22
ORD025419,2025-10-04,Quality Issue,3856.73
ORD025421,2025-04-10,Quality Issue,1629.77
ORD025444,2025-12-04,Damaged Product,2966.28
ORD025456,2025-06-16,Changed Mind,531.14
ORD025477,2025-10-14,Late Delivery,82000.58
ORD025485,2025-10-22,Wrong Product,445.71
ORD025491,2025-12-30,Size/Fit Issue,37238.47
ORD025498,2024-08-06,Quality Issue,722.75
ORD025503,2025-12-24,Wrong Product,83520.25
ORD025516,2026-01-04,Wrong Product,1511.37
ORD025527,2024-03-21,Wrong Product,7414.63
ORD025531,2025-01-17,Changed Mind,360.14
ORD025534,2025-06-11,Changed Mind,8912.14
ORD025562,2025-12-26,Damaged Product,23251.31
ORD025571,2026-01-12,Damaged Product,33600.51
ORD025601,2025-11-22,Wrong Product,11906.18
ORD025608,2025-02-26,Damaged Product,2638.65
ORD025631,2025-10-22,Late Delivery,611.07
ORD025632,2025-08-19,Late Delivery,1724.74
ORD025654,2025-06-02,Late Delivery,3545.88
ORD025662,2024-08-15,Changed Mind,39894.37
ORD025664,2025-10-19,Changed Mind,1951.18
ORD025679,2025-09-19,Wrong Product,7997.21
ORD025680,2025-12-15,Damaged Product,10067.23
ORD025682,2024-09-21,Damaged Product,5340.65
ORD025707,2024-10-29,Size/Fit Issue,7861.32
ORD025711,2025-12-21,Size/Fit Issue,99760.75
ORD025713,2025-08-03,Quality Issue,3885.42
ORD025714,2025-04-07,Changed Mind,5548.68
ORD025719,2024-10-31,Quality Issue,3547.65
ORD025725,2025-11-13,Damaged Product,1843.37
ORD025744,2025-11-04,Quality Issue,1894.22
ORD025777,2025-06-25,Changed Mind,4113.49
ORD025784,2025-09-25,Quality Issue,1187.99
ORD025793,2025-12-24,Damaged Product,4168.19
ORD025795,2024-04-17,Changed Mind,4195.31
ORD025817,2024-10-17,Changed Mind,3598.33
ORD025826,2024-11-13,Damaged Product,2000.88
ORD025831,2025-12-04,Wrong Product,2906.18
ORD025844,2025-04-26,Wrong Product,1640.18
ORD025857,2024-06-24,Wrong Product,532.16
ORD025871,2025-06-21,Wrong Product,11174.28
ORD025882,2025-12-21,Damaged Product,26726.71
ORD025888,2025-04-19,Late Delivery,27081.9
ORD025901,2024-12-31,Late Delivery,11701.23
ORD025931,2025-12-15,Damaged Product,56521.46
ORD025947,2024-05-04,Wrong Product,14978.6
ORD025956,2025-05-08,Late Delivery,17766.35
ORD025963,2025-08-15,Changed Mind,3998.8
ORD025984,2025-03-17,Quality Issue,16283.1
ORD025987,2024-06-25,Changed Mind,20048.74
ORD026000,2025-02-16,Quality Issue,4020.22
ORD026002,2024-03-27,Late Delivery,54576.75
ORD026027,2025-12-10,Size/Fit Issue,6255.75
ORD026034,2025-09-01,Damaged Product,3076.58
ORD026041,2025-09-18,Size/Fit Issue,85142.37
ORD026049,2024-12-18,Quality Issue,2114.49
ORD026062,2025-12-16,Quality Issue,9682.77
ORD026075,2025-10-01,Size/Fit Issue,29575.18
ORD026076,2024-04-25,Wrong Product,6024.12
ORD026100,2025-02-21,Late Delivery,5947.51
ORD026116,2025-04-17,Size/Fit Issue,7295.28
ORD026125,2024-10-20,Damaged Product,518.42
ORD026139,2025-10-21,Size/Fit Issue,1556.18
ORD026146,2025-06-28,Changed Mind,1801.86
ORD026165,2025-12-17,Changed Mind,5565.15
ORD026183,2025-09-14,Size/Fit Issue,10131.77
ORD026210,2025-10-22,Quality Issue,5056.82
ORD026221,2024-12-17,Damaged Product,4990.82
ORD026230,2025-03-01,Quality Issue,2506.95
ORD026233,2026-01-02,Wrong Product,17099.83
ORD026247,2025-10-10,Damaged Product,18913.61
ORD026262,2026-01-10,Quality Issue,3131.98
ORD026264,2024-12-14,Changed Mind,8674.56
ORD026274,2025-08-13,Damaged Product,3106.99
ORD026295,2024-08-21,Quality Issue,7240.97
ORD026303,2025-07-28,Quality Issue,20891.18
ORD026316,2025-11-21,Late Delivery,454.77
ORD026346,2025-12-18,Changed Mind,710.32
ORD026360,2024-09-22,Size/Fit Issue,8709.21
ORD026369,2025-10-06,Size/Fit Issue,3327.06
ORD026392,2025-09-09,Size/Fit Issue,44561.21
ORD026396,2025-10-23,Damaged Product,2110.25
ORD026405,2024-11-17,Wrong Product,3547.27
ORD026408,2025-11-25,Wrong Product,96764.72
ORD026409,2025-09-13,Size/Fit Issue,245.13
ORD026430,2024-12-22,Damaged Product,36553.1
ORD026463,2025-03-28,Changed Mind,1344.21
ORD026471,2025-12-06,Late Delivery,3379.64
ORD026483,2024-01-27,Size/Fit Issue,14745.34
ORD026489,2025-12-20,Damaged Product,6815.27
ORD026496,2025-12-28,Damaged Product,52518.94
ORD026497,2025-08-08,Changed Mind,21345.8
ORD026520,2025-08-07,Size/Fit Issue,31963.86
ORD026539,2025-10-22,Size/Fit Issue,20167.89
ORD026540,2025-05-26,Quality Issue,29878.67
ORD026580,2025-10-27,Damaged Product,4053.98
ORD026592,2025-09-29,Changed Mind,952.75
ORD026604,2024-04-21,Quality Issue,9738.46
ORD026611,2025-09-18,Changed Mind,3365.79
ORD026617,2024-10-11,Size/Fit Issue,10886.61
ORD026634,2025-11-20,Size/Fit Issue,20098.79
ORD026635,2025-11-03,Wrong Product,465.63
ORD026653,2025-04-03,Changed Mind,1776.42
ORD026657,2024-10-30,Late Delivery,511.95
ORD026670,2025-10-21,Changed Mind,34566.08
ORD026671,2025-11-07,Changed Mind,3334.65
ORD026691,2024-01-31,Wrong Product,969.13
ORD026695,2025-09-12,Late Delivery,7285.93
ORD026712,2024-05-31,Damaged Product,23198.08
ORD026744,2025-10-15,Wrong Product,26241.96
ORD026749,2025-11-16,Size/Fit Issue,4967.51
ORD026751,2024-06-15,Changed Mind,9992.32
ORD026758,2024-10-28,Quality Issue,2962.32
ORD026775,2025-09-02,Damaged Product,1248.65
ORD026776,2025-12-14,Late Delivery,19426.81
ORD026786,2025-09-27,Quality Issue,2226.3
ORD026853,2025-08-20,Changed Mind,5153.11
ORD026889,2025-05-17,Changed Mind,651.31
ORD026908,2025-02-16,Damaged Product,9733.69
ORD026913,2025-11-13,Damaged Product,6114.82
ORD026914,2024-06-15,Quality Issue,5445.26
ORD026941,2025-01-04,Damaged Product,43690.32
ORD026952,2025-10-30,Changed Mind,11002.28
ORD026955,2025-10-28,Wrong Product,8878.71
ORD026956,2025-11-26,Wrong Product,172.16
ORD026967,2025-11-05,Late Delivery,1767.34
ORD026996,2024-10-28,Late Delivery,2147.1
ORD027000,2024-09-26,Wrong Product,6980.98
ORD027016,2025-11-14,Size/Fit Issue,128540.37
ORD027041,2025-04-17,Damaged Product,7184.8
ORD027065,2025-10-21,Quality Issue,24830.75
ORD027071,2024-06-07,Quality Issue,17821.81
ORD027078,2024-10-23,Wrong Product,7366.85
ORD027091,2025-04-05,Late Delivery,8442.47
ORD027138,2025-06-26,Changed Mind,2727.83
ORD027147,2024-05-24,Wrong Product,2889.67
ORD027159,2025-11-18,Size/Fit Issue,4460.3
ORD027194,2025-09-12,Damaged Product,10798.65
ORD027198,2024-02-08,Wrong Product,6131.85
ORD027214,2025-09-08,Late Delivery,6675.83
ORD027225,2024-09-30,Quality Issue,1701.99
ORD027241,2025-11-14,Size/Fit Issue,5940.48
ORD027246,2025-09-08,Damaged Product,10512.98
ORD027252,2025-01-06,Changed Mind,2515.72
ORD027299,2025-10-24,Damaged Product,89498.87
ORD027329,2025-07-20,Size/Fit Issue,19258.33
ORD027339,2024-09-06,Size/Fit Issue,66203.04
ORD027351,2024-07-28,Damaged Product,13676.85
ORD027360,2025-05-17,Quality Issue,16731.11
ORD027414,2025-01-22,Changed Mind,308.94
ORD027429,2025-10-24,Quality Issue,6257.36
ORD027434,2024-12-22,Wrong Product,626.99
ORD027435,2026-01-06,Quality Issue,3339.41
ORD027444,2025-03-21,Quality Issue,43408.89
ORD027452,2025-03-26,Size/Fit Issue,18887.88
ORD027461,2026-01-02,Late Delivery,1550.19
ORD027479,2025-12-27,Late Delivery,9604.0
ORD027504,2025-12-30,Late Delivery,3824.64
ORD027542,2025-12-05,Late Delivery,13516.82
ORD027555,2025-10-18,Quality Issue,288.85
ORD027590,2025-08-29,Wrong Product,695.27
ORD027618,2025-01-24,Wrong Product,814.62
ORD027624,2025-09-20,Damaged Product,6363.48
ORD027640,2025-11-04,Quality Issue,2626.01
ORD027643,2025-08-02,Quality Issue,49913.77
ORD027648,2025-11-12,Quality Issue,45225.64
ORD027656,2025-08-30,Late Delivery,4857.0
ORD027674,2025-05-19,Wrong Product,19609.89
ORD027687,2025-11-23,Quality Issue,385.42
ORD027695,2025-02-19,Late Delivery,3865.76
ORD027722,2025-08-29,Late Delivery,3242.55
ORD027732,2025-09-28,Quality Issue,89288.77
ORD027733,2024-12-10,Size/Fit Issue,740.11
ORD027789,2025-11-01,Quality Issue,48513.02
ORD027792,2025-01-29,Size/Fit Issue,29952.82
ORD027799,2025-08-06,Wrong Product,7581.93
ORD027818,2025-08-29,Quality Issue,499.16
ORD027825,2025-10-12,Size/Fit Issue,2821.43
ORD027847,2024-04-12,Wrong Product,1099.9
ORD027855,2024-11-19,Size/Fit Issue,9748.96
ORD027857,2024-03-13,Changed Mind,9224.47
ORD027905,2025-09-22,Damaged Product,29762.17
ORD027924,2025-11-20,Damaged Product,10471.92
ORD027944,2025-06-11,Damaged Product,465.42
ORD027945,2025-12-30,Damaged Product,44207.77
ORD027964,2025-04-20,Wrong Product,135200.04
ORD027983,2025-11-03,Wrong Product,340.64
ORD027992,2025-06-27,Changed Mind,220.46
ORD028039,2025-07-07,Changed Mind,9374.15
ORD028056,2025-12-23,Damaged Product,1350.3
ORD028069,2025-07-15,Wrong Product,1375.87
ORD028116,2025-05-31,Quality Issue,8024.99
ORD028119,2024-08-28,Size/Fit Issue,774.29
ORD028130,2025-07-12,Size/Fit Issue,4952.7
ORD028131,2025-10-25,Changed Mind,3702.67
ORD028188,2025-11-09,Changed Mind,33951.31
ORD028191,2025-08-15,Quality Issue,4196.94
ORD028194,2024-02-01,Quality Issue,5869.07
ORD028195,2025-03-05,Quality Issue,126.86
ORD028213,2025-05-14,Size/Fit Issue,2457.05
ORD028246,2026-01-03,Quality Issue,6006.99
ORD028255,2025-01-26,Size/Fit Issue,18592.84
ORD028270,2024-12-04,Quality Issue,139438.17
ORD028276,2025-04-04,Size/Fit Issue,52295.5
ORD028284,2024-08-11,Wrong Product,832.0
ORD028287,2025-01-14,Size/Fit Issue,7275.96
ORD028292,2025-07-22,Quality Issue,4298.68
ORD028348,2024-10-14,Quality Issue,403.34
ORD028352,2025-12-25,Quality Issue,6778.85
ORD028354,2025-08-31,Damaged Product,3373.81
ORD028356,2025-07-05,Changed Mind,7492.65
ORD028357,2025-08-23,Damaged Product,1809.76
ORD028370,2024-08-14,Wrong Product,980.19
ORD028394,2025-11-19,Changed Mind,4158.85
ORD028398,2025-04-06,Wrong Product,5777.4
ORD028401,2025-08-29,Wrong Product,7944.31
ORD028405,2025-03-28,Wrong Product,5930.47
ORD028428,2024-11-13,Size/Fit Issue,1998.47
ORD028432,2025-06-28,Late Delivery,4427.41
ORD028454,2025-09-04,Changed Mind,317.42
ORD028460,2025-04-14,Damaged Product,33351.41
ORD028461,2025-10-26,Quality Issue,1486.24
ORD028472,2024-11-22,Wrong Product,4746.54
ORD028473,2025-11-28,Damaged Product,35482.82
ORD028516,2024-05-18,Quality Issue,24028.66
ORD028547,2024-12-11,Wrong Product,1853.39
ORD028552,2025-10-19,Size/Fit Issue,8238.82
ORD028556,2024-07-18,Changed Mind,14157.3
ORD028567,2024-05-13,Quality Issue,6784.89
ORD028568,2025-12-14,Damaged Product,1483.6
ORD028578,2025-11-01,Quality Issue,7856.52
ORD028596,2024-10-17,Quality Issue,1318.51
ORD028611,2025-02-03,Size/Fit Issue,16532.7
ORD028632,2025-07-14,Size/Fit Issue,11957.38
ORD028634,2025-11-17,Damaged Product,959.85
ORD028635,2025-08-24,Quality Issue,12820.05
ORD028646,2025-01-02,Wrong Product,1491.43
ORD028649,2025-10-31,Size/Fit Issue,2770.65
ORD028665,2024-02-13,Size/Fit Issue,8424.27
ORD028678,2024-10-18,Size/Fit Issue,66751.07
ORD028693,2024-10-23,Late Delivery,17546.61
ORD028704,2025-10-28,Quality Issue,19292.76
ORD028705,2025-01-17,Changed Mind,508.31
ORD028718,2024-08-30,Late Delivery,85471.59
ORD028751,2025-07-02,Changed Mind,1643.92
ORD028770,2025-08-06,Damaged Product,1478.95
ORD028775,2025-07-25,Changed Mind,9842.27
ORD028785,2024-10-23,Quality Issue,824.82
ORD028786,2025-03-03,Quality Issue,339.89
ORD028807,2024-06-05,Quality Issue,16960.97
ORD028810,2025-11-13,Changed Mind,1392.82
ORD028836,2025-07-28,Size/Fit Issue,117285.44
ORD028848,2024-08-13,Quality Issue,11678.98
ORD028856,2025-11-20,Wrong Product,36630.3
ORD028863,2025-06-23,Wrong Product,5303.88
ORD028875,2025-10-26,Changed Mind,1372.44
ORD028890,2025-11-29,Damaged Product,6616.66
ORD028909,2025-11-24,Changed Mind,5726.17
ORD028932,2025-01-26,Wrong Product,40458.02
ORD028947,2025-10-02,Late Delivery,4852.33
ORD028959,2025-12-20,Changed Mind,1333.64
ORD028967,2025-09-19,Quality Issue,30033.88
ORD028985,2025-11-12,Size/Fit Issue,797.2
ORD029016,2025-10-28,Size/Fit Issue,7576.32
ORD029054,2024-12-31,Damaged Product,3372.68
ORD029071,2024-07-19,Changed Mind,1259.06
ORD029073,2026-01-03,Late Delivery,5813.87
ORD029078,2025-03-03,Wrong Product,1696.45
ORD029103,2025-08-04,Late Delivery,5912.73
ORD029108,2025-03-10,Quality Issue,1411.88
ORD029109,2024-02-18,Changed Mind,135231.11
ORD029120,2025-10-06,Damaged Product,16155.71
ORD029129,2025-10-19,Wrong Product,11715.15
ORD029145,2025-10-11,Quality Issue,31717.53
ORD029150,2025-10-28,Size/Fit Issue,24178.11
ORD029151,2024-11-18,Wrong Product,12655.93
ORD029164,2025-11-08,Size/Fit Issue,598.2
ORD029170,2024-07-05,Changed Mind,10319.9
ORD029193,2025-11-03,Wrong Product,15800.07
ORD029195,2025-12-23,Changed Mind,19620.19
ORD029198,2025-12-14,Quality Issue,36319.6
ORD029201,2025-12-28,Size/Fit Issue,42474.63
ORD029216,2025-11-20,Damaged Product,1418.45
ORD029217,2025-11-29,Wrong Product,1783.67
ORD029240,2025-11-13,Size/Fit Issue,17016.47
ORD029265,2025-12-13,Damaged Product,296.74
ORD029289,2025-08-18,Late Delivery,2462.95
ORD029301,2024-12-04,Changed Mind,6170.48
ORD029304,2025-07-08,Changed Mind,6006.5
ORD029349,2024-09-23,Wrong Product,4444.23
ORD029362,2025-12-04,Late Delivery,30946.52
ORD029364,2025-05-24,Late Delivery,553.66
ORD029366,2024-09-25,Damaged Product,5162.66
ORD029381,2025-10-16,Wrong Product,776.52
ORD029383,2025-10-09,Changed Mind,1642.97
ORD029387,2025-09-08,Changed Mind,4247.57
ORD029402,2025-08-21,Quality Issue,40506.48
ORD029404,2025-10-21,Changed Mind,1455.82
ORD029410,2025-03-19,Damaged Product,1409.16
ORD029419,2024-01-30,Size/Fit Issue,2052.82
ORD029449,2025-10-22,Size/Fit Issue,2276.77
ORD029473,2025-09-25,Late Delivery,825.19
ORD029495,2024-12-03,Size/Fit Issue,3434.74
ORD029529,2025-04-16,Quality Issue,1939.4
ORD029546,2025-01-03,Damaged Product,135912.77
ORD029555,2024-11-05,Damaged Product,1748.7
ORD029570,2024-12-28,Quality Issue,1355.14
ORD029579,2025-09-22,Size/Fit Issue,3022.96
ORD029594,2024-03-02,Damaged Product,2641.15
ORD029599,2025-03-22,Late Delivery,45294.42
ORD029607,2024-11-19,Quality Issue,2903.34
ORD029614,2025-12-03,Damaged Product,31484.75
ORD029621,2025-01-28,Changed Mind,59315.15
ORD029638,2024-12-16,Wrong Product,647.64
ORD029656,2025-10-27,Wrong Product,11000.05
ORD029665,2024-12-18,Size/Fit Issue,7838.26
ORD029759,2025-12-14,Size/Fit Issue,4593.14
ORD029765,2025-11-09,Wrong Product,4738.03
ORD029772,2025-11-15,Size/Fit Issue,2105.53
ORD029783,2024-04-22,Quality Issue,410.39
ORD029809,2025-04-15,Size/Fit Issue,20317.88
ORD029813,2025-04-17,Damaged Product,7909.46
ORD029839,2024-08-23,Size/Fit Issue,13111.32
ORD029850,2024-10-25,Size/Fit Issue,2351.55
ORD029858,2025-03-01,Quality Issue,4820.71
ORD029868,2024-05-28,Quality Issue,72234.69
ORD029875,2025-04-01,Damaged Product,53737.13
ORD029904,2025-09-10,Damaged Product,6929.21
ORD029924,2025-09-18,Wrong Product,2132.51
ORD029925,2025-09-13,Damaged Product,5200.39
ORD029926,2025-07-15,Late Delivery,31055.4
ORD029929,2025-11-02,Size/Fit Issue,1926.03
ORD029936,2025-04-02,Late Delivery,4722.57
ORD029967,2024-11-29,Late Delivery,15689.1
ORD029994,2024-07-06,Changed Mind,14830.9
ORD030064,2025-01-12,Size/Fit Issue,961.09
ORD030070,2025-09-22,Size/Fit Issue,1203.57
ORD030095,2025-03-21,Wrong Product,51791.96
ORD030104,2024-05-05,Quality Issue,1587.29
ORD030117,2025-06-30,Changed Mind,718.38
ORD030118,2024-05-25,Changed Mind,1310.56
ORD030121,2025-11-09,Quality Issue,5037.82
ORD030156,2025-11-25,Damaged Product,40798.49
ORD030163,2025-03-16,Wrong Product,30658.27
ORD030166,2024-10-16,Damaged Product,3986.77
ORD030173,2025-07-05,Changed Mind,9061.04
ORD030180,2025-09-06,Changed Mind,1382.69
ORD030192,2025-10-31,Damaged Product,687.29
ORD030205,2025-08-27,Quality Issue,50462.59
ORD030238,2025-07-20,Changed Mind,8409.41
ORD030287,2025-10-09,Damaged Product,16902.35
ORD030294,2025-04-15,Quality Issue,12421.56
ORD030318,2025-06-04,Quality Issue,13551.51
ORD030352,2025-10-25,Changed Mind,42235.02
ORD030360,2025-11-07,Changed Mind,18458.24
ORD030363,2024-11-13,Wrong Product,1094.09
ORD030367,2025-09-23,Size/Fit Issue,14160.27
ORD030373,2025-05-27,Changed Mind,17959.16
ORD030374,2025-08-10,Late Delivery,532.39
ORD030381,2025-11-04,Changed Mind,2342.51
ORD030383,2025-11-29,Late Delivery,1917.8
ORD030384,2024-12-30,Quality Issue,5659.76
ORD030385,2024-07-18,Wrong Product,339.3
ORD030386,2025-11-11,Damaged Product,13756.88
ORD030439,2025-01-01,Late Delivery,1566.64
ORD030471,2024-01-16,Wrong Product,63510.79
ORD030494,2025-11-20,Size/Fit Issue,30122.28
ORD030527,2025-01-31,Damaged Product,10480.59
ORD030563,2025-11-23,Late Delivery,17862.28
ORD030583,2025-06-28,Changed Mind,6802.82
ORD030598,2025-09-07,Changed Mind,1394.65
ORD030608,2025-06-12,Changed Mind,341.47
ORD030610,2025-04-04,Damaged Product,105811.35
ORD030653,2025-11-10,Size/Fit Issue,6747.74
ORD030654,2025-11-17,Changed Mind,43936.76
ORD030676,2025-10-10,Damaged Product,4636.44
ORD030681,2024-12-06,Wrong Product,1533.55
ORD030692,2025-11-15,Quality Issue,2346.5
ORD030707,2024-05-27,Late Delivery,104767.02
ORD030731,2024-10-22,Changed Mind,19765.97
ORD030732,2025-10-30,Size/Fit Issue,2704.52
ORD030749,2024-05-19,Late Delivery,7862.52
ORD030754,2025-12-01,Damaged Product,1904.27
ORD030774,2024-11-27,Damaged Product,18667.99
ORD030782,2025-10-08,Quality Issue,7758.11
ORD030784,2025-11-03,Damaged Product,965.53
ORD030806,2025-11-15,Quality Issue,2721.97
ORD030829,2025-06-10,Size/Fit Issue,22812.56
ORD030859,2025-11-19,Wrong Product,10921.47
ORD030866,2024-10-23,Damaged Product,31779.7
ORD030872,2026-01-05,Changed Mind,2079.02
ORD030896,2025-12-27,Changed Mind,8712.18
ORD030916,2025-10-17,Wrong Product,32641.27
ORD030926,2025-12-03,Late Delivery,34276.25
ORD030950,2025-04-09,Size/Fit Issue,36877.32
ORD031004,2025-03-14,Changed Mind,9084.09
ORD031055,2025-08-14,Damaged Product,4644.83
ORD031058,2024-01-31,Quality Issue,9711.93
ORD031071,2025-10-15,Changed Mind,207.69
ORD031080,2025-06-18,Quality Issue,13773.44
ORD031095,2025-05-07,Late Delivery,41513.52
ORD031135,2025-12-21,Changed Mind,7037.66
ORD031145,2025-08-27,Size/Fit Issue,685.11
ORD031196,2024-06-23,Wrong Product,2004.91
ORD031209,2025-06-13,Wrong Product,8875.96
ORD031216,2025-10-15,Size/Fit Issue,74611.96
ORD031284,2024-06-12,Late Delivery,56232.89
ORD031295,2025-11-30,Late Delivery,239.97
ORD031296,2024-12-30,Damaged Product,1343.23
ORD031306,2024-08-18,Size/Fit Issue,22559.02
ORD031341,2025-11-28,Size/Fit Issue,3668.43
ORD031359,2025-12-16,Changed Mind,17730.71
ORD031402,2025-12-05,Quality Issue,5791.41
ORD031411,2025-10-30,Size/Fit Issue,6372.27
ORD031437,2025-12-12,Quality Issue,3398.17
ORD031462,2024-06-07,Quality Issue,24313.7
ORD031472,2025-09-14,Damaged Product,3386.0
ORD031475,2025-09-18,Quality Issue,4742.57
ORD031484,2025-09-06,Late Delivery,6397.14
ORD031497,2025-09-02,Size/Fit Issue,58216.34
ORD031507,2025-04-01,Quality Issue,580.84
ORD031512,2025-11-21,Late Delivery,13770.36
ORD031595,2024-10-07,Quality Issue,8162.13
ORD031596,2024-09-27,Late Delivery,20323.93
ORD031623,2025-10-21,Size/Fit Issue,5217.11
ORD031674,2025-07-30,Changed Mind,32047.49
ORD031675,2025-05-12,Quality Issue,14601.56
ORD031684,2025-05-21,Size/Fit Issue,11003.18
ORD031693,2026-01-07,Size/Fit Issue,42241.67
ORD031720,2024-10-21,Quality Issue,406.0
ORD031724,2024-01-09,Quality Issue,29456.74
ORD031741,2025-05-21,Quality Issue,120672.86
ORD031756,2025-11-14,Quality Issue,3365.91
ORD031765,2025-11-27,Damaged Product,501.45
ORD031773,2024-03-01,Late Delivery,41928.64
ORD031781,2025-09-06,Changed Mind,352.96
ORD031798,2026-01-06,Wrong Product,5225.25
ORD031814,2024-09-14,Changed Mind,30222.15
ORD031817,2025-12-16,Size/Fit Issue,2301.31
ORD031846,2025-09-06,Damaged Product,5959.99
ORD031847,2024-06-01,Wrong Product,194.69
ORD031873,2025-07-11,Wrong Product,1038.66
ORD031887,2025-11-26,Late Delivery,66597.63
ORD031915,2025-10-19,Changed Mind,5994.27
ORD031924,2025-10-30,Changed Mind,8562.75
ORD031932,2024-07-25,Wrong Product,27203.14
ORD031951,2025-10-29,Changed Mind,15298.16
ORD031953,2024-03-26,Changed Mind,8657.95
ORD031962,2025-11-11,Size/Fit Issue,3406.73
ORD031964,2024-05-08,Damaged Product,5427.15
ORD031975,2025-12-18,Quality Issue,65274.67
ORD031984,2025-10-30,Quality Issue,9061.74
ORD031990,2026-01-03,Wrong Product,5849.32
ORD032001,2025-01-06,Damaged Product,1529.74
ORD032002,2024-08-28,Wrong Product,14315.66
ORD032011,2025-11-07,Late Delivery,5401.23
ORD032037,2024-08-13,Wrong Product,444.49
ORD032061,2024-03-06,Damaged Product,16432.22
ORD032095,2024-03-28,Changed Mind,63800.39
ORD032100,2025-12-10,Quality Issue,1093.48
ORD032116,2025-10-17,Late Delivery,10346.04
ORD032121,2024-05-11,Late Delivery,12002.96
ORD032145,2025-07-13,Quality Issue,29246.05
ORD032158,2025-06-06,Size/Fit Issue,5782.21
ORD032174,2025-12-21,Size/Fit Issue,2549.67
ORD032200,2025-02-06,Late Delivery,12355.59
ORD032211,2024-06-18,Changed Mind,38323.44
ORD032217,2025-02-04,Quality Issue,853.03
ORD032220,2025-01-27,Changed Mind,3855.95
ORD032224,2025-06-09,Size/Fit Issue,37023.4
ORD032239,2025-10-27,Damaged Product,6162.94
ORD032249,2025-02-27,Damaged Product,1576.52
ORD032251,2025-10-11,Changed Mind,21071.2
ORD032257,2024-10-15,Wrong Product,993.11
ORD032258,2025-11-22,Wrong Product,9599.55
ORD032292,2024-12-12,Quality Issue,9711.04
ORD032295,2025-12-25,Size/Fit Issue,2505.57
ORD032307,2025-10-07,Damaged Product,5849.96
ORD032322,2024-11-13,Quality Issue,1011.18
ORD032335,2025-03-26,Wrong Product,105525.2
ORD032354,2025-08-23,Late Delivery,100960.29
ORD032395,2025-02-08,Size/Fit Issue,8925.46
ORD032401,2025-07-01,Quality Issue,45346.52
ORD032437,2024-11-22,Wrong Product,28586.14
ORD032442,2025-11-23,Changed Mind,12399.91
ORD032463,2025-10-25,Damaged Product,15028.02
ORD032474,2025-03-08,Wrong Product,6544.22
ORD032514,2025-04-26,Damaged Product,1751.06
ORD032516,2024-03-03,Quality Issue,595.61
ORD032535,2024-06-01,Damaged Product,5195.53
ORD032554,2025-04-03,Wrong Product,16680.3
ORD032559,2025-11-06,Size/Fit Issue,7360.39
ORD032569,2024-11-06,Changed Mind,250.69
ORD032593,2025-11-14,Quality Issue,2053.88
ORD032604,2025-10-06,Damaged Product,245.79
ORD032611,2025-04-07,Wrong Product,46106.71
ORD032637,2025-06-30,Size/Fit Issue,3982.7
ORD032638,2025-07-23,Wrong Product,89803.24
ORD032669,2024-08-13,Size/Fit Issue,2076.65
ORD032681,2025-12-23,Quality Issue,10626.0
ORD032698,2025-11-30,Changed Mind,1504.77
ORD032711,2025-07-06,Damaged Product,15466.39
ORD032728,2026-01-02,Size/Fit Issue,802.47
ORD032763,2025-01-27,Quality Issue,8794.45
ORD032770,2025-11-10,Damaged Product,96481.09
ORD032773,2026-01-07,Changed Mind,5492.05
ORD032783,2024-06-19,Wrong Product,110734.59
ORD032788,2025-06-14,Changed Mind,6678.35
ORD032802,2024-11-11,Damaged Product,467.0
ORD032812,2025-12-28,Late Delivery,10694.03
ORD032831,2024-09-30,Changed Mind,10363.32
ORD032858,2025-09-07,Damaged Product,9223.23
ORD032859,2025-02-26,Size/Fit Issue,1514.57
ORD032878,2025-09-20,Wrong Product,820.0
ORD032881,2025-09-21,Size/Fit Issue,41770.82
ORD032890,2024-08-19,Changed Mind,1105.24
ORD032897,2025-10-01,Size/Fit Issue,26887.76
ORD032933,2024-06-04,Late Delivery,6639.49
ORD032946,2025-08-02,Damaged Product,3410.52
ORD032962,2025-09-29,Changed Mind,222.82
ORD033000,2025-12-31,Damaged Product,7046.31
ORD033007,2025-11-26,Quality Issue,17138.19
ORD033013,2025-02-19,Changed Mind,16037.18
ORD033016,2025-10-10,Changed Mind,13022.02
ORD033019,2024-03-23,Size/Fit Issue,9446.97
ORD033037,2025-09-23,Quality Issue,3059.33
ORD033049,2025-04-18,Changed Mind,4409.86
ORD033066,2025-12-18,Quality Issue,2260.43
ORD033076,2025-12-20,Changed Mind,7221.16
ORD033093,2025-12-11,Changed Mind,5296.49
ORD033095,2025-09-13,Changed Mind,4976.96
ORD033100,2024-07-29,Changed Mind,2509.47
ORD033115,2025-10-13,Changed Mind,4978.06
ORD033134,2025-11-17,Size/Fit Issue,36809.82
ORD033142,2025-06-13,Damaged Product,3795.76
ORD033153,2025-04-29,Damaged Product,25072.45
ORD033155,2025-10-24,Changed Mind,4472.61
ORD033156,2024-06-29,Damaged Product,879.97
ORD033160,2024-01-12,Wrong Product,895.46
ORD033163,2025-08-21,Size/Fit Issue,6669.29
ORD033170,2025-07-27,Damaged Product,8011.96
ORD033171,2024-06-16,Damaged Product,1723.09
ORD033197,2025-12-13,Quality Issue,91155.62
ORD033201,2025-08-13,Damaged Product,2623.47
ORD033220,2025-03-29,Quality Issue,6605.43
ORD033235,2024-10-27,Size/Fit Issue,561.15
ORD033259,2025-08-16,Wrong Product,2708.54
ORD033268,2024-10-16,Damaged Product,6640.66
ORD033274,2025-03-23,Size/Fit Issue,5518.49
ORD033285,2025-02-19,Size/Fit Issue,6973.18
ORD033334,2025-11-08,Quality Issue,3670.73
ORD033350,2024-12-08,Changed Mind,2132.85
ORD033371,2025-06-15,Quality Issue,1591.78
ORD033382,2025-12-29,Damaged Product,2480.19
ORD033388,2025-09-09,Changed Mind,1440.13
ORD033424,2025-11-15,Quality Issue,837.9
ORD033425,2024-12-08,Changed Mind,1477.2
ORD033441,2025-11-29,Late Delivery,1972.05
ORD033454,2024-08-29,Changed Mind,13923.56
ORD033459,2025-08-17,Late Delivery,764.84
ORD033460,2025-08-19,Changed Mind,32732.57
ORD033473,2025-08-04,Damaged Product,897.33
ORD033489,2025-12-05,Size/Fit Issue,3690.06
ORD033518,2025-12-02,Changed Mind,10683.17
ORD033523,2025-06-16,Quality Issue,1130.06
ORD033534,2025-05-10,Wrong Product,22747.99
ORD033536,2025-10-02,Quality Issue,23058.67
ORD033585,2025-09-10,Damaged Product,7364.16
ORD033591,2025-09-13,Changed Mind,8154.26
ORD033605,2025-10-12,Size/Fit Issue,2340.04
ORD033673,2024-12-29,Damaged Product,7237.4
ORD033674,2025-04-30,Wrong Product,31305.46
ORD033687,2025-10-25,Changed Mind,2281.54
ORD033698,2024-07-05,Damaged Product,31023.76
ORD033702,2024-04-28,Damaged Product,29021.99
ORD033703,2024-07-06,Size/Fit Issue,2790.09
ORD033712,2025-07-25,Quality Issue,35158.54
ORD033713,2025-01-15,Quality Issue,3292.05
ORD033721,2024-12-24,Wrong Product,23092.3
ORD033728,2025-06-18,Size/Fit Issue,1748.37
ORD033776,2025-12-27,Changed Mind,1645.73
ORD033794,2025-08-19,Quality Issue,9388.85
ORD033804,2025-08-27,Damaged Product,590.21
ORD033817,2025-04-23,Damaged Product,11687.85
ORD033819,2024-02-29,Late Delivery,10102.55
ORD033833,2025-08-14,Quality Issue,530.89
ORD033850,2025-07-21,Late Delivery,21587.04
ORD033895,2026-01-09,Damaged Product,32596.74
ORD033908,2025-04-19,Late Delivery,666.54
ORD033916,2025-05-13,Changed Mind,30914.48
ORD033919,2025-11-18,Damaged Product,32532.17
ORD033922,2025-03-02,Quality Issue,34414.66
ORD033923,2024-01-08,Quality Issue,2116.05
ORD033926,2025-12-03,Wrong Product,3648.3
ORD033936,2025-11-10,Wrong Product,913.26
ORD033939,2025-01-11,Quality Issue,101942.95
ORD033940,2024-01-16,Late Delivery,7339.29
ORD033953,2024-12-31,Changed Mind,55088.27
ORD033959,2026-01-04,Changed Mind,246.59
ORD033969,2024-11-05,Wrong Product,2453.0
ORD033975,2025-09-06,Wrong Product,1274.07
ORD033998,2024-07-22,Late Delivery,9787.22
ORD034009,2025-10-15,Damaged Product,3270.65
ORD034023,2025-06-26,Size/Fit Issue,8346.8
ORD034038,2025-01-07,Wrong Product,3935.98
ORD034054,2026-01-09,Late Delivery,4554.35
ORD034058,2025-04-12,Quality Issue,154721.43
ORD034120,2025-02-01,Changed Mind,12700.81
ORD034142,2025-08-03,Damaged Product,590.14
ORD034145,2025-06-24,Damaged Product,40923.31
ORD034205,2025-06-30,Changed Mind,2063.25
ORD034213,2024-05-22,Changed Mind,4380.77
ORD034219,2024-06-05,Quality Issue,8346.09
ORD034220,2024-12-05,Size/Fit Issue,1825.78
ORD034229,2025-11-17,Size/Fit Issue,11318.06
ORD034235,2024-10-24,Changed Mind,3901.44
ORD034248,2025-08-29,Size/Fit Issue,33861.0
ORD034249,2025-07-02,Late Delivery,813.44
ORD034257,2025-05-30,Changed Mind,15712.66
ORD034266,2025-11-05,Quality Issue,5805.94
ORD034271,2024-04-10,Late Delivery,4027.46
ORD034273,2024-03-31,Wrong Product,25734.18
ORD034286,2026-01-02,Late Delivery,1573.14
ORD034298,2025-05-09,Damaged Product,8887.83
ORD034299,2025-02-10,Quality Issue,2748.08
ORD034303,2025-05-14,Changed Mind,6345.79
ORD034306,2025-12-03,Quality Issue,11436.02
ORD034308,2025-09-01,Damaged Product,10636.76
ORD034350,2025-08-19,Damaged Product,1159.37
ORD034356,2025-11-08,Changed Mind,9893.75
ORD034366,2025-06-09,Changed Mind,276.31
ORD034373,2024-12-11,Damaged Product,89055.84
ORD034386,2024-05-31,Changed Mind,13415.31
ORD034419,2025-10-08,Damaged Product,761.93
ORD034431,2024-12-14,Damaged Product,12438.67
ORD034434,2024-11-08,Wrong Product,364.94
ORD034447,2024-07-08,Changed Mind,3834.5
ORD034487,2025-06-16,Changed Mind,8964.59
ORD034498,2024-09-27,Quality Issue,40485.81
ORD034515,2025-06-06,Damaged Product,7478.7
ORD034584,2025-03-20,Damaged Product,18145.61
ORD034599,2024-10-22,Changed Mind,17503.75
ORD034600,2025-06-17,Damaged Product,1097.09
ORD034609,2025-11-16,Late Delivery,6380.3
ORD034621,2026-01-07,Late Delivery,22253.1
ORD034641,2025-12-18,Changed Mind,4322.6
ORD034643,2025-11-03,Wrong Product,2778.05
ORD034646,2024-08-16,Quality Issue,5810.95
ORD034655,2025-08-13,Damaged Product,9674.64
ORD034658,2025-09-22,Changed Mind,13790.94
ORD034662,2024-12-08,Damaged Product,196.69
ORD034675,2025-10-02,Damaged Product,2189.94
ORD034679,2024-02-28,Size/Fit Issue,4130.18
ORD034681,2025-08-13,Size/Fit Issue,1850.74
ORD034684,2025-01-07,Damaged Product,23316.8
ORD034685,2025-04-29,Damaged Product,48828.73
ORD034702,2025-08-11,Changed Mind,7941.66
ORD034711,2025-06-07,Changed Mind,29325.17
ORD034716,2025-02-22,Damaged Product,153341.9
ORD034717,2025-03-03,Damaged Product,1522.01
ORD034734,2025-05-01,Late Delivery,27334.85
ORD034736,2025-11-04,Wrong Product,2671.96
ORD034739,2025-06-26,Late Delivery,9219.31
ORD034745,2025-05-05,Wrong Product,8663.63
ORD034758,2025-10-24,Changed Mind,3545.99
ORD034777,2025-12-09,Wrong Product,9947.79
ORD034798,2025-11-03,Wrong Product,1245.7
ORD034809,2025-05-01,Damaged Product,83741.13
ORD034817,2025-08-05,Quality Issue,45045.43
ORD034836,2025-07-13,Damaged Product,11805.48
ORD034853,2025-10-16,Size/Fit Issue,4060.52
ORD034861,2024-02-28,Wrong Product,17317.71
ORD034862,2025-02-21,Changed Mind,9976.9
ORD034891,2025-10-31,Late Delivery,56966.61
ORD034909,2025-03-26,Damaged Product,52319.5
ORD034918,2025-09-13,Size/Fit Issue,9741.06
ORD034937,2024-04-14,Quality Issue,2483.16
ORD034963,2025-12-24,Damaged Product,6007.4
ORD034978,2025-08-09,Quality Issue,1106.26
ORD034989,2025-10-19,Damaged Product,6365.73
ORD034991,2025-08-24,Changed Mind,103951.11
ORD034995,2025-07-19,Damaged Product,2377.53
ORD035003,2025-07-15,Damaged Product,760.59
ORD035005,2025-11-26,Quality Issue,120778.43
ORD035014,2025-07-12,Quality Issue,930.79
ORD035018,2025-10-25,Size/Fit Issue,900.69
ORD035031,2024-03-14,Damaged Product,3009.71
ORD035036,2025-12-21,Wrong Product,2402.21
ORD035076,2025-10-30,Late Delivery,8358.84
ORD035077,2026-01-05,Wrong Product,18372.1
ORD035090,2024-03-18,Late Delivery,56834.41
ORD035097,2025-09-06,Changed Mind,931.44
ORD035109,2025-03-10,Wrong Product,54569.28
ORD035115,2025-11-24,Late Delivery,549.26
ORD035136,2025-08-27,Late Delivery,19528.68
ORD035169,2025-12-14,Quality Issue,93787.69
ORD035220,2024-02-07,Damaged Product,5224.56
ORD035227,2025-07-10,Size/Fit Issue,110.42
ORD035233,2025-05-16,Late Delivery,6930.85
ORD035254,2024-06-25,Damaged Product,28044.61
ORD035273,2025-03-14,Changed Mind,9117.84
ORD035276,2024-07-01,Wrong Product,8742.82
ORD035296,2025-10-22,Damaged Product,53917.82
ORD035307,2025-07-09,Wrong Product,1141.4
ORD035325,2025-12-02,Size/Fit Issue,25608.63
ORD035338,2025-06-15,Changed Mind,12576.63
ORD035382,2025-11-12,Quality Issue,14227.26
ORD035383,2025-11-23,Damaged Product,784.47
ORD035385,2025-11-22,Changed Mind,51379.38
ORD035416,2025-06-15,Late Delivery,5855.67
ORD035424,2025-12-11,Damaged Product,61696.89
ORD035426,2025-08-22,Quality Issue,9455.08
ORD035441,2025-11-10,Damaged Product,4124.97
ORD035443,2025-05-11,Quality Issue,291.19
ORD035444,2025-08-21,Quality Issue,5416.33
ORD035456,2024-11-30,Late Delivery,3274.27
ORD035465,2025-11-24,Changed Mind,14789.62
ORD035468,2024-06-28,Quality Issue,5625.97
ORD035474,2025-11-04,Size/Fit Issue,4727.47
ORD035479,2025-11-13,Changed Mind,2681.82
ORD035486,2025-09-21,Damaged Product,5593.55
ORD035493,2025-07-06,Late Delivery,4941.46
ORD035513,2025-01-25,Damaged Product,47177.82
ORD035527,2025-04-16,Changed Mind,4343.98
ORD035554,2025-04-16,Changed Mind,6217.51
ORD035560,2024-08-11,Damaged Product,593.13
ORD035573,2025-11-08,Damaged Product,15372.6
ORD035591,2024-11-02,Late Delivery,8443.65
ORD035594,2025-07-19,Wrong Product,1075.44
ORD035609,2025-10-11,Changed Mind,1519.23
ORD035632,2024-03-09,Damaged Product,2581.8
ORD035636,2026-01-01,Size/Fit Issue,4163.7
ORD035637,2024-03-02,Changed Mind,2538.48
ORD035642,2025-07-13,Late Delivery,9688.52
ORD035645,2025-09-28,Wrong Product,2860.32
ORD035648,2025-05-02,Late Delivery,35225.58
ORD035681,2026-01-03,Wrong Product,4747.15
ORD035694,2025-12-01,Size/Fit Issue,14705.26
ORD035696,2025-10-24,Wrong Product,2437.76
ORD035701,2025-06-04,Damaged Product,2753.76
ORD035729,2024-05-12,Quality Issue,11706.16
ORD035731,2024-04-23,Wrong Product,1835.63
ORD035738,2024-08-02,Changed Mind,765.68
ORD035741,2025-09-01,Damaged Product,19533.47
ORD035745,2025-09-13,Changed Mind,9434.11
ORD035748,2025-11-10,Size/Fit Issue,2946.1
ORD035751,2025-08-31,Damaged Product,7496.15
ORD035754,2025-07-04,Damaged Product,15599.68
ORD035769,2024-07-28,Late Delivery,17646.5
ORD035780,2024-11-18,Changed Mind,16284.59
ORD035789,2024-10-06,Damaged Product,50892.76
ORD035807,2025-11-23,Size/Fit Issue,495.09
ORD035834,2024-10-20,Damaged Product,7728.08
ORD035853,2025-08-18,Changed Mind,291.39
ORD035857,2025-08-02,Damaged Product,26118.31
ORD035867,2025-10-15,Quality Issue,138572.52
ORD035868,2025-01-19,Changed Mind,16802.14
ORD035871,2025-08-29,Changed Mind,50558.94
ORD035876,2025-04-01,Damaged Product,30797.17
ORD035880,2025-12-26,Quality Issue,6447.02
ORD035919,2024-09-24,Size/Fit Issue,5335.08
ORD035933,2025-04-04,Size/Fit Issue,17154.8
ORD035946,2025-09-09,Size/Fit Issue,1601.7
ORD035950,2024-10-07,Quality Issue,12131.44
ORD035961,2026-01-04,Damaged Product,29618.43
ORD035963,2024-12-26,Changed Mind,27014.4
ORD035966,2025-11-04,Late Delivery,3282.74
ORD036014,2025-02-15,Quality Issue,1729.58
ORD036015,2025-09-07,Wrong Product,856.52
ORD036016,2025-02-19,Size/Fit Issue,10586.99
ORD036040,2025-03-31,Size/Fit Issue,165.59
ORD036054,2024-12-13,Damaged Product,324.26
ORD036055,2025-02-03,Wrong Product,8379.96
ORD036063,2025-11-04,Wrong Product,10509.36
ORD036066,2025-10-07,Changed Mind,1278.47
ORD036068,2025-08-18,Quality Issue,6846.34
ORD036075,2025-10-08,Quality Issue,6221.15
ORD036077,2024-06-17,Wrong Product,12991.13
ORD036097,2025-11-22,Damaged Product,3624.64
ORD036098,2024-02-20,Damaged Product,12735.49
ORD036106,2025-07-31,Changed Mind,35224.08
ORD036125,2025-11-21,Changed Mind,468.68
ORD036142,2024-11-14,Damaged Product,31741.55
ORD036143,2025-01-13,Quality Issue,25340.17
ORD036145,2025-10-25,Damaged Product,1208.51
ORD036157,2025-12-20,Wrong Product,7808.15
ORD036161,2025-10-19,Damaged Product,9855.19
ORD036162,2024-02-04,Wrong Product,93085.22
ORD036166,2025-10-12,Damaged Product,7272.76
ORD036178,2025-01-05,Wrong Product,13695.06
ORD036208,2024-09-13,Quality Issue,1681.88
ORD036210,2025-10-25,Size/Fit Issue,902.37
ORD036213,2025-08-30,Wrong Product,29482.99
ORD036232,2025-07-05,Changed Mind,12304.17
ORD036244,2024-05-18,Wrong Product,9534.04
ORD036247,2024-11-24,Damaged Product,1518.6
ORD036254,2024-11-20,Size/Fit Issue,16841.91
ORD036266,2025-12-27,Changed Mind,18955.95
ORD036283,2025-10-16,Size/Fit Issue,35932.99
ORD036288,2025-08-27,Quality Issue,47481.93
ORD036289,2025-08-16,Quality Issue,37861.75
ORD036295,2025-11-19,Damaged Product,9732.73
ORD036308,2024-09-04,Damaged Product,12326.41
ORD036313,2024-12-05,Damaged Product,32190.0
ORD036330,2024-10-25,Damaged Product,4846.54
ORD036349,2025-03-09,Quality Issue,39488.02
ORD036362,2025-11-22,Late Delivery,100559.61
ORD036371,2025-12-19,Damaged Product,205625.57
ORD036384,2025-12-14,Damaged Product,42524.55
ORD036391,2024-12-26,Wrong Product,652.7
ORD036406,2025-02-27,Changed Mind,1704.36
ORD036407,2024-11-17,Wrong Product,44523.49
ORD036412,2024-10-20,Quality Issue,9602.73
ORD036421,2025-09-26,Changed Mind,6739.95
ORD036441,2025-04-11,Size/Fit Issue,11134.25
ORD036465,2025-03-10,Size/Fit Issue,32818.75
ORD036494,2024-05-30,Damaged Product,269.43
ORD036524,2025-12-02,Damaged Product,69822.83
ORD036527,2025-10-22,Damaged Product,45416.97
ORD036540,2024-10-21,Quality Issue,1960.81
ORD036547,2025-02-23,Quality Issue,11757.86
ORD036548,2025-06-11,Quality Issue,1607.6
ORD036549,2024-05-05,Changed Mind,6117.71
ORD036562,2025-07-04,Quality Issue,9902.71
ORD036587,2024-03-06,Quality Issue,1866.0
ORD036604,2025-12-19,Damaged Product,11862.17
ORD036616,2025-03-14,Changed Mind,9725.94
ORD036625,2025-03-18,Changed Mind,52199.7
ORD036638,2025-10-24,Quality Issue,1176.63
ORD036665,2025-09-08,Damaged Product,19047.1
ORD036681,2024-10-20,Late Delivery,62169.51
ORD036684,2025-10-23,Changed Mind,3982.51
ORD036707,2025-12-10,Damaged Product,13868.15
ORD036745,2025-12-09,Changed Mind,2118.0
ORD036748,2025-05-28,Quality Issue,1904.73
ORD036783,2025-08-11,Changed Mind,441.17
ORD036792,2025-10-17,Size/Fit Issue,777.1
ORD036801,2024-09-08,Damaged Product,11536.76
ORD036803,2024-10-08,Wrong Product,34735.63
ORD036810,2025-12-27,Wrong Product,3705.87
ORD036826,2025-10-22,Wrong Product,11603.0
ORD036830,2024-10-01,Changed Mind,127513.82
ORD036837,2025-12-10,Late Delivery,82152.3
ORD036839,2024-12-30,Wrong Product,5337.11
ORD036845,2025-11-22,Size/Fit Issue,12175.16
ORD036846,2024-08-17,Late Delivery,3272.6
ORD036868,2025-12-06,Damaged Product,2808.99
ORD036878,2024-06-13,Damaged Product,8677.98
ORD036880,2025-08-01,Wrong Product,10693.89
ORD036893,2025-12-28,Late Delivery,4589.78
ORD036898,2025-12-09,Size/Fit Issue,6917.33
ORD036904,2024-11-04,Changed Mind,3272.63
ORD036907,2025-10-14,Changed Mind,37739.34
ORD036908,2025-11-21,Changed Mind,1510.58
ORD036941,2025-10-20,Late Delivery,3739.15
ORD036956,2025-12-26,Quality Issue,18373.26
ORD036963,2025-11-11,Size/Fit Issue,24835.5
ORD036985,2025-10-13,Damaged Product,8683.04
ORD036987,2025-11-13,Size/Fit Issue,6434.07
ORD036996,2024-09-19,Damaged Product,3946.6
ORD037008,2025-10-31,Changed Mind,4389.97
ORD037019,2024-08-10,Damaged Product,6607.48
ORD037028,2025-09-01,Wrong Product,6302.23
ORD037035,2025-08-19,Size/Fit Issue,11256.41
ORD037058,2026-01-09,Wrong Product,8031.32
ORD037099,2025-12-09,Wrong Product,18111.78
ORD037103,2024-07-01,Wrong Product,1820.75
ORD037126,2025-10-25,Quality Issue,14143.93
ORD037138,2025-10-26,Changed Mind,718.66
ORD037144,2025-10-22,Damaged Product,3076.08
ORD037151,2024-07-18,Wrong Product,1445.41
ORD037162,2024-10-31,Changed Mind,11545.31
ORD037164,2025-12-24,Quality Issue,1400.57
ORD037175,2024-08-14,Damaged Product,39847.1
ORD037202,2025-10-25,Size/Fit Issue,4729.75
ORD037232,2025-07-24,Changed Mind,874.94
ORD037251,2025-08-09,Late Delivery,23197.22
ORD037266,2025-07-06,Size/Fit Issue,5899.26
ORD037291,2025-11-14,Quality Issue,2597.52
ORD037295,2025-09-01,Damaged Product,1818.92
ORD037304,2025-05-21,Damaged Product,25848.47
ORD037309,2024-12-17,Damaged Product,22112.64
ORD037315,2024-09-06,Quality Issue,30752.08
ORD037331,2025-07-31,Size/Fit Issue,5529.71
ORD037332,2025-11-23,Quality Issue,577.91
ORD037341,2025-12-16,Quality Issue,28453.79
ORD037345,2025-10-31,Late Delivery,21355.97
ORD037375,2025-11-30,Size/Fit Issue,2237.65
ORD037376,2025-12-03,Damaged Product,5748.3
ORD037379,2024-12-15,Quality Issue,203237.78
ORD037381,2025-12-13,Wrong Product,8962.89
ORD037386,2024-09-19,Quality Issue,6715.3
ORD037395,2025-11-30,Changed Mind,781.49
ORD037430,2025-05-05,Damaged Product,3855.84
ORD037459,2025-12-22,Changed Mind,27815.6
ORD037463,2025-12-31,Late Delivery,922.17
ORD037494,2025-05-21,Quality Issue,18573.94
ORD037519,2025-11-09,Size/Fit Issue,195.64
ORD037520,2025-08-23,Quality Issue,4194.77
ORD037524,2025-12-16,Size/Fit Issue,13670.89
ORD037540,2024-03-14,Wrong Product,380.79
ORD037550,2025-05-19,Damaged Product,18465.21
ORD037569,2024-07-02,Changed Mind,2343.24
ORD037580,2025-10-27,Damaged Product,47268.6
ORD037589,2025-05-09,Quality Issue,2207.74
ORD037617,2025-10-11,Damaged Product,10166.79
ORD037628,2025-03-27,Wrong Product,663.86
ORD037640,2025-03-12,Wrong Product,436.87
ORD037649,2025-08-01,Damaged Product,2715.14
ORD037659,2024-09-23,Wrong Product,15478.47
ORD037721,2024-10-31,Damaged Product,10417.18
ORD037732,2025-07-19,Damaged Product,8500.52
ORD037747,2024-04-02,Wrong Product,2711.04
ORD037754,2025-10-19,Changed Mind,1890.65
ORD037758,2025-12-12,Damaged Product,23837.58
ORD037774,2024-07-24,Size/Fit Issue,8329.54
ORD037816,2025-11-17,Late Delivery,25130.94
ORD037841,2025-01-14,Wrong Product,2462.82
ORD037843,2025-10-12,Quality Issue,1121.59
ORD037846,2025-03-11,Wrong Product,471.66
ORD037903,2025-02-02,Quality Issue,3581.99
ORD037937,2025-10-20,Wrong Product,6977.0
ORD037948,2025-06-13,Damaged Product,5831.53
ORD037954,2025-12-10,Wrong Product,7709.69
ORD037965,2025-08-26,Size/Fit Issue,6263.29
ORD037973,2025-10-24,Damaged Product,2195.45
ORD037983,2025-06-06,Damaged Product,8460.35
ORD037996,2025-12-14,Size/Fit Issue,236817.81
ORD038005,2025-10-23,Changed Mind,4444.3
ORD038014,2025-08-28,Wrong Product,2484.17
ORD038031,2024-08-31,Damaged Product,1066.53
ORD038042,2025-06-16,Quality Issue,348.27
ORD038079,2024-11-26,Changed Mind,3846.17
ORD038099,2024-10-26,Damaged Product,1098.54
ORD038100,2025-07-01,Changed Mind,20678.7
ORD038110,2025-06-10,Damaged Product,1721.21
ORD038134,2025-09-12,Quality Issue,78390.04
ORD038135,2025-10-12,Size/Fit Issue,3324.79
ORD038138,2025-09-23,Quality Issue,7664.71
ORD038185,2025-08-02,Quality Issue,4573.11
ORD038222,2026-01-06,Damaged Product,39489.63
ORD038224,2024-02-22,Size/Fit Issue,21034.16
ORD038231,2024-09-16,Changed Mind,19975.64
ORD038232,2025-10-17,Size/Fit Issue,3116.75
ORD038234,2024-09-17,Changed Mind,12973.79
ORD038245,2025-11-04,Quality Issue,8335.41
ORD038253,2025-06-24,Quality Issue,7865.77
ORD038254,2025-02-13,Quality Issue,2761.37
ORD038264,2025-10-11,Wrong Product,7634.03
ORD038274,2024-09-16,Quality Issue,1248.09
ORD038279,2025-11-23,Late Delivery,3498.11
ORD038280,2024-06-25,Damaged Product,1279.8
ORD038291,2024-10-05,Size/Fit Issue,9304.75
ORD038293,2025-10-02,Size/Fit Issue,19577.66
ORD038299,2025-08-17,Size/Fit Issue,3121.46
ORD038302,2025-09-23,Changed Mind,36532.12
ORD038311,2025-10-18,Size/Fit Issue,15620.06
ORD038312,2024-09-17,Damaged Product,1216.5
ORD038315,2025-10-18,Damaged Product,13610.5
ORD038325,2025-06-06,Damaged Product,1877.53
ORD038344,2025-11-14,Wrong Product,911.17
ORD038347,2025-08-13,Late Delivery,25544.58
ORD038373,2024-06-18,Size/Fit Issue,7848.06
ORD038379,2025-10-31,Quality Issue,253.65
ORD038403,2025-09-12,Quality Issue,20592.62
ORD038445,2025-12-14,Size/Fit Issue,13782.5
ORD038448,2025-09-08,Size/Fit Issue,7623.8
ORD038456,2025-11-05,Size/Fit Issue,609.04
ORD038479,2025-06-29,Quality Issue,367.8
ORD038492,2025-03-04,Damaged Product,15414.72
ORD038521,2025-10-06,Changed Mind,1636.42
ORD038546,2024-07-17,Changed Mind,7282.07
ORD038566,2025-08-29,Damaged Product,12703.37
ORD038577,2025-08-21,Quality Issue,3004.4
ORD038584,2025-10-23,Quality Issue,12446.02
ORD038592,2025-11-15,Damaged Product,8082.74
ORD038593,2025-02-11,Wrong Product,6933.17
ORD038599,2026-01-05,Wrong Product,2385.37
ORD038624,2025-12-05,Size/Fit Issue,256.17
ORD038649,2024-07-02,Damaged Product,34847.5
ORD038696,2024-01-28,Changed Mind,5785.89
ORD038698,2024-01-11,Changed Mind,22205.7
ORD038713,2025-11-07,Wrong Product,3199.79
ORD038742,2025-07-16,Damaged Product,1277.16
ORD038757,2025-08-14,Changed Mind,57407.77
ORD038760,2024-01-05,Changed Mind,4749.84
ORD038773,2024-09-09,Quality Issue,19124.74
ORD038778,2025-05-14,Size/Fit Issue,26758.67
ORD038785,2024-06-02,Changed Mind,11030.35
ORD038792,2024-08-01,Quality Issue,2929.86
ORD038818,2025-09-27,Wrong Product,29600.45
ORD038862,2025-03-09,Quality Issue,13341.61
ORD038868,2025-10-19,Wrong Product,5117.11
ORD038875,2024-09-21,Damaged Product,6077.67
ORD038891,2025-11-23,Quality Issue,437.23
ORD038915,2025-09-11,Changed Mind,11199.06
ORD038920,2025-10-14,Damaged Product,9178.4
ORD038927,2024-11-05,Late Delivery,281.79
ORD038943,2025-12-30,Size/Fit Issue,20173.52
ORD038957,2024-08-10,Changed Mind,2388.53
ORD038965,2025-10-15,Changed Mind,3546.62
ORD038968,2025-10-17,Wrong Product,16381.95
ORD038984,2025-12-23,Quality Issue,13530.35
ORD039002,2025-11-16,Quality Issue,1946.77
ORD039013,2024-11-24,Quality Issue,2511.82
ORD039018,2025-05-08,Changed Mind,2500.73
ORD039030,2025-12-26,Quality Issue,175673.66
ORD039043,2025-11-14,Late Delivery,14050.46
ORD039081,2025-06-14,Changed Mind,1674.61
ORD039099,2025-10-03,Damaged Product,49511.69
ORD039118,2024-11-30,Quality Issue,1314.6
ORD039127,2025-05-20,Quality Issue,2010.01
ORD039135,2025-12-07,Changed Mind,9449.76
ORD039145,2025-06-11,Wrong Product,957.74
ORD039157,2025-08-01,Late Delivery,35931.64
ORD039161,2025-09-08,Quality Issue,2161.24
ORD039192,2024-12-25,Changed Mind,2852.85
ORD039194,2025-06-26,Late Delivery,15274.26
ORD039207,2025-11-02,Late Delivery,2044.64
ORD039209,2025-09-25,Damaged Product,9322.01
ORD039210,2024-10-14,Changed Mind,4152.83
ORD039216,2025-02-07,Quality Issue,2122.67
ORD039231,2025-11-11,Quality Issue,1332.97
ORD039232,2024-11-29,Changed Mind,856.29
ORD039243,2025-11-11,Wrong Product,3905.53
ORD039244,2024-07-21,Wrong Product,7238.12
ORD039278,2024-08-19,Wrong Product,2767.05
ORD039282,2025-01-03,Wrong Product,5037.77
ORD039288,2025-06-21,Damaged Product,5155.74
ORD039303,2025-11-18,Changed Mind,4812.33
ORD039318,2025-12-06,Wrong Product,26594.77
ORD039331,2025-12-22,Size/Fit Issue,637.47
ORD039333,2025-10-28,Quality Issue,16007.42
ORD039351,2025-06-04,Size/Fit Issue,86401.35
ORD039362,2025-09-14,Size/Fit Issue,4907.95
ORD039386,2025-09-25,Damaged Product,4168.01
ORD039391,2025-09-18,Damaged Product,31042.51
ORD039399,2025-12-30,Quality Issue,3201.58
ORD039408,2025-03-25,Changed Mind,8154.34
ORD039428,2025-05-18,Damaged Product,3268.12
ORD039440,2024-08-04,Wrong Product,47634.39
ORD039457,2025-11-08,Damaged Product,45413.8
ORD039501,2024-09-17,Changed Mind,2926.05
ORD039505,2025-02-24,Wrong Product,2194.36
ORD039508,2025-11-03,Size/Fit Issue,1391.12
ORD039535,2025-03-05,Wrong Product,513.29
ORD039547,2025-10-13,Wrong Product,6285.75
ORD039556,2025-11-04,Quality Issue,4709.55
ORD039566,2025-06-02,Damaged Product,5076.45
ORD039596,2025-11-23,Size/Fit Issue,9960.49
ORD039613,2024-10-27,Size/Fit Issue,5218.09
ORD039615,2025-01-18,Changed Mind,24106.26
ORD039617,2025-04-21,Wrong Product,99489.07
ORD039655,2025-02-03,Damaged Product,575.09
ORD039657,2025-10-01,Late Delivery,5706.11
ORD039659,2024-12-22,Quality Issue,10647.65
ORD039664,2024-10-22,Quality Issue,7919.53
ORD039706,2025-09-11,Damaged Product,13706.15
ORD039708,2025-07-28,Size/Fit Issue,4696.25
ORD039719,2025-01-13,Size/Fit Issue,72046.41
ORD039725,2024-02-25,Size/Fit Issue,172.89
ORD039727,2026-01-11,Quality Issue,22684.01
ORD039737,2025-10-07,Wrong Product,9410.06
ORD039758,2025-05-23,Size/Fit Issue,662.95
ORD039777,2025-11-17,Changed Mind,6278.54
ORD039782,2025-07-09,Changed Mind,64021.64
ORD039786,2025-05-26,Changed Mind,591.2
ORD039819,2025-09-01,Size/Fit Issue,5479.01
ORD039824,2025-01-19,Quality Issue,4670.28
ORD039834,2024-10-22,Wrong Product,23451.67
ORD039840,2025-07-12,Damaged Product,17157.0
ORD039854,2025-11-08,Late Delivery,2120.79
ORD039855,2024-11-13,Changed Mind,211.56
ORD039912,2024-04-16,Damaged Product,461.72
ORD039927,2025-12-06,Quality Issue,665.47
ORD039935,2024-03-25,Quality Issue,2793.45
ORD039939,2024-08-24,Damaged Product,7325.6
ORD039949,2025-12-15,Changed Mind,17367.78
ORD039975,2025-03-12,Late Delivery,17913.91
ORD039979,2024-02-04,Wrong Product,44693.43
ORD039985,2024-05-30,Size/Fit Issue,21600.0
ORD039996,2025-11-16,Quality Issue,12112.48
ORD040001,2026-01-11,Changed Mind,13530.53
ORD040004,2024-09-24,Quality Issue,12378.61
ORD040006,2024-06-11,Wrong Product,4794.55
ORD040013,2025-05-14,Wrong Product,3322.43
ORD040037,2024-09-19,Late Delivery,136147.36
ORD040038,2026-01-06,Wrong Product,6730.6
ORD040045,2025-02-26,Quality Issue,1748.88
ORD040075,2025-12-20,Late Delivery,6955.55
ORD040078,2025-11-03,Late Delivery,1462.22
ORD040094,2025-04-27,Damaged Product,23479.39
ORD040105,2025-05-28,Size/Fit Issue,16819.64
ORD040124,2025-10-28,Wrong Product,8831.36
ORD040126,2025-11-26,Quality Issue,3654.67
ORD040134,2025-12-24,Changed Mind,6309.91
ORD040151,2025-08-06,Damaged Product,911.37
ORD040168,2025-05-19,Late Delivery,7146.56
ORD040172,2025-09-01,Size/Fit Issue,1525.87
ORD040173,2025-08-08,Late Delivery,10048.72
ORD040188,2025-01-04,Changed Mind,32358.48
ORD040212,2025-02-23,Damaged Product,24341.47
ORD040215,2025-03-03,Late Delivery,67489.95
ORD040230,2025-07-18,Late Delivery,5152.33
ORD040240,2024-08-31,Changed Mind,8790.51
ORD040284,2025-10-15,Size/Fit Issue,92353.45
ORD040323,2025-10-29,Wrong Product,2545.22
ORD040330,2025-10-23,Size/Fit Issue,167.38
ORD040336,2024-09-09,Damaged Product,27905.16
ORD040338,2024-08-25,Late Delivery,1222.11
ORD040340,2025-06-07,Damaged Product,16796.65
ORD040345,2025-05-17,Damaged Product,713.03
ORD040359,2025-06-04,Changed Mind,12441.26
ORD040370,2025-12-09,Damaged Product,11749.77
ORD040373,2025-10-25,Damaged Product,1429.98
ORD040391,2024-06-15,Quality Issue,1076.85
ORD040395,2025-10-30,Wrong Product,15153.06
ORD040398,2025-08-31,Damaged Product,739.24
ORD040400,2024-03-22,Changed Mind,41873.42
ORD040404,2024-02-16,Changed Mind,8167.63
ORD040417,2025-08-15,Quality Issue,195.82
ORD040428,2024-12-26,Quality Issue,523.6
ORD040443,2024-03-14,Size/Fit Issue,602.88
ORD040451,2025-07-18,Quality Issue,9339.25
ORD040456,2025-09-05,Wrong Product,1834.43
ORD040467,2025-12-04,Changed Mind,3790.91
ORD040470,2024-10-11,Changed Mind,12437.95
ORD040496,2025-12-31,Changed Mind,8744.81
ORD040533,2024-07-26,Changed Mind,6976.87
ORD040545,2024-06-30,Changed Mind,7366.92
ORD040575,2025-08-28,Changed Mind,2598.76
ORD040594,2025-12-06,Changed Mind,7475.7
ORD040613,2025-01-16,Size/Fit Issue,5231.25
ORD040615,2025-07-22,Damaged Product,7572.34
ORD040661,2025-11-22,Quality Issue,16461.71
ORD040671,2025-09-15,Damaged Product,37698.2
ORD040684,2025-08-23,Size/Fit Issue,1062.55
ORD040691,2025-01-06,Size/Fit Issue,4129.2
ORD040696,2025-09-13,Wrong Product,13521.24
ORD040697,2024-11-12,Changed Mind,104435.68
ORD040698,2025-07-18,Quality Issue,22600.79
ORD040705,2025-11-20,Wrong Product,216589.69
ORD040706,2025-08-03,Size/Fit Issue,1545.38
ORD040713,2025-12-21,Size/Fit Issue,9647.79
ORD040717,2025-12-29,Changed Mind,7032.81
ORD040733,2025-05-07,Changed Mind,3027.11
ORD040741,2025-05-07,Changed Mind,13593.33
ORD040762,2025-04-12,Wrong Product,1475.65
ORD040785,2025-04-27,Wrong Product,1648.82
ORD040826,2024-10-11,Changed Mind,16057.29
ORD040843,2025-03-29,Damaged Product,34047.01
ORD040880,2025-12-29,Wrong Product,38117.17
ORD040888,2025-09-07,Changed Mind,9825.37
ORD040894,2025-11-04,Size/Fit Issue,141750.59
ORD040924,2024-12-30,Late Delivery,6336.82
ORD040935,2025-12-13,Changed Mind,31419.46
ORD040948,2025-08-06,Damaged Product,7351.25
ORD040957,2025-10-01,Changed Mind,35613.69
ORD040966,2025-08-09,Quality Issue,74583.0
ORD040987,2025-01-21,Damaged Product,27292.89
ORD041025,2024-06-20,Quality Issue,3190.2
ORD041033,2025-10-20,Damaged Product,441.43
ORD041040,2025-10-08,Size/Fit Issue,982.08
ORD041047,2025-12-23,Size/Fit Issue,1155.11
ORD041051,2025-05-09,Damaged Product,148.74
ORD041058,2024-03-15,Damaged Product,1381.59
ORD041061,2024-10-31,Changed Mind,2421.28
ORD041065,2025-08-17,Damaged Product,21559.98
ORD041070,2025-02-19,Size/Fit Issue,3631.43
ORD041072,2025-09-05,Wrong Product,53813.21
ORD041084,2025-12-07,Changed Mind,9259.56
ORD041090,2025-06-09,Quality Issue,350.15
ORD041109,2025-07-03,Size/Fit Issue,3250.18
ORD041110,2025-09-05,Size/Fit Issue,3477.16
ORD041176,2025-11-22,Damaged Product,33106.45
ORD041178,2024-11-25,Changed Mind,5601.18
ORD041192,2025-12-31,Wrong Product,5840.62
ORD041216,2025-11-09,Size/Fit Issue,1848.31
ORD041243,2025-12-09,Size/Fit Issue,5351.38
ORD041252,2025-08-22,Late Delivery,548.6
ORD041257,2025-10-20,Damaged Product,18751.72
ORD041275,2025-09-17,Late Delivery,1153.54
ORD041278,2025-06-11,Size/Fit Issue,465.88
ORD041293,2025-05-24,Quality Issue,51334.67
ORD041294,2025-06-10,Changed Mind,15256.57
ORD041304,2025-10-16,Damaged Product,7616.25
ORD041325,2025-09-06,Wrong Product,13531.41
ORD041353,2024-05-25,Quality Issue,3652.29
ORD041364,2024-09-17,Size/Fit Issue,9916.46
ORD041386,2025-12-16,Quality Issue,2535.9
ORD041409,2025-08-31,Quality Issue,9991.7
ORD041428,2025-06-09,Damaged Product,1304.63
ORD041439,2025-03-27,Changed Mind,5031.64
ORD041464,2025-03-20,Size/Fit Issue,14603.34
ORD041491,2024-11-20,Late Delivery,320.92
ORD041513,2025-11-14,Wrong Product,44815.46
ORD041525,2025-12-31,Late Delivery,990.54
ORD041551,2025-03-13,Quality Issue,8000.24
ORD041552,2025-11-17,Changed Mind,735.69
ORD041578,2025-03-09,Wrong Product,43541.62
ORD041600,2025-10-11,Size/Fit Issue,53421.1
ORD041619,2025-06-19,Changed Mind,9779.96
ORD041647,2025-04-05,Changed Mind,1776.82
ORD041655,2025-11-24,Late Delivery,1624.13
ORD041659,2025-09-26,Wrong Product,3556.33
ORD041666,2025-06-02,Changed Mind,1132.71
ORD041678,2025-05-19,Damaged Product,4197.93
ORD041732,2025-02-05,Changed Mind,22571.29
ORD041771,2025-08-03,Changed Mind,29382.12
ORD041774,2024-12-25,Size/Fit Issue,1423.95
ORD041786,2025-05-20,Changed Mind,28878.78
ORD041794,2024-04-11,Size/Fit Issue,18816.49
ORD041813,2026-01-05,Size/Fit Issue,9890.05
ORD041822,2025-11-08,Size/Fit Issue,16013.78
ORD041833,2025-03-12,Changed Mind,99204.8
ORD041834,2025-03-10,Changed Mind,10938.15
ORD041840,2025-03-20,Size/Fit Issue,4325.97
ORD041841,2025-12-21,Changed Mind,4193.31
ORD041842,2024-03-10,Late Delivery,20964.54
ORD041856,2025-11-06,Changed Mind,69800.83
ORD041866,2025-10-31,Late Delivery,26058.45
ORD041882,2024-11-17,Damaged Product,43074.08
ORD041884,2024-10-15,Quality Issue,11689.86
ORD041955,2024-06-22,Changed Mind,19094.83
ORD041960,2025-11-18,Quality Issue,9287.56
ORD041973,2024-10-08,Size/Fit Issue,1558.17
ORD041977,2025-11-13,Quality Issue,3085.22
ORD041980,2025-03-12,Quality Issue,23588.05
ORD041985,2024-11-24,Late Delivery,273.26
ORD041994,2024-03-30,Changed Mind,279.86
ORD042003,2024-11-24,Size/Fit Issue,2274.28
ORD042045,2025-05-15,Damaged Product,2099.46
ORD042047,2025-10-21,Wrong Product,3477.24
ORD042067,2025-10-21,Size/Fit Issue,23488.14
ORD042083,2025-12-20,Wrong Product,7916.04
ORD042107,2025-02-23,Wrong Product,4179.02
ORD042109,2025-08-12,Quality Issue,7759.7
ORD042116,2025-10-17,Quality Issue,858.61
ORD042118,2025-11-06,Quality Issue,3692.14
ORD042119,2025-11-28,Quality Issue,26140.53
ORD042163,2025-12-24,Quality Issue,15802.28
ORD042211,2025-06-26,Quality Issue,7868.57
ORD042216,2024-11-13,Quality Issue,1181.36
ORD042218,2025-12-13,Damaged Product,18828.26
ORD042222,2025-01-14,Changed Mind,14992.61
ORD042232,2025-12-18,Changed Mind,5049.78
ORD042237,2024-11-07,Changed Mind,3457.25
ORD042238,2024-11-17,Size/Fit Issue,4516.88
ORD042243,2024-08-25,Changed Mind,5549.4
ORD042245,2025-07-21,Quality Issue,1813.13
ORD042254,2026-01-06,Quality Issue,6392.42
ORD042258,2025-12-11,Damaged Product,275.24
ORD042270,2024-10-21,Size/Fit Issue,7041.57
ORD042275,2025-06-08,Wrong Product,6625.58
ORD042276,2025-08-12,Changed Mind,1115.56
ORD042296,2024-06-21,Late Delivery,972.04
ORD042336,2024-10-02,Quality Issue,3515.37
ORD042341,2025-10-23,Size/Fit Issue,10481.71
ORD042362,2024-02-10,Damaged Product,57169.97
ORD042392,2025-05-31,Changed Mind,5249.46
ORD042397,2025-11-02,Damaged Product,1633.39
ORD042399,2024-06-07,Damaged Product,535.97
ORD042402,2024-08-22,Damaged Product,771.72
ORD042416,2024-08-10,Changed Mind,891.0
ORD042425,2025-09-29,Quality Issue,85650.74
ORD042435,2025-12-12,Quality Issue,21040.73
ORD042460,2025-06-01,Damaged Product,217.13
ORD042462,2025-12-11,Changed Mind,19920.19
ORD042468,2025-09-13,Quality Issue,20021.48
ORD042471,2025-03-12,Changed Mind,32779.1
ORD042482,2025-10-21,Quality Issue,10113.57
ORD042504,2025-08-21,Size/Fit Issue,2705.87
ORD042510,2024-04-30,Damaged Product,325.18
ORD042537,2025-10-10,Damaged Product,456.9
ORD042541,2025-11-03,Damaged Product,8462.01
ORD042543,2025-09-09,Changed Mind,2129.76
ORD042554,2024-01-10,Damaged Product,17283.33
ORD042564,2025-06-10,Wrong Product,18783.09
ORD042568,2024-09-02,Wrong Product,7101.34
ORD042583,2025-08-24,Wrong Product,748.24
ORD042638,2025-08-27,Changed Mind,305.37
ORD042639,2025-12-03,Quality Issue,83272.53
ORD042641,2024-11-13,Wrong Product,17061.03
ORD042644,2025-10-30,Changed Mind,69405.21
ORD042646,2024-11-28,Damaged Product,12953.02
ORD042651,2025-10-21,Size/Fit Issue,6579.5
ORD042691,2025-04-20,Changed Mind,2178.92
ORD042708,2025-08-03,Late Delivery,2323.18
ORD042735,2025-11-27,Size/Fit Issue,19635.44
ORD042784,2025-05-20,Damaged Product,1163.17
ORD042788,2025-09-27,Changed Mind,4631.97
ORD042816,2024-07-25,Size/Fit Issue,4649.82
ORD042858,2025-11-09,Damaged Product,29151.95
ORD042885,2024-04-19,Changed Mind,4623.06
ORD042889,2026-01-01,Damaged Product,5724.3
ORD042892,2025-04-28,Wrong Product,882.41
ORD042896,2025-11-08,Wrong Product,3056.0
ORD042917,2025-09-25,Quality Issue,13922.01
ORD042925,2024-08-06,Changed Mind,3088.09
ORD042933,2025-11-04,Late Delivery,9366.01
ORD042935,2025-07-24,Damaged Product,4451.89
ORD042983,2024-11-27,Damaged Product,1181.58
ORD042991,2024-04-06,Damaged Product,9701.81
ORD043030,2025-10-17,Wrong Product,24311.69
ORD043084,2025-12-04,Changed Mind,5829.51
ORD043101,2025-01-27,Changed Mind,6200.2
ORD043108,2024-01-12,Changed Mind,15761.24
ORD043152,2025-05-17,Quality Issue,1190.04
ORD043164,2025-05-19,Damaged Product,11349.86
ORD043170,2026-01-12,Changed Mind,1802.02
ORD043172,2025-04-28,Late Delivery,11122.28
ORD043226,2026-01-01,Late Delivery,2382.53
ORD043232,2024-10-04,Quality Issue,361.42
ORD043250,2024-10-31,Wrong Product,3719.57
ORD043261,2025-10-17,Changed Mind,2073.49
ORD043288,2024-12-31,Damaged Product,14492.34
ORD043316,2025-06-26,Late Delivery,11802.43
ORD043344,2025-04-24,Changed Mind,23016.73
ORD043345,2025-05-11,Damaged Product,16264.06
ORD043360,2024-05-26,Changed Mind,8648.73
ORD043380,2025-04-13,Damaged Product,5851.47
ORD043387,2025-10-23,Changed Mind,8503.45
ORD043394,2025-11-18,Damaged Product,6186.76
ORD043402,2025-03-05,Quality Issue,56090.93
ORD043411,2024-07-03,Damaged Product,11221.55
ORD043424,2025-05-26,Size/Fit Issue,41221.35
ORD043425,2024-04-05,Size/Fit Issue,3133.84
ORD043427,2024-06-01,Damaged Product,8197.44
ORD043450,2026-01-10,Damaged Product,44003.08
ORD043457,2024-12-15,Changed Mind,2229.24
ORD043462,2025-01-27,Quality Issue,4000.61
ORD043497,2025-10-26,Changed Mind,3794.93
ORD043514,2024-12-19,Changed Mind,1885.82
ORD043519,2025-10-10,Changed Mind,23947.12
ORD043522,2024-12-21,Changed Mind,13130.96
ORD043523,2024-11-08,Late Delivery,4982.11
ORD043528,2025-08-17,Damaged Product,40720.57
ORD043535,2025-12-10,Damaged Product,10224.79
ORD043557,2024-05-21,Size/Fit Issue,2374.4
ORD043579,2025-06-20,Changed Mind,2375.96
ORD043597,2024-03-02,Damaged Product,6214.22
ORD043644,2025-01-31,Wrong Product,102611.76
ORD043666,2025-01-30,Damaged Product,3586.09
ORD043686,2025-01-06,Changed Mind,292.09
ORD043701,2025-06-12,Quality Issue,4183.69
ORD043707,2025-05-13,Changed Mind,5848.73
ORD043736,2025-06-22,Late Delivery,2373.66
ORD043766,2024-03-25,Changed Mind,11673.73
ORD043781,2024-08-03,Changed Mind,22003.04
ORD043803,2025-04-16,Damaged Product,9299.03
ORD043814,2025-12-29,Late Delivery,3337.63
ORD043838,2025-02-11,Damaged Product,2514.02
ORD043852,2025-11-21,Damaged Product,13621.5
ORD043877,2025-08-22,Damaged Product,2963.59
ORD043880,2025-10-15,Wrong Product,7828.06
ORD043901,2025-02-04,Size/Fit Issue,3492.43
ORD043932,2025-03-29,Changed Mind,877.74
ORD043951,2025-11-09,Size/Fit Issue,281.52
ORD043964,2025-05-12,Wrong Product,8034.12
ORD043970,2025-02-26,Wrong Product,3532.49
ORD044040,2025-07-10,Wrong Product,8297.55
ORD044043,2025-05-25,Changed Mind,296.26
ORD044053,2024-06-21,Quality Issue,1434.55
ORD044062,2025-05-06,Wrong Product,3539.31
ORD044076,2024-04-04,Quality Issue,1809.52
ORD044093,2024-10-07,Changed Mind,16331.37
ORD044119,2025-11-14,Quality Issue,1602.74
ORD044124,2025-06-25,Late Delivery,3920.02
ORD044144,2025-08-05,Damaged Product,10897.13
ORD044145,2025-02-12,Wrong Product,7679.09
ORD044146,2025-10-20,Quality Issue,15831.65
ORD044170,2025-11-05,Quality Issue,9198.96
ORD044172,2025-11-02,Wrong Product,2469.3
ORD044176,2024-03-15,Wrong Product,2297.01
ORD044184,2025-03-08,Damaged Product,41578.15
ORD044187,2025-07-01,Wrong Product,2353.59
ORD044196,2024-12-31,Late Delivery,9598.62
ORD044213,2025-12-14,Wrong Product,24984.55
ORD044230,2025-02-27,Damaged Product,11831.82
ORD044256,2025-10-31,Damaged Product,582.71
ORD044260,2025-01-09,Size/Fit Issue,45931.82
ORD044262,2025-05-25,Quality Issue,2502.71
ORD044277,2024-12-03,Wrong Product,4938.91
ORD044281,2025-11-29,Changed Mind,2390.75
ORD044282,2026-01-02,Size/Fit Issue,447.65
ORD044284,2025-10-16,Quality Issue,158781.02
ORD044288,2025-09-09,Quality Issue,2483.02
ORD044321,2025-03-25,Changed Mind,120432.05
ORD044323,2024-05-11,Size/Fit Issue,3152.28
ORD044339,2025-06-04,Damaged Product,52754.35
ORD044340,2025-03-27,Size/Fit Issue,10484.41
ORD044346,2025-10-07,Size/Fit Issue,9530.35
ORD044348,2024-05-22,Damaged Product,8493.9
ORD044374,2024-11-26,Quality Issue,275.52
ORD044394,2025-04-13,Quality Issue,719.73
ORD044410,2025-11-20,Wrong Product,6949.85
ORD044421,2025-01-19,Changed Mind,6535.59
ORD044433,2025-12-26,Wrong Product,19247.56
ORD044441,2025-05-29,Quality Issue,22767.03
ORD044445,2024-10-30,Damaged Product,2376.99
ORD044477,2024-12-25,Late Delivery,8202.75
ORD044487,2025-05-25,Quality Issue,3699.59
ORD044510,2026-01-09,Damaged Product,24923.06
ORD044546,2025-05-18,Wrong Product,104681.77
ORD044558,2025-12-08,Wrong Product,2648.63
ORD044563,2025-04-15,Wrong Product,18541.57
ORD044576,2024-01-30,Size/Fit Issue,946.37
ORD044590,2025-01-21,Changed Mind,47435.48
ORD044604,2025-12-10,Late Delivery,77417.69
ORD044612,2024-07-15,Quality Issue,1404.68
ORD044615,2025-11-26,Changed Mind,4807.21
ORD044647,2025-12-25,Changed Mind,495.03
ORD044651,2025-01-20,Size/Fit Issue,8463.36
ORD044672,2025-12-08,Wrong Product,1402.91
ORD044686,2025-12-17,Quality Issue,516.75
ORD044697,2026-01-08,Late Delivery,7669.57
ORD044699,2025-07-28,Quality Issue,85053.58
ORD044727,2024-08-29,Quality Issue,3047.78
ORD044731,2024-03-19,Damaged Product,2564.53
ORD044755,2024-11-11,Quality Issue,111299.87
ORD044761,2025-03-19,Wrong Product,953.19
ORD044809,2025-07-10,Quality Issue,8318.07
ORD044818,2025-11-01,Late Delivery,5607.47
ORD044820,2024-10-02,Size/Fit Issue,1131.05
ORD044825,2025-10-18,Wrong Product,801.06
ORD044836,2025-09-21,Changed Mind,3075.79
ORD044843,2024-09-21,Changed Mind,307.79
ORD044844,2025-09-24,Size/Fit Issue,17819.99
ORD044864,2025-12-26,Size/Fit Issue,8531.34
ORD044865,2026-01-06,Quality Issue,6183.96
ORD044868,2025-02-10,Quality Issue,3820.06
ORD044881,2025-06-27,Wrong Product,7790.87
ORD044922,2025-06-06,Wrong Product,9221.57
ORD044923,2025-09-18,Changed Mind,29172.0
ORD044937,2025-08-18,Quality Issue,35536.74
ORD044960,2025-08-25,Wrong Product,3453.69
ORD044964,2025-03-03,Wrong Product,1871.79
ORD044965,2025-11-23,Changed Mind,6572.53
ORD044992,2024-07-14,Changed Mind,7809.14
ORD045010,2025-05-06,Late Delivery,23087.8
ORD045014,2025-07-18,Size/Fit Issue,3580.96
ORD045019,2025-04-30,Damaged Product,4661.98
ORD045032,2024-09-10,Size/Fit Issue,9999.78
ORD045034,2025-11-08,Wrong Product,14582.07
ORD045049,2025-06-12,Size/Fit Issue,3908.31
ORD045084,2025-08-16,Quality Issue,34888.25
ORD045086,2025-11-06,Changed Mind,24388.5
ORD045094,2024-06-17,Wrong Product,10649.06
ORD045099,2025-09-14,Changed Mind,25212.21
ORD045110,2024-06-15,Size/Fit Issue,4301.65
ORD045126,2025-07-23,Quality Issue,95241.7
ORD045127,2025-01-24,Wrong Product,703.79
ORD045143,2024-07-24,Changed Mind,14322.17
ORD045163,2025-08-16,Damaged Product,1640.12
ORD045170,2025-04-11,Damaged Product,2108.1
ORD045194,2025-12-19,Quality Issue,12295.27
ORD045228,2025-09-25,Size/Fit Issue,1659.52
ORD045234,2025-07-19,Damaged Product,20201.62
ORD045248,2025-11-05,Wrong Product,5073.93
ORD045298,2025-08-05,Damaged Product,2173.94
ORD045314,2024-12-15,Damaged Product,4712.02
ORD045340,2025-09-17,Changed Mind,720.86
ORD045345,2025-08-12,Size/Fit Issue,8006.66
ORD045356,2025-12-02,Quality Issue,9756.68
ORD045371,2025-08-29,Changed Mind,1961.34
ORD045380,2024-06-11,Quality Issue,9944.62
ORD045381,2024-05-27,Damaged Product,7861.74
ORD045390,2025-11-13,Size/Fit Issue,952.31
ORD045396,2025-11-27,Size/Fit Issue,3999.68
ORD045397,2025-07-28,Damaged Product,1717.96
ORD045425,2025-10-24,Changed Mind,5982.96
ORD045426,2025-11-10,Damaged Product,1051.8
ORD045432,2024-11-04,Late Delivery,4455.0
ORD045434,2025-07-09,Changed Mind,1713.96
ORD045476,2025-09-11,Wrong Product,8205.92
ORD045487,2025-06-28,Quality Issue,11240.25
ORD045492,2025-01-07,Damaged Product,571.5
ORD045505,2025-02-05,Wrong Product,6275.22
ORD045579,2025-06-12,Wrong Product,100838.74
ORD045580,2025-09-02,Quality Issue,9681.11
ORD045582,2025-01-11,Damaged Product,5123.28
ORD045614,2024-01-16,Quality Issue,16460.29
ORD045632,2025-02-24,Wrong Product,1180.31
ORD045667,2025-03-16,Quality Issue,3052.77
ORD045674,2025-07-26,Damaged Product,657.0
ORD045697,2025-05-02,Damaged Product,140191.06
ORD045703,2025-10-06,Changed Mind,569.83
ORD045704,2025-06-07,Changed Mind,29959.72
ORD045706,2025-11-20,Wrong Product,9662.19
ORD045727,2025-08-10,Damaged Product,4200.03
ORD045735,2025-06-02,Late Delivery,13523.43
ORD045737,2025-12-10,Quality Issue,1630.42
ORD045740,2026-01-06,Size/Fit Issue,2856.03
ORD045749,2025-12-06,Changed Mind,18980.09
ORD045756,2024-07-26,Size/Fit Issue,86889.69
ORD045758,2025-01-11,Damaged Product,3778.89
ORD045777,2025-10-30,Size/Fit Issue,21807.99
ORD045793,2025-11-17,Quality Issue,5792.66
ORD045794,2025-05-25,Late Delivery,2803.07
ORD045810,2024-12-30,Quality Issue,486.52
ORD045819,2025-08-10,Late Delivery,3695.36
ORD045824,2025-04-19,Changed Mind,3353.13
ORD045880,2025-07-05,Changed Mind,11399.35
ORD045895,2024-10-15,Damaged Product,65309.99
ORD045899,2025-12-07,Wrong Product,15723.93
ORD045903,2025-05-28,Changed Mind,15825.23
ORD045910,2025-10-28,Size/Fit Issue,11214.25
ORD045917,2025-11-06,Quality Issue,1532.69
ORD045933,2025-05-05,Wrong Product,361.2
ORD045965,2024-09-10,Wrong Product,931.65
ORD045966,2024-12-29,Damaged Product,5651.52
ORD045968,2025-07-08,Wrong Product,8336.43
ORD045983,2025-05-26,Wrong Product,2013.75
ORD045988,2024-02-18,Late Delivery,1927.45
ORD045993,2025-03-07,Changed Mind,1831.82
ORD045995,2025-06-01,Changed Mind,3263.28
ORD045998,2024-10-08,Wrong Product,166200.8
ORD046007,2025-12-30,Damaged Product,13046.2
ORD046021,2024-12-05,Wrong Product,1997.23
ORD046030,2024-03-26,Damaged Product,682.33
ORD046103,2025-09-14,Quality Issue,34611.04
ORD046109,2025-06-21,Late Delivery,835.14
ORD046163,2025-02-15,Changed Mind,33295.18
ORD046166,2025-12-16,Damaged Product,5868.41
ORD046185,2024-12-29,Damaged Product,11047.87
ORD046229,2024-10-14,Quality Issue,5600.9
ORD046251,2024-06-27,Changed Mind,10642.39
ORD046253,2025-06-05,Quality Issue,669.65
ORD046287,2025-12-19,Damaged Product,93912.58
ORD046291,2026-01-01,Size/Fit Issue,162.84
ORD046297,2025-09-13,Damaged Product,3684.17
ORD046298,2025-09-04,Quality Issue,40832.84
ORD046309,2025-10-27,Damaged Product,2053.14
ORD046321,2025-10-16,Size/Fit Issue,5113.98
ORD046331,2024-10-03,Size/Fit Issue,39204.44
ORD046345,2026-01-09,Quality Issue,4422.74
ORD046346,2024-11-27,Damaged Product,218.88
ORD046351,2025-01-30,Damaged Product,8294.32
ORD046354,2026-01-12,Late Delivery,1615.42
ORD046406,2025-11-25,Changed Mind,13459.14
ORD046449,2024-03-02,Late Delivery,39387.1
ORD046452,2025-12-31,Damaged Product,9459.29
ORD046455,2024-05-12,Damaged Product,73502.82
ORD046461,2025-11-12,Late Delivery,7433.45
ORD046465,2024-06-03,Damaged Product,20624.34
ORD046476,2024-06-25,Size/Fit Issue,18711.0
ORD046483,2024-11-14,Late Delivery,2417.82
ORD046496,2025-10-24,Changed Mind,1678.84
ORD046524,2025-10-24,Size/Fit Issue,3944.38
ORD046526,2025-06-30,Size/Fit Issue,3928.86
ORD046529,2025-12-10,Size/Fit Issue,8015.77
ORD046593,2025-09-21,Size/Fit Issue,4543.41
ORD046597,2025-01-06,Quality Issue,32988.61
ORD046627,2025-10-03,Quality Issue,43552.39
ORD046635,2024-11-14,Size/Fit Issue,22621.33
ORD046641,2025-09-29,Quality Issue,4478.21
ORD046671,2024-06-30,Changed Mind,9437.08
ORD046677,2024-10-19,Late Delivery,3996.98
ORD046687,2025-11-03,Wrong Product,1155.01
ORD046704,2025-06-22,Damaged Product,17691.28
ORD046747,2024-10-12,Wrong Product,895.89
ORD046764,2025-12-18,Late Delivery,8651.11
ORD046775,2025-01-03,Late Delivery,28839.37
ORD046784,2025-10-23,Damaged Product,420.45
ORD046788,2026-01-11,Late Delivery,8625.0
ORD046790,2025-05-09,Wrong Product,2679.79
ORD046796,2025-01-17,Changed Mind,15981.97
ORD046815,2026-01-02,Damaged Product,8348.6
ORD046844,2025-06-30,Damaged Product,9116.06
ORD046852,2024-10-11,Late Delivery,501.42
ORD046869,2025-02-16,Wrong Product,5841.45
ORD046879,2025-10-07,Damaged Product,3221.28
ORD046880,2025-09-28,Damaged Product,37519.33
ORD046885,2025-08-23,Changed Mind,4013.34
ORD046932,2025-12-16,Size/Fit Issue,1791.42
ORD046938,2025-09-29,Wrong Product,34376.23
ORD046948,2025-12-22,Quality Issue,5555.09
ORD046954,2024-12-16,Damaged Product,6904.23
ORD046959,2024-12-30,Changed Mind,12537.9
ORD046968,2026-01-02,Damaged Product,13472.34
ORD046983,2025-08-28,Quality Issue,3461.19
ORD047011,2025-05-31,Wrong Product,23633.01
ORD047045,2025-07-28,Changed Mind,10810.73
ORD047047,2025-12-10,Damaged Product,4708.27
ORD047070,2024-12-12,Quality Issue,48892.73
ORD047073,2025-08-19,Size/Fit Issue,23077.11
ORD047105,2025-04-05,Quality Issue,2155.03
ORD047107,2025-06-05,Late Delivery,29988.84
ORD047112,2025-12-17,Late Delivery,796.77
ORD047118,2025-11-01,Changed Mind,1910.21
ORD047121,2025-05-17,Wrong Product,2005.41
ORD047134,2025-11-12,Changed Mind,28410.85
ORD047136,2025-10-03,Quality Issue,61791.69
ORD047162,2025-06-18,Damaged Product,8361.81
ORD047194,2025-10-17,Wrong Product,344.4
ORD047206,2025-02-12,Quality Issue,7513.63
ORD047223,2025-12-20,Damaged Product,80491.26
ORD047234,2025-01-16,Quality Issue,6710.14
ORD047253,2025-09-07,Damaged Product,47103.03
ORD047262,2025-05-04,Quality Issue,14919.41
ORD047270,2024-12-19,Changed Mind,20831.42
ORD047276,2024-11-15,Damaged Product,842.64
ORD047303,2025-11-05,Wrong Product,14651.49
ORD047305,2025-12-15,Damaged Product,588.72
ORD047311,2025-12-13,Size/Fit Issue,2256.91
ORD047321,2025-11-21,Damaged Product,3652.42
ORD047328,2024-10-13,Size/Fit Issue,30998.28
ORD047339,2025-11-17,Changed Mind,5786.06
ORD047342,2025-04-09,Wrong Product,11531.58
ORD047365,2025-10-06,Damaged Product,1791.66
ORD047366,2025-12-30,Quality Issue,16636.12
ORD047382,2024-06-17,Changed Mind,5488.34
ORD047391,2025-10-11,Late Delivery,9328.07
ORD047402,2025-07-02,Size/Fit Issue,9441.36
ORD047403,2024-03-10,Changed Mind,5208.48
ORD047416,2025-07-03,Late Delivery,71913.06
ORD047433,2025-05-14,Changed Mind,27292.75
ORD047438,2024-12-02,Wrong Product,859.61
ORD047447,2025-11-09,Damaged Product,1776.7
ORD047461,2025-04-14,Damaged Product,15424.48
ORD047486,2025-08-25,Damaged Product,2796.63
ORD047522,2025-11-05,Changed Mind,1434.29
ORD047529,2025-11-18,Changed Mind,12302.35
ORD047534,2025-11-06,Quality Issue,4838.12
ORD047559,2025-07-18,Quality Issue,6865.73
ORD047572,2025-12-31,Damaged Product,2566.67
ORD047593,2026-01-02,Wrong Product,540.12
ORD047616,2025-04-17,Changed Mind,5814.91
ORD047635,2025-10-24,Changed Mind,566.57
ORD047681,2025-09-09,Quality Issue,88668.12
ORD047700,2024-08-02,Size/Fit Issue,9787.21
ORD047716,2025-04-18,Damaged Product,4098.48
ORD047734,2025-11-30,Wrong Product,5698.26
ORD047738,2025-10-18,Wrong Product,3194.05
ORD047748,2025-11-23,Quality Issue,3444.48
ORD047751,2024-08-14,Size/Fit Issue,529.32
ORD047774,2024-12-24,Wrong Product,3302.36
ORD047804,2024-07-14,Changed Mind,28335.7
ORD047813,2024-11-08,Size/Fit Issue,5905.98
ORD047869,2024-10-27,Size/Fit Issue,674.56
ORD047881,2025-08-24,Late Delivery,4254.15
ORD047902,2024-03-03,Quality Issue,5338.43
ORD047912,2025-08-20,Damaged Product,1454.11
ORD047913,2025-04-08,Size/Fit Issue,4922.64
ORD047915,2025-04-01,Changed Mind,1660.17
ORD047930,2025-11-08,Size/Fit Issue,1029.78
ORD047959,2025-11-22,Damaged Product,4916.4
ORD047965,2025-11-02,Quality Issue,23344.86
ORD047969,2024-11-11,Late Delivery,12102.57
ORD047970,2024-09-10,Wrong Product,1523.43
ORD047972,2025-09-18,Size/Fit Issue,4168.14
ORD047997,2024-09-16,Size/Fit Issue,688.24
ORD048020,2025-04-11,Quality Issue,9320.5
ORD048029,2025-11-29,Changed Mind,1556.33
ORD048125,2025-08-19,Changed Mind,5222.51
ORD048126,2024-11-18,Quality Issue,9369.7
ORD048153,2024-09-01,Damaged Product,2364.83
ORD048162,2025-04-28,Size/Fit Issue,1553.45
ORD048187,2025-10-08,Damaged Product,3589.37
ORD048206,2025-11-25,Changed Mind,1028.05
ORD048220,2025-06-19,Changed Mind,2989.72
ORD048225,2024-05-09,Quality Issue,3001.81
ORD048265,2025-11-29,Wrong Product,120674.69
ORD048280,2026-01-01,Quality Issue,12001.09
ORD048292,2025-07-31,Quality Issue,4438.85
ORD048306,2025-02-05,Quality Issue,3811.62
ORD048321,2025-08-20,Wrong Product,467.55
ORD048324,2025-03-09,Quality Issue,6391.25
ORD048328,2024-11-15,Damaged Product,1608.23
ORD048338,2025-03-13,Damaged Product,137201.11
ORD048339,2024-10-16,Quality Issue,79778.21
ORD048372,2024-12-03,Size/Fit Issue,2221.42
ORD048395,2025-07-14,Wrong Product,48229.4
ORD048486,2025-12-21,Quality Issue,2646.44
ORD048487,2025-02-17,Changed Mind,17825.0
ORD048497,2025-12-03,Damaged Product,41595.89
ORD048508,2025-07-08,Quality Issue,2153.38
ORD048533,2025-07-11,Late Delivery,10011.87
ORD048565,2025-11-04,Late Delivery,75058.27
ORD048586,2025-11-03,Size/Fit Issue,10838.68
ORD048597,2025-10-23,Size/Fit Issue,6082.09
ORD048599,2025-03-03,Quality Issue,46661.35
ORD048601,2025-12-10,Quality Issue,5608.33
ORD048605,2025-09-30,Changed Mind,1567.55
ORD048624,2025-12-28,Wrong Product,54322.06
ORD048658,2024-06-29,Damaged Product,2939.56
ORD048659,2025-08-13,Wrong Product,3270.44
ORD048664,2025-07-10,Size/Fit Issue,3290.71
ORD048681,2024-05-28,Late Delivery,3158.22
ORD048684,2025-04-13,Quality Issue,256.59
ORD048694,2025-12-27,Wrong Product,8049.56
ORD048698,2025-08-01,Damaged Product,4475.37
ORD048718,2025-10-30,Size/Fit Issue,7730.04
ORD048720,2024-11-12,Wrong Product,126426.25
ORD048731,2024-11-24,Changed Mind,3778.7
ORD048758,2024-11-04,Damaged Product,3700.05
ORD048762,2024-12-11,Quality Issue,1060.45
ORD048769,2025-12-01,Damaged Product,3804.77
ORD048784,2025-06-21,Late Delivery,4078.72
ORD048785,2024-11-10,Damaged Product,1407.83
ORD048789,2026-01-01,Damaged Product,844.11
ORD048892,2024-12-31,Late Delivery,5196.63
ORD048906,2024-12-30,Quality Issue,12115.82
ORD048913,2024-10-14,Wrong Product,2189.79
ORD048922,2024-03-31,Changed Mind,6471.98
ORD048931,2025-05-04,Damaged Product,4631.92
ORD048933,2025-10-29,Damaged Product,146205.51
ORD048940,2025-05-23,Changed Mind,28970.31
ORD048942,2025-08-13,Quality Issue,5360.87
ORD048943,2025-04-15,Quality Issue,3026.22
ORD048961,2025-06-16,Changed Mind,7696.11
ORD048965,2025-03-23,Size/Fit Issue,12635.8
ORD049004,2024-07-02,Changed Mind,2237.79
ORD049026,2025-01-04,Wrong Product,7144.86
ORD049032,2025-11-29,Size/Fit Issue,665.83
ORD049034,2025-05-16,Quality Issue,12991.83
ORD049039,2025-08-19,Changed Mind,9357.83
ORD049060,2025-02-11,Changed Mind,5922.33
ORD049071,2024-01-11,Wrong Product,17716.21
ORD049113,2025-08-31,Damaged Product,19125.37
ORD049129,2025-09-14,Wrong Product,13302.55
ORD049171,2025-11-16,Size/Fit Issue,416.18
ORD049173,2025-04-13,Damaged Product,13048.55
ORD049179,2025-09-30,Changed Mind,1673.95
ORD049195,2024-12-30,Size/Fit Issue,6779.04
ORD049196,2026-01-03,Changed Mind,8289.78
ORD049241,2024-01-22,Damaged Product,6795.96
ORD049255,2025-03-09,Changed Mind,43168.13
ORD049258,2024-10-29,Quality Issue,11579.66
ORD049259,2024-08-28,Wrong Product,4373.8
ORD049270,2024-02-15,Changed Mind,2908.42
ORD049277,2024-03-08,Wrong Product,21469.44
ORD049309,2025-10-29,Size/Fit Issue,9939.52
ORD049314,2025-01-30,Wrong Product,24881.25
ORD049316,2025-11-21,Wrong Product,308.8
ORD049342,2025-01-25,Quality Issue,5366.69
ORD049354,2025-07-05,Size/Fit Issue,7753.27
ORD049360,2025-09-05,Changed Mind,68092.99
ORD049368,2024-10-27,Quality Issue,444.84
ORD049381,2025-12-10,Size/Fit Issue,1401.75
ORD049383,2025-11-15,Changed Mind,766.6
ORD049432,2025-08-11,Damaged Product,6811.4
ORD049457,2024-10-18,Quality Issue,2219.54
ORD049459,2025-05-26,Damaged Product,10409.19
ORD049463,2025-04-12,Quality Issue,2573.98
ORD049471,2024-12-28,Damaged Product,813.66
ORD049499,2025-10-28,Damaged Product,18446.6
ORD049501,2025-09-22,Quality Issue,20024.67
ORD049505,2025-05-07,Quality Issue,74045.28
ORD049531,2024-02-25,Damaged Product,10701.07
ORD049557,2025-11-15,Damaged Product,546.95
ORD049559,2024-01-31,Quality Issue,18836.78
ORD049591,2025-11-02,Quality Issue,6424.69
ORD049614,2025-10-13,Damaged Product,41586.12
ORD049623,2025-11-10,Changed Mind,21695.89
ORD049658,2025-04-15,Wrong Product,1118.18
ORD049680,2025-05-06,Changed Mind,12150.69
ORD049686,2024-05-23,Changed Mind,270.87
ORD049690,2025-10-27,Damaged Product,368.05
ORD049710,2025-08-25,Changed Mind,16058.24
ORD049731,2024-02-11,Damaged Product,5584.61
ORD049734,2025-12-16,Changed Mind,8735.07
ORD049742,2025-12-03,Size/Fit Issue,42533.28
ORD049759,2025-01-04,Late Delivery,310.78
ORD049762,2025-04-13,Late Delivery,7527.65
ORD049773,2024-09-19,Damaged Product,264.38
ORD049776,2025-08-09,Size/Fit Issue,32086.1
ORD049781,2024-08-03,Wrong Product,2563.6
ORD049796,2024-04-07,Size/Fit Issue,1843.19
ORD049797,2025-10-29,Size/Fit Issue,21314.06
ORD049813,2025-11-26,Quality Issue,5755.58
ORD049833,2025-10-25,Damaged Product,9166.03
ORD049834,2025-08-25,Late Delivery,1186.57
ORD049835,2025-08-23,Late Delivery,82515.71
ORD049882,2025-09-10,Quality Issue,67169.58
ORD049889,2024-04-14,Wrong Product,23878.29
ORD049925,2025-03-20,Changed Mind,6588.87
ORD049930,2024-07-15,Late Delivery,3232.64
ORD049932,2024-06-27,Changed Mind,66470.46
ORD049933,2025-12-30,Quality Issue,25556.41
ORD049954,2025-06-28,Damaged Product,44190.58
ORD049970,2024-09-29,Damaged Product,69981.19
